Rainfall_1h_mm,Rainfall_24h_mm,Rainfall_3d_mm,Rainfall_7d_mm,Water_Level_m,Water_Trend_m,Humidity_percent,Temperature_C,Max_Situation_Level,Overbank_Count,Warning_Station_Count,Critical_Station_Count,Risk
3.5,93.47,164.73,233.04,1.1,-0.16,62.51,26.99,3,0,2,0,HIGH
0.8,53.46,62.06,185.81,0.61,-0.135,69.48,34.34,1,0,0,0,LOW
11.92,52.04,91.1,165.87,1.46,-0.154,77.54,28.58,1,0,0,0,LOW
5.6,22.3,46.0,149.36,0.87,-0.233,78.48,34.74,1,0,0,0,LOW
5.83,26.31,122.64,126.04,1.67,0.12,80.92,29.36,3,0,2,0,HIGH
12.61,126.82,235.09,416.54,1.87,-0.254,75.61,32.56,5,2,2,1,HIGH
6.95,97.85,405.56,461.45,0.88,0.06,88.32,30.03,4,0,1,1,HIGH
8.35,67.75,134.5,373.13,0.68,-0.196,66.15,32.11,1,0,0,0,LOW
5.15,17.35,101.43,125.54,0.97,-0.162,69.5,32.87,1,0,0,0,LOW
6.57,92.35,174.18,248.96,0.96,0.01,76.35,32.58,1,0,0,0,MEDIUM
4.81,8.84,116.76,307.33,1.73,0.197,80.12,30.99,4,0,3,0,HIGH
6.01,153.57,255.35,362.43,0.05,0.298,60.09,25.17,1,0,0,0,MEDIUM
11.95,22.57,121.84,213.84,0.88,0.106,70.79,28.15,1,0,0,0,LOW
3.81,23.79,73.15,80.97,0.85,0.022,79.85,28.54,1,0,0,0,LOW
2.12,5.75,27.43,70.54,1.57,0.07,78.17,30.67,1,0,0,0,LOW
2.29,16.2,110.3,238.01,1.4,-0.184,63.63,28.96,3,0,3,0,MEDIUM
4.65,38.74,110.44,142.87,0.87,0.039,61.52,23.65,1,0,0,0,LOW
13.63,65.26,168.32,231.32,1.38,0.186,63.66,25.51,2,0,0,0,MEDIUM
3.17,35.52,59.54,264.23,0.72,-0.178,79.56,27.33,1,0,0,0,LOW
4.62,58.62,186.29,337.17,1.37,0.159,72.79,28.2,3,0,2,0,HIGH
10.85,47.84,206.33,277.63,1.17,0.033,67.75,30.27,1,0,0,0,LOW
8.64,65.13,84.4,130.9,1.38,0.086,79.28,26.01,1,0,0,0,MEDIUM
3.38,5.2,56.59,257.0,1.85,-0.105,93.27,28.73,1,0,0,0,LOW
11.55,30.17,47.93,207.44,0.7,0.038,96.52,26.45,4,0,2,2,HIGH
30.09,81.14,162.75,282.7,0.05,0.046,90.34,26.09,1,0,0,0,MEDIUM
36.31,53.38,112.46,257.85,1.09,-0.208,74.68,26.94,1,0,0,0,LOW
3.61,37.85,95.64,126.83,0.05,0.089,71.68,28.53,1,0,0,0,LOW
13.57,65.52,120.38,245.3,0.18,0.066,92.95,34.07,2,0,0,0,MEDIUM
15.15,28.49,83.29,142.03,1.51,0.128,65.37,32.29,1,0,0,0,MEDIUM
7.2,34.43,108.25,170.84,0.51,0.119,99.56,26.18,1,0,0,0,LOW
9.19,84.04,112.46,281.03,0.86,0.124,75.09,27.74,1,0,0,0,LOW
4.46,28.61,65.02,337.1,1.86,-0.059,81.56,32.49,2,0,0,0,MEDIUM
2.78,42.32,89.46,298.33,0.86,0.09,57.51,29.89,1,0,0,0,LOW
1.63,45.65,117.79,192.73,0.68,-0.006,99.62,30.22,2,0,0,0,LOW
18.28,64.6,111.33,178.47,0.96,-0.018,81.76,24.98,4,0,2,1,HIGH
9.0,35.13,65.71,227.07,1.14,-0.007,90.59,28.69,4,0,1,1,HIGH
8.41,18.7,48.83,367.1,0.99,0.274,65.57,26.76,2,0,0,0,MEDIUM
3.86,55.15,123.78,184.55,1.03,0.031,87.66,30.77,1,0,0,0,LOW
4.34,35.55,141.4,197.63,0.72,0.137,96.5,33.86,1,0,0,0,LOW
10.45,70.37,200.52,241.53,0.38,0.167,79.74,29.22,1,0,0,0,LOW
4.05,32.76,102.54,166.34,1.02,0.112,81.43,26.41,1,0,0,0,LOW
6.31,42.91,185.96,366.57,1.46,0.134,81.25,35.0,1,0,0,0,MEDIUM
3.78,32.0,68.05,162.43,1.57,0.265,78.85,29.22,1,0,0,0,LOW
4.14,35.27,78.07,194.45,0.82,-0.173,75.57,34.64,3,0,3,0,MEDIUM
10.53,53.64,121.55,178.64,1.2,0.306,85.01,28.39,1,0,0,0,MEDIUM
2.11,70.21,158.18,204.92,1.64,-0.059,76.36,31.58,2,0,0,0,MEDIUM
6.21,75.58,104.1,271.43,0.68,0.046,98.5,28.54,3,0,2,0,MEDIUM
12.25,53.98,75.17,248.68,1.2,-0.184,78.34,39.68,1,0,0,0,LOW
0.72,18.49,51.13,109.85,1.32,-0.17,65.25,29.6,1,0,0,0,LOW
1.99,34.14,63.11,98.84,2.13,0.249,63.66,25.43,1,0,0,0,MEDIUM
27.82,56.58,70.65,142.95,1.32,0.034,63.8,27.88,5,2,0,1,HIGH
8.96,42.36,45.03,142.32,0.99,0.038,94.53,26.35,4,0,1,0,MEDIUM
2.65,28.33,66.47,252.33,1.7,0.223,80.8,28.1,1,0,0,0,MEDIUM
7.16,67.63,103.13,186.17,0.92,0.108,63.99,28.45,4,0,1,0,HIGH
5.38,21.42,66.42,145.69,0.73,-0.09,92.39,31.03,1,0,0,0,LOW
8.6,29.6,77.75,91.47,0.68,0.056,73.83,32.59,1,0,0,0,LOW
10.93,88.88,173.13,370.05,0.84,0.129,70.44,31.62,1,0,0,0,MEDIUM
16.71,114.56,178.93,282.98,1.56,0.145,100.0,29.59,3,0,0,0,HIGH
0.37,8.34,95.4,385.72,1.31,0.263,83.94,24.23,1,0,0,0,MEDIUM
4.22,93.75,130.39,254.49,0.37,0.043,69.24,30.25,3,0,1,0,MEDIUM
22.73,35.59,124.29,204.37,1.69,0.279,66.99,24.5,1,0,0,0,MEDIUM
13.01,41.17,76.15,91.12,0.81,-0.149,89.98,28.52,1,0,0,0,LOW
10.49,20.58,69.93,271.26,1.41,0.097,68.55,25.22,1,0,0,0,LOW
4.89,54.18,168.03,205.13,1.08,0.1,78.72,27.62,1,0,0,0,LOW
15.6,63.53,163.49,277.32,0.93,0.085,71.2,25.58,1,0,0,0,MEDIUM
19.39,43.55,210.55,316.08,1.46,0.151,67.74,30.32,4,0,1,0,HIGH
22.21,24.24,97.07,136.78,0.78,0.179,92.19,20.16,1,0,0,0,LOW
2.6,37.4,136.4,337.68,0.1,0.097,86.95,28.13,3,0,2,0,MEDIUM
2.48,35.35,68.25,200.1,1.32,0.069,70.31,22.05,1,0,0,0,MEDIUM
1.56,10.71,94.51,204.07,0.94,0.117,75.08,29.0,1,0,0,0,LOW
28.91,87.78,134.53,215.06,1.25,0.088,70.22,26.39,3,0,3,0,HIGH
24.4,52.14,84.72,244.91,0.09,0.054,64.48,28.94,1,0,0,0,LOW
0.25,72.41,153.59,201.57,0.49,-0.013,87.62,32.71,2,0,0,0,LOW
1.66,40.57,104.11,134.07,0.63,-0.016,69.28,33.05,1,0,0,0,LOW
8.73,18.87,62.97,118.5,1.37,-0.052,79.51,30.96,5,1,3,1,HIGH
21.33,34.74,208.94,298.65,1.48,-0.159,62.56,30.11,2,0,0,0,MEDIUM
11.2,48.16,86.52,230.88,1.23,-0.007,70.86,31.59,1,0,0,0,LOW
8.55,43.61,71.56,131.16,0.93,0.146,81.26,26.74,1,0,0,0,LOW
5.98,41.59,113.13,249.71,0.96,0.249,93.64,30.27,3,0,0,0,MEDIUM
3.29,82.76,205.6,324.01,1.17,-0.091,84.24,26.65,1,0,0,0,MEDIUM
1.64,42.68,110.54,188.05,0.45,-0.385,64.2,31.1,1,0,0,0,LOW
0.4,130.53,236.66,384.12,1.09,-0.045,77.41,31.83,3,0,2,0,HIGH
12.81,50.83,67.71,115.96,0.83,0.206,81.97,28.63,1,0,0,0,LOW
42.99,85.22,142.33,187.93,0.86,-0.019,77.64,28.14,1,0,0,0,MEDIUM
2.98,69.49,113.71,188.07,1.72,0.157,64.66,28.01,2,0,0,0,MEDIUM
3.05,103.94,147.78,210.76,0.23,0.22,83.83,27.94,2,0,0,0,MEDIUM
12.82,27.38,100.14,165.97,0.94,0.06,74.22,32.99,1,0,0,0,LOW
19.44,50.42,118.15,225.97,0.49,-0.312,91.33,31.53,1,0,0,0,LOW
11.36,17.74,75.52,206.73,0.94,0.036,85.76,34.12,1,0,0,0,LOW
18.39,88.63,213.57,256.86,0.84,0.177,88.66,37.62,1,0,0,0,MEDIUM
5.04,55.03,147.67,166.12,1.19,0.083,70.87,28.48,4,0,1,0,HIGH
26.22,52.42,60.43,143.55,1.16,0.224,66.86,34.67,5,1,3,2,HIGH
11.87,48.95,98.76,176.42,1.53,-0.213,91.3,25.45,1,0,0,0,LOW
3.75,122.15,187.6,284.72,0.62,-0.091,65.41,31.79,1,0,0,0,LOW
16.32,43.48,66.82,234.65,1.35,-0.017,84.48,28.17,1,0,0,0,LOW
6.17,72.8,118.34,225.19,1.66,-0.101,83.38,30.53,3,0,1,0,MEDIUM
10.21,50.7,154.32,229.01,0.62,-0.029,95.31,28.16,1,0,0,0,LOW
5.33,44.16,112.83,136.57,1.24,-0.05,80.83,28.85,1,0,0,0,LOW
11.25,18.69,91.2,227.18,1.36,0.126,83.42,23.78,3,0,3,0,HIGH
5.32,23.51,39.43,82.94,0.69,0.012,62.76,26.21,1,0,0,0,LOW
9.06,12.85,130.54,211.24,0.48,0.089,77.57,23.31,4,0,3,0,HIGH
1.52,43.56,101.62,189.72,1.29,0.164,74.26,27.1,1,0,0,0,LOW
9.81,106.29,264.5,491.99,1.58,-0.069,67.17,33.08,5,2,2,0,HIGH
8.21,15.14,135.31,187.01,0.85,0.069,66.4,25.38,4,0,1,1,HIGH
10.12,99.48,166.75,241.07,1.23,-0.009,100.0,29.55,1,0,0,0,MEDIUM
8.87,41.69,134.73,209.67,0.19,0.057,95.49,32.21,2,0,0,0,LOW
9.0,30.23,135.33,250.68,0.91,-0.035,97.09,32.65,1,0,0,0,LOW
4.64,16.93,87.83,261.03,1.04,0.283,89.32,28.51,2,0,0,0,MEDIUM
11.9,122.63,127.81,204.48,0.3,-0.052,55.08,23.08,2,0,0,0,MEDIUM
4.82,71.56,138.66,234.46,0.92,0.017,78.43,30.52,1,0,0,0,MEDIUM
13.91,43.42,86.14,634.49,0.89,-0.123,60.8,28.91,1,0,0,0,LOW
7.72,61.0,105.13,203.79,0.61,0.059,85.84,26.61,3,0,2,0,MEDIUM
4.01,14.1,116.72,206.22,1.05,0.036,80.54,33.7,1,0,0,0,LOW
1.38,11.77,74.81,207.31,0.47,-0.069,75.9,24.12,2,0,0,0,LOW
1.41,31.41,225.18,266.54,0.62,0.117,70.4,29.95,1,0,0,0,LOW
4.44,42.58,76.42,106.75,0.98,-0.013,85.88,29.02,3,0,1,0,MEDIUM
9.82,37.83,137.44,197.38,1.06,0.032,85.46,27.36,2,0,0,0,MEDIUM
3.75,60.99,77.85,132.52,0.35,0.019,70.43,27.38,1,0,0,0,LOW
2.39,12.41,88.88,148.82,1.39,-0.248,77.95,26.28,1,0,0,0,LOW
6.11,28.14,187.07,252.47,0.5,0.274,70.76,33.0,1,0,0,0,LOW
21.1,101.24,150.31,208.43,1.15,-0.106,86.05,34.53,3,0,3,0,HIGH
12.21,34.91,59.22,163.87,0.9,-0.012,84.14,28.78,2,0,0,0,LOW
10.61,69.78,95.72,117.76,1.28,-0.004,94.54,35.03,1,0,0,0,LOW
35.94,96.99,185.31,330.97,0.4,-0.039,79.44,30.24,2,0,0,0,MEDIUM
12.04,39.16,341.2,395.64,1.08,0.061,71.04,20.63,1,0,0,0,MEDIUM
6.88,54.16,84.33,120.93,1.24,-0.11,68.85,28.89,1,0,0,0,LOW
6.61,26.7,85.57,143.41,1.41,0.144,89.29,34.89,1,0,0,0,LOW
14.59,71.05,111.51,225.93,1.02,-0.049,75.39,28.75,1,0,0,0,LOW
5.82,52.79,127.48,216.87,1.12,-0.006,91.06,26.19,1,0,0,0,MEDIUM
8.43,21.05,73.08,144.68,1.28,-0.018,83.21,31.04,1,0,0,0,LOW
18.71,27.65,47.55,107.54,0.51,0.059,81.18,32.26,1,0,0,0,LOW
1.6,48.31,119.37,209.02,0.88,0.118,79.49,27.5,1,0,0,0,MEDIUM
1.0,29.87,71.51,326.18,1.28,0.047,72.11,26.25,2,0,0,0,MEDIUM
12.09,97.82,211.25,260.54,1.14,-0.126,92.93,29.79,1,0,0,0,MEDIUM
3.91,68.1,122.97,288.78,0.98,0.126,78.36,30.46,2,0,0,0,MEDIUM
2.02,17.8,82.61,137.98,1.19,0.08,80.59,33.73,1,0,0,0,LOW
7.53,17.82,105.13,129.0,0.99,-0.088,90.22,26.88,1,0,0,0,LOW
20.97,35.72,126.68,242.92,0.78,0.003,81.97,28.21,4,0,3,1,HIGH
10.56,70.79,119.67,296.29,0.67,0.194,71.23,28.62,1,0,0,0,LOW
4.72,25.69,52.23,67.57,0.76,-0.055,100.0,32.06,3,0,1,0,LOW
14.82,66.74,168.09,216.55,0.05,-0.169,79.33,29.66,3,0,1,0,MEDIUM
16.64,45.63,93.18,263.12,0.91,0.212,77.31,27.95,2,0,0,0,MEDIUM
7.55,16.2,84.16,237.71,0.81,0.076,91.45,27.96,1,0,0,0,LOW
1.68,20.3,65.62,131.86,1.24,-0.171,83.69,34.87,3,0,0,0,LOW
15.0,64.95,146.02,201.9,0.6,0.066,61.71,29.11,1,0,0,0,LOW
7.69,11.55,134.22,296.94,0.76,-0.039,97.76,28.91,3,0,3,0,MEDIUM
4.05,64.77,191.27,354.18,0.97,-0.043,55.78,25.67,1,0,0,0,MEDIUM
3.04,71.18,121.64,230.79,1.47,0.204,82.84,30.04,1,0,0,0,MEDIUM
3.95,59.8,105.99,131.57,0.77,0.074,84.25,32.67,3,0,2,0,MEDIUM
6.63,41.28,76.86,195.87,0.81,0.126,80.28,28.74,1,0,0,0,LOW
43.84,76.33,178.15,259.06,0.38,-0.048,81.12,24.06,1,0,0,0,MEDIUM
9.08,38.24,136.62,179.74,0.67,-0.095,93.7,31.83,1,0,0,0,LOW
4.12,19.24,70.71,164.27,1.5,-0.066,89.44,31.38,1,0,0,0,LOW
16.05,19.04,185.99,347.79,0.34,-0.071,96.32,26.92,1,0,0,0,LOW
7.73,36.97,43.37,118.02,0.76,0.129,68.92,19.6,2,0,0,0,MEDIUM
6.67,23.93,61.94,226.17,1.45,-0.099,96.1,32.04,3,0,0,0,MEDIUM
4.05,53.02,177.65,311.18,0.83,0.055,79.16,28.96,4,0,0,2,HIGH
5.79,34.29,117.91,379.3,0.78,0.199,68.44,30.79,2,0,0,0,MEDIUM
3.02,59.54,103.41,237.75,1.09,-0.07,71.45,36.56,1,0,0,0,LOW
8.61,19.21,54.59,101.78,0.42,0.343,89.89,23.46,3,0,3,0,MEDIUM
3.09,11.4,33.82,114.0,0.49,-0.412,84.9,29.34,1,0,0,0,LOW
13.99,26.68,62.05,261.72,1.27,0.215,82.43,30.07,1,0,0,0,LOW
3.66,7.18,156.34,291.51,1.06,-0.02,80.08,32.73,1,0,0,0,LOW
9.23,15.53,202.46,365.36,1.35,0.2,74.68,26.46,4,0,1,1,HIGH
5.49,39.76,71.96,221.7,1.03,0.192,78.22,24.52,4,0,2,2,HIGH
2.53,96.35,125.99,253.73,0.84,0.175,65.96,27.07,1,0,0,0,MEDIUM
4.44,43.43,63.09,159.63,0.05,-0.054,87.58,27.35,2,0,0,0,LOW
4.63,75.74,153.36,293.14,0.84,0.236,64.08,26.66,2,0,0,0,MEDIUM
9.88,29.43,114.67,249.7,0.77,-0.006,62.68,29.54,1,0,0,0,LOW
2.07,43.69,61.67,131.5,1.01,-0.036,73.12,32.49,1,0,0,0,LOW
12.12,30.41,48.63,259.77,1.06,0.125,89.76,29.03,3,0,1,0,MEDIUM
4.03,26.83,143.88,217.46,0.38,-0.019,100.0,25.97,1,0,0,0,LOW
5.18,51.62,143.33,248.09,0.58,0.059,84.71,29.91,1,0,0,0,LOW
10.37,45.61,57.53,122.4,1.14,-0.088,70.23,28.47,2,0,0,0,LOW
5.52,71.63,138.31,208.55,1.61,-0.019,77.39,34.01,2,0,0,0,MEDIUM
13.62,30.19,65.69,213.98,0.45,0.295,90.44,28.95,1,0,0,0,LOW
0.36,84.6,112.0,182.31,1.32,-0.15,68.72,32.82,2,0,0,0,LOW
2.55,51.67,66.7,193.03,1.38,0.063,84.6,27.26,5,3,3,2,HIGH
23.12,39.63,61.95,182.51,1.3,0.156,78.54,25.77,2,0,0,0,MEDIUM
14.28,103.47,205.05,309.66,0.8,0.045,78.18,26.68,1,0,0,0,MEDIUM
2.48,23.58,46.54,76.69,0.45,-0.2,82.47,32.71,1,0,0,0,LOW
8.88,31.46,62.87,395.43,1.73,-0.15,84.11,30.61,1,0,0,0,MEDIUM
27.51,49.08,123.0,316.81,0.92,-0.01,92.77,31.49,1,0,0,0,MEDIUM
3.74,93.16,121.41,185.37,0.9,-0.353,96.92,32.48,1,0,0,0,LOW
15.52,29.2,84.48,184.14,1.69,-0.136,81.92,33.33,1,0,0,0,LOW
4.27,36.43,42.99,98.49,1.1,0.061,85.08,25.3,1,0,0,0,LOW
1.65,69.37,157.33,278.06,1.75,0.16,71.7,25.4,1,0,0,0,MEDIUM
3.34,36.41,148.1,198.46,0.7,0.212,71.28,26.94,2,0,0,0,LOW
6.51,29.42,87.51,253.82,0.46,0.191,61.74,26.73,1,0,0,0,LOW
14.31,59.58,98.35,233.22,1.34,0.23,80.41,22.8,1,0,0,0,MEDIUM
6.06,36.42,55.56,80.34,1.41,-0.035,81.59,31.98,3,0,2,0,MEDIUM
10.25,29.26,117.29,250.87,0.27,0.048,87.64,30.75,5,3,2,0,HIGH
19.28,86.9,188.39,248.06,0.75,0.121,76.69,29.31,1,0,0,0,MEDIUM
0.4,23.45,80.19,201.53,1.68,0.217,67.14,30.06,1,0,0,0,LOW
7.83,31.33,69.37,127.78,1.05,0.111,76.79,29.53,4,0,2,2,HIGH
4.27,40.91,110.97,122.72,1.23,-0.005,89.69,27.94,5,2,1,1,HIGH
11.26,91.32,161.97,317.88,0.05,-0.249,73.5,32.01,1,0,0,0,LOW
18.71,29.49,120.99,179.05,1.49,0.006,70.31,32.6,1,0,0,0,LOW
1.2,12.2,53.99,210.03,0.42,0.077,84.26,26.59,4,0,0,0,MEDIUM
11.67,59.39,192.25,231.84,0.46,0.207,71.01,28.01,1,0,0,0,LOW
5.74,21.86,114.05,215.91,2.24,-0.093,83.03,22.59,4,0,0,2,HIGH
8.61,58.92,171.88,304.54,1.72,0.094,78.16,23.74,4,0,0,1,HIGH
1.42,14.47,64.82,208.71,0.05,-0.114,84.98,32.41,1,0,0,0,LOW
8.06,25.26,38.16,46.9,1.74,-0.129,88.6,31.9,4,0,0,2,HIGH
22.57,59.82,152.86,375.85,0.24,-0.479,68.09,27.92,1,0,0,0,LOW
10.58,25.17,153.52,324.13,1.09,0.007,67.15,30.28,1,0,0,0,LOW
3.56,29.21,127.27,206.75,0.92,0.193,81.63,28.21,1,0,0,0,LOW
4.53,52.75,321.81,343.5,1.61,-0.114,83.73,30.52,3,0,2,0,HIGH
27.67,47.23,92.39,146.01,1.03,0.045,73.6,29.0,5,2,3,2,HIGH
18.44,28.17,234.94,397.97,1.71,0.096,72.83,30.62,1,0,0,0,MEDIUM
10.73,58.72,150.75,189.96,1.33,-0.017,65.84,30.98,3,0,0,0,MEDIUM
11.06,52.02,93.74,343.61,1.19,-0.094,73.83,28.46,2,0,0,0,LOW
3.9,13.24,38.68,56.78,0.81,0.129,84.06,32.68,1,0,0,0,LOW
15.02,27.94,43.65,83.35,0.39,0.102,77.07,30.23,3,0,0,0,MEDIUM
10.84,37.66,131.7,190.82,0.19,-0.09,81.45,24.32,1,0,0,0,LOW
7.92,120.37,151.14,246.29,1.08,-0.051,76.99,32.09,1,0,0,0,LOW
12.6,86.97,108.6,372.63,0.79,0.038,78.11,28.45,1,0,0,0,LOW
20.33,91.88,116.23,240.44,1.55,0.055,86.73,25.19,1,0,0,0,MEDIUM
3.11,33.79,100.73,303.0,0.96,0.108,74.43,29.6,4,0,3,1,HIGH
17.1,65.02,91.64,202.64,0.61,-0.055,71.87,32.57,4,0,2,0,MEDIUM
8.14,59.47,76.6,295.01,0.74,0.1,81.14,35.77,1,0,0,0,LOW
3.28,26.39,265.35,425.57,1.07,0.221,88.95,26.55,3,0,1,0,HIGH
26.11,37.32,63.08,147.73,2.14,-0.016,84.11,25.25,1,0,0,0,MEDIUM
12.66,63.72,94.67,222.3,1.26,0.099,78.8,26.42,1,0,0,0,MEDIUM
1.57,7.86,42.1,90.27,1.39,-0.149,69.33,30.11,4,0,3,1,HIGH
4.11,21.9,111.77,132.96,0.82,0.222,77.3,24.15,1,0,0,0,LOW
7.67,51.61,66.02,137.68,0.95,0.013,78.65,27.0,2,0,0,0,LOW
6.29,66.67,195.26,334.28,0.52,0.024,62.75,22.84,1,0,0,0,LOW
2.84,24.51,184.04,467.22,0.66,0.115,70.58,38.06,1,0,0,0,LOW
17.51,106.11,138.78,181.83,0.05,0.081,90.8,27.42,1,0,0,0,LOW
4.03,28.85,76.61,182.11,0.37,0.325,91.0,28.96,3,0,3,0,MEDIUM
6.41,18.03,133.99,235.14,0.05,0.286,63.48,27.13,1,0,0,0,LOW
26.31,35.56,79.75,188.48,1.41,0.264,84.08,28.73,1,0,0,0,MEDIUM
2.84,66.42,269.57,459.05,1.25,0.134,100.0,30.2,1,0,0,0,MEDIUM
6.34,26.6,39.87,152.2,1.21,0.091,78.1,20.16,2,0,0,0,MEDIUM
8.56,29.1,79.54,217.88,0.38,0.353,83.07,27.7,1,0,0,0,LOW
1.76,50.07,90.25,303.98,1.43,-0.001,77.78,28.99,1,0,0,0,MEDIUM
15.88,65.34,137.0,170.81,0.78,0.045,65.68,27.67,1,0,0,0,LOW
8.28,26.72,39.58,126.75,1.74,0.056,85.09,30.01,2,0,0,0,MEDIUM
17.87,36.59,169.66,225.38,1.59,-0.018,81.35,28.0,1,0,0,0,MEDIUM
10.32,33.18,99.69,181.48,0.42,0.1,56.15,29.85,4,0,0,1,MEDIUM
2.56,39.47,115.71,161.44,0.5,-0.083,65.57,30.29,1,0,0,0,LOW
1.65,19.79,50.99,172.36,0.47,0.136,78.74,29.01,1,0,0,0,LOW
9.41,59.83,209.76,555.6,0.35,0.122,91.63,23.84,2,0,0,0,MEDIUM
2.34,27.12,66.61,184.31,1.16,0.096,77.01,27.83,1,0,0,0,LOW
6.6,16.41,55.94,118.05,0.15,-0.009,63.19,31.11,1,0,0,0,LOW
3.69,39.4,78.67,101.1,0.85,-0.015,80.11,28.02,5,2,1,0,HIGH
10.8,21.03,56.82,123.13,0.67,0.222,58.7,30.79,1,0,0,0,LOW
1.96,24.03,79.24,234.97,0.31,-0.073,63.45,36.87,2,0,0,0,LOW
10.26,38.7,70.11,268.37,1.04,0.223,91.53,27.88,5,3,1,1,HIGH
3.05,27.5,100.08,275.39,1.39,0.074,78.57,27.29,1,0,0,0,MEDIUM
11.97,23.84,33.19,109.65,0.96,0.073,82.13,31.65,1,0,0,0,LOW
28.19,91.71,121.24,167.86,1.28,-0.083,65.34,29.11,1,0,0,0,LOW
2.5,24.81,74.37,173.46,1.57,-0.047,86.7,28.92,1,0,0,0,LOW
2.94,9.64,239.23,289.72,0.79,-0.031,89.16,27.65,4,0,2,1,HIGH
17.97,34.3,113.24,356.89,1.72,-0.082,60.22,30.57,4,0,3,0,HIGH
11.68,36.63,193.5,303.05,1.71,0.577,85.41,31.04,2,0,0,0,HIGH
9.42,65.19,155.92,289.28,1.19,0.174,65.19,34.79,2,0,0,0,MEDIUM
3.97,47.83,171.24,252.34,1.82,-0.078,78.7,35.11,3,0,0,0,MEDIUM
7.53,14.52,116.5,181.47,1.05,0.03,85.99,28.96,2,0,0,0,LOW
4.51,31.9,66.31,117.92,1.48,0.081,77.56,27.55,5,2,1,1,HIGH
10.2,15.61,72.26,167.59,1.55,-0.045,81.81,32.9,1,0,0,0,LOW
6.0,77.17,106.12,150.48,0.96,0.239,70.12,26.21,1,0,0,0,MEDIUM
5.29,57.53,138.85,162.34,1.0,0.083,72.75,27.97,4,0,1,1,HIGH
8.71,58.56,94.38,263.47,1.41,0.08,58.81,31.91,2,0,0,0,MEDIUM
13.02,58.42,76.32,93.4,0.43,0.044,74.03,28.83,2,0,0,0,LOW
6.28,24.54,111.56,245.12,1.3,-0.14,69.05,34.08,1,0,0,0,LOW
7.56,92.53,191.54,320.14,0.83,0.064,61.63,30.97,1,0,0,0,MEDIUM
14.1,41.72,51.34,76.43,0.93,-0.09,72.45,36.33,1,0,0,0,LOW
12.5,38.83,98.75,148.28,0.64,-0.007,93.35,32.64,5,3,1,1,HIGH
9.03,19.89,118.31,198.99,0.83,-0.103,96.3,25.87,1,0,0,0,LOW
7.47,29.59,121.16,300.54,0.86,0.211,85.72,26.61,1,0,0,0,LOW
8.9,74.1,145.53,223.66,1.04,0.046,74.21,26.48,1,0,0,0,MEDIUM
1.82,9.09,68.05,181.74,0.31,0.286,80.45,32.95,1,0,0,0,LOW
14.4,59.33,73.99,96.9,1.54,-0.075,88.95,24.63,5,1,3,0,HIGH
8.83,48.04,121.42,197.55,0.96,0.069,77.47,21.94,1,0,0,0,MEDIUM
14.98,26.97,71.12,119.5,0.72,-0.226,93.33,32.52,3,0,1,0,MEDIUM
0.83,25.69,177.46,261.94,1.47,0.047,80.93,25.24,1,0,0,0,MEDIUM
0.81,28.91,227.53,550.54,1.45,0.278,71.22,33.08,1,0,0,0,MEDIUM
1.53,80.57,116.54,304.43,0.9,-0.208,81.78,26.6,3,0,1,0,MEDIUM
3.66,20.68,32.07,41.51,0.63,-0.094,97.43,24.37,1,0,0,0,LOW
4.07,20.56,52.35,217.9,1.8,-0.046,82.89,26.82,2,0,0,0,MEDIUM
7.63,40.87,128.72,288.82,1.53,0.049,78.7,25.3,4,0,0,2,HIGH
10.74,57.04,125.54,306.73,0.92,0.148,72.67,31.65,1,0,0,0,MEDIUM
7.9,54.79,116.9,275.21,0.76,-0.06,73.84,31.2,1,0,0,0,LOW
8.41,47.53,74.09,342.72,1.44,0.106,82.38,30.49,1,0,0,0,MEDIUM
5.28,103.08,183.43,210.32,0.96,0.114,68.37,33.08,1,0,0,0,MEDIUM
17.14,46.76,129.31,217.5,0.74,0.216,77.84,24.79,1,0,0,0,MEDIUM
9.18,50.13,88.22,156.24,1.33,-0.022,83.91,24.38,3,0,2,0,MEDIUM
5.77,14.61,33.75,51.91,0.96,0.109,49.81,27.25,3,0,0,0,MEDIUM
10.23,17.92,36.45,197.0,0.81,-0.0,67.73,28.1,4,0,2,0,MEDIUM
5.76,32.87,220.03,267.14,1.18,0.168,92.65,24.57,1,0,0,0,MEDIUM
8.01,24.2,35.98,258.99,1.53,0.105,83.31,33.45,5,2,0,1,HIGH
13.38,26.35,130.26,154.74,1.02,0.25,58.92,27.1,3,0,2,0,MEDIUM
5.29,34.42,90.18,194.66,0.11,0.098,81.85,26.69,1,0,0,0,LOW
3.56,18.54,46.26,125.64,0.82,0.25,76.26,28.56,1,0,0,0,LOW
8.08,71.53,111.95,411.07,1.03,0.201,88.0,26.95,1,0,0,0,MEDIUM
14.47,61.08,71.55,109.22,0.92,-0.163,85.37,23.82,1,0,0,0,LOW
3.12,30.41,105.65,222.5,0.76,-0.089,84.69,24.32,2,0,0,0,MEDIUM
16.87,56.96,112.56,162.84,1.36,0.131,69.81,28.53,3,0,0,0,MEDIUM
5.38,65.36,192.98,301.83,0.84,-0.069,90.01,27.75,2,0,0,0,MEDIUM
13.45,40.67,85.28,254.57,0.91,0.01,87.11,33.14,2,0,0,0,MEDIUM
4.98,27.27,97.81,109.28,0.71,0.076,70.69,26.72,4,0,0,1,MEDIUM
14.42,19.56,65.22,167.2,1.39,-0.299,70.77,24.38,1,0,0,0,LOW
12.63,24.58,89.77,176.19,0.5,-0.012,76.4,31.19,1,0,0,0,LOW
5.85,48.3,107.66,130.6,1.24,0.021,87.92,33.76,1,0,0,0,LOW
7.27,113.69,343.47,484.97,0.59,-0.058,67.49,28.9,1,0,0,0,MEDIUM
9.38,12.65,41.69,238.84,0.91,-0.017,76.55,31.84,4,0,2,1,MEDIUM
1.87,61.69,109.09,165.21,1.11,0.136,76.33,32.33,2,0,0,0,MEDIUM
3.54,11.43,54.37,86.69,0.8,0.126,73.98,31.5,1,0,0,0,LOW
5.09,46.25,109.48,420.79,1.12,0.148,77.88,31.51,3,0,3,0,MEDIUM
17.43,59.75,117.0,189.47,1.59,0.117,85.27,28.61,5,2,3,0,HIGH
1.68,74.14,193.34,234.13,0.66,0.276,75.49,28.74,1,0,0,0,LOW
12.53,71.05,132.23,211.31,1.19,-0.217,62.32,32.12,1,0,0,0,LOW
10.52,97.03,126.17,284.01,0.88,0.108,92.69,31.83,3,0,0,0,MEDIUM
1.74,6.48,30.92,111.73,1.16,0.191,90.7,34.07,1,0,0,0,LOW
7.46,60.7,165.87,170.76,1.92,-0.007,85.12,24.9,1,0,0,0,MEDIUM
11.11,106.83,145.4,209.1,1.01,-0.042,76.06,34.35,1,0,0,0,MEDIUM
9.12,57.2,76.93,138.25,0.6,0.083,75.45,25.73,2,0,0,0,LOW
19.07,85.54,110.92,250.97,1.15,-0.293,90.28,30.04,5,1,0,1,HIGH
9.69,29.03,127.41,323.11,1.72,0.227,100.0,30.09,1,0,0,0,MEDIUM
6.09,36.59,135.61,342.07,1.41,-0.046,83.45,24.5,1,0,0,0,MEDIUM
12.82,34.25,59.75,235.88,0.84,0.232,74.74,25.37,2,0,0,0,MEDIUM
7.38,67.83,226.73,365.22,0.65,0.2,66.8,32.67,1,0,0,0,MEDIUM
2.98,40.82,97.99,171.69,0.91,-0.073,67.88,33.42,2,0,0,0,LOW
4.65,25.23,51.47,157.13,0.27,0.044,88.91,29.87,3,0,2,0,MEDIUM
8.29,45.37,76.72,125.3,1.08,0.076,66.15,37.15,2,0,0,0,MEDIUM
1.56,63.99,310.88,412.0,0.71,-0.07,90.97,31.65,5,2,2,0,HIGH
5.26,35.46,98.54,248.08,1.67,-0.143,65.02,26.39,2,0,0,0,MEDIUM
6.82,72.68,155.36,270.41,1.09,0.073,93.15,26.72,1,0,0,0,MEDIUM
8.5,73.01,136.15,160.26,0.95,0.049,86.95,25.55,1,0,0,0,LOW
12.01,28.88,92.54,134.91,1.5,0.228,55.48,33.21,1,0,0,0,MEDIUM
1.65,32.19,44.46,195.37,0.51,0.125,88.52,29.03,1,0,0,0,LOW
1.76,21.3,70.44,147.07,1.05,0.014,65.63,28.9,1,0,0,0,LOW
3.96,9.78,43.94,199.77,1.03,-0.062,72.88,28.1,2,0,0,0,LOW
9.26,49.29,60.52,68.47,1.21,0.065,96.78,24.68,1,0,0,0,LOW
6.42,46.3,127.97,193.4,0.98,0.042,55.15,30.18,2,0,0,0,MEDIUM
1.12,48.35,128.83,154.5,0.49,0.23,79.55,30.72,1,0,0,0,LOW
7.78,53.62,88.67,145.59,1.82,0.072,81.04,32.24,1,0,0,0,MEDIUM
18.45,21.35,25.91,47.73,0.97,-0.031,69.16,29.48,1,0,0,0,LOW
4.68,17.31,34.3,108.35,0.99,0.083,83.05,29.93,2,0,0,0,LOW
5.69,30.62,84.01,211.7,0.32,-0.103,81.3,32.74,2,0,0,0,LOW
9.66,22.13,80.39,138.74,1.79,-0.302,93.82,29.83,4,0,2,0,HIGH
15.31,26.89,96.12,218.83,1.38,0.343,73.77,30.85,3,0,1,0,MEDIUM
6.25,56.15,79.66,178.28,1.25,-0.004,69.0,30.08,1,0,0,0,LOW
8.97,87.91,97.92,143.38,1.35,0.061,64.49,27.55,1,0,0,0,LOW
6.53,37.11,136.29,276.89,0.76,0.258,73.73,24.66,5,3,1,1,HIGH
16.51,65.19,138.88,212.49,1.0,-0.06,84.79,27.51,3,0,3,0,MEDIUM
25.92,84.87,161.18,328.76,0.74,0.006,91.9,33.6,2,0,0,0,MEDIUM
9.33,68.68,86.59,100.95,1.76,0.116,64.46,25.54,2,0,0,0,MEDIUM
7.27,38.57,83.19,119.97,1.1,-0.041,100.0,26.7,4,0,1,1,HIGH
11.39,20.15,90.39,123.69,1.26,0.18,100.0,30.6,3,0,3,0,MEDIUM
16.73,55.84,210.25,346.88,1.26,0.099,83.37,30.17,4,0,0,2,HIGH
6.89,38.14,79.83,220.58,0.77,0.09,62.32,29.45,2,0,0,0,LOW
0.55,9.34,191.63,407.12,1.26,0.072,86.64,30.16,2,0,0,0,MEDIUM
4.51,51.95,56.51,91.08,1.78,0.053,75.73,32.8,4,0,3,0,HIGH
4.9,27.79,69.3,95.55,1.0,0.028,81.15,30.22,1,0,0,0,LOW
6.23,129.63,147.54,226.61,0.6,-0.022,71.86,29.49,2,0,0,0,MEDIUM
30.64,60.78,245.1,263.67,0.67,0.089,75.61,32.27,4,0,0,2,HIGH
14.69,72.77,162.84,176.78,0.46,-0.018,98.42,26.67,2,0,0,0,LOW
5.33,31.67,180.18,236.4,1.06,-0.145,75.03,24.68,1,0,0,0,LOW
3.31,12.41,104.05,188.86,0.71,-0.02,79.74,26.6,3,0,2,0,MEDIUM
20.36,47.13,66.66,90.73,0.23,0.111,63.7,26.3,1,0,0,0,LOW
10.55,29.9,77.88,115.95,2.07,0.112,84.24,26.35,1,0,0,0,MEDIUM
2.16,49.82,197.72,379.47,1.57,-0.107,52.6,27.46,3,0,0,0,MEDIUM
3.91,51.2,67.7,208.49,0.47,-0.061,70.29,36.27,4,0,3,1,MEDIUM
26.98,72.01,146.28,267.3,1.41,-0.086,80.31,29.36,2,0,0,0,MEDIUM
7.07,34.41,200.29,262.04,0.25,0.038,53.06,22.51,3,0,2,0,MEDIUM
10.15,63.16,149.65,194.62,1.67,0.121,66.44,22.5,1,0,0,0,MEDIUM
7.69,21.37,224.7,275.98,1.24,0.173,59.11,24.64,2,0,0,0,MEDIUM
5.56,38.27,75.08,171.11,0.61,0.14,63.68,25.62,5,2,3,2,HIGH
4.04,32.46,84.27,151.49,0.19,-0.111,95.4,31.64,1,0,0,0,LOW
16.43,76.5,249.88,314.01,0.86,0.095,78.16,34.35,1,0,0,0,MEDIUM
19.82,80.56,106.72,203.0,1.21,0.037,96.05,26.93,1,0,0,0,LOW
18.12,42.66,143.33,227.79,0.42,0.006,85.09,26.49,1,0,0,0,LOW
12.24,49.45,115.26,252.08,1.68,-0.057,95.44,24.89,1,0,0,0,MEDIUM
14.17,116.96,215.47,293.97,0.94,0.037,80.39,32.65,4,0,2,2,HIGH
26.02,29.56,65.62,123.36,1.3,0.154,88.84,30.13,3,0,0,0,MEDIUM
2.88,82.72,112.21,156.59,0.58,0.042,69.63,29.36,1,0,0,0,LOW
10.07,42.92,66.76,124.59,0.83,0.01,79.71,27.56,1,0,0,0,LOW
4.12,20.39,45.26,159.65,0.23,-0.008,92.56,28.78,1,0,0,0,LOW
20.88,33.55,74.8,105.23,0.88,0.108,65.11,24.82,1,0,0,0,LOW
6.93,32.07,91.41,267.82,1.07,0.161,92.64,33.06,2,0,0,0,MEDIUM
19.48,54.84,121.14,175.13,1.27,0.338,82.22,29.37,2,0,0,0,MEDIUM
0.9,12.13,32.98,108.24,1.54,-0.364,80.73,29.45,1,0,0,0,LOW
3.05,23.72,71.56,137.66,1.61,0.027,66.07,28.6,1,0,0,0,LOW
10.36,69.83,100.16,173.63,1.42,0.061,62.24,26.1,3,0,3,0,HIGH
5.47,19.9,129.23,356.75,0.05,0.132,85.73,29.03,4,0,0,0,MEDIUM
5.94,71.45,127.59,140.45,0.78,-0.054,71.09,26.97,5,3,2,1,HIGH
3.03,29.89,92.77,194.74,1.0,-0.116,73.16,29.98,3,0,2,0,MEDIUM
19.62,53.02,134.26,272.65,0.45,0.229,79.78,28.53,1,0,0,0,LOW
19.73,95.2,132.17,314.08,1.04,-0.141,82.92,31.94,1,0,0,0,LOW
9.91,34.7,87.88,102.37,1.74,0.162,82.3,28.07,2,0,0,0,MEDIUM
6.08,117.15,142.04,204.46,1.01,-0.107,73.95,24.84,3,0,0,0,MEDIUM
4.21,50.56,143.6,176.77,1.79,0.053,62.73,28.94,1,0,0,0,MEDIUM
15.22,59.29,264.76,358.72,1.18,0.162,74.42,32.83,2,0,0,0,MEDIUM
3.51,61.87,113.89,202.48,1.0,0.028,68.88,31.01,4,0,2,2,HIGH
6.59,34.96,149.85,229.35,0.12,0.017,99.66,25.65,1,0,0,0,LOW
14.61,24.68,32.93,137.94,0.92,-0.026,79.84,32.92,1,0,0,0,LOW
10.97,15.53,39.35,183.94,1.32,0.088,77.05,21.37,3,0,1,0,MEDIUM
13.97,17.53,42.55,203.1,1.17,-0.012,78.53,29.56,3,0,2,0,MEDIUM
16.84,110.8,206.61,449.27,0.66,0.035,87.46,32.19,1,0,0,0,MEDIUM
9.66,62.87,98.34,255.28,1.01,-0.084,93.99,28.62,2,0,0,0,MEDIUM
5.55,116.01,189.55,341.9,0.86,0.276,75.73,29.28,1,0,0,0,MEDIUM
7.66,74.19,92.62,126.52,1.18,-0.018,88.36,29.99,3,0,2,0,MEDIUM
11.63,22.62,79.18,194.64,1.17,0.017,88.79,32.55,2,0,0,0,LOW
3.65,126.6,204.45,320.41,1.89,0.009,80.8,28.6,1,0,0,0,MEDIUM
12.55,50.83,137.97,174.86,1.27,-0.019,71.29,22.47,2,0,0,0,MEDIUM
6.14,57.29,124.64,241.86,1.44,-0.051,86.55,33.52,2,0,0,0,MEDIUM
6.75,78.98,112.1,122.97,1.22,-0.211,83.37,31.79,1,0,0,0,LOW
3.49,25.5,119.1,226.2,0.31,0.275,77.93,32.9,1,0,0,0,LOW
16.69,50.26,133.88,221.29,1.36,0.017,77.82,30.89,2,0,0,0,MEDIUM
8.08,35.62,116.71,222.87,1.41,0.276,81.45,28.64,1,0,0,0,MEDIUM
1.53,54.98,102.06,228.74,1.89,0.024,68.48,23.99,2,0,0,0,MEDIUM
0.97,30.25,93.08,139.4,0.87,0.048,97.65,32.72,1,0,0,0,LOW
6.73,16.49,103.86,188.4,0.18,0.11,77.2,25.68,1,0,0,0,LOW
6.96,29.25,73.7,210.16,0.6,0.12,91.14,28.71,1,0,0,0,LOW
2.66,30.0,74.77,141.01,0.98,0.346,69.49,33.0,1,0,0,0,LOW
7.48,22.1,32.73,111.31,1.3,-0.137,76.9,31.9,1,0,0,0,LOW
5.99,36.36,78.73,149.87,0.54,0.11,71.44,32.06,1,0,0,0,LOW
2.99,39.42,74.81,251.81,1.31,-0.257,80.84,33.17,5,2,3,1,HIGH
4.03,29.73,194.62,319.54,0.87,0.133,66.86,31.23,2,0,0,0,MEDIUM
8.73,17.12,68.94,198.47,0.94,0.067,79.05,27.65,1,0,0,0,LOW
8.32,48.14,142.61,195.98,0.77,-0.083,76.25,27.59,2,0,0,0,LOW
19.17,63.53,114.46,170.85,0.34,0.053,86.65,27.54,1,0,0,0,LOW
17.79,20.94,63.19,164.64,1.18,0.325,65.07,28.89,5,2,0,2,HIGH
9.81,64.68,168.87,194.46,1.08,-0.036,80.46,24.55,2,0,0,0,MEDIUM
15.26,22.49,106.08,189.11,0.8,0.136,71.21,27.49,1,0,0,0,LOW
25.37,53.6,219.15,313.59,0.96,-0.021,86.34,27.49,1,0,0,0,MEDIUM
4.62,42.61,137.63,244.81,0.51,0.132,68.9,28.51,1,0,0,0,LOW
3.9,51.23,165.76,176.75,1.95,0.075,71.1,27.88,4,0,3,1,HIGH
18.15,99.91,136.69,296.37,1.57,-0.161,72.26,25.73,5,1,0,0,HIGH
14.07,40.79,67.97,144.18,1.34,-0.044,89.05,27.75,2,0,0,0,MEDIUM
17.41,127.87,258.03,362.28,1.02,-0.189,67.65,29.28,2,0,0,0,MEDIUM
8.61,69.37,85.26,135.7,0.64,0.042,74.94,26.29,2,0,0,0,MEDIUM
14.58,65.17,105.53,381.24,0.83,-0.113,80.36,30.52,4,0,3,0,HIGH
23.04,49.77,110.8,205.49,0.12,0.067,77.4,30.35,1,0,0,0,LOW
3.1,42.01,128.13,137.62,1.01,-0.024,93.59,26.91,2,0,0,0,MEDIUM
12.59,40.82,85.69,233.01,1.14,-0.157,71.49,26.9,4,0,1,2,HIGH
34.1,85.55,117.94,235.71,1.25,-0.045,83.98,30.85,5,3,3,0,HIGH
17.5,69.72,144.26,258.85,1.64,0.298,63.3,27.47,1,0,0,0,MEDIUM
8.59,26.04,78.29,208.1,1.0,-0.06,61.74,26.16,1,0,0,0,LOW
3.83,18.4,99.8,289.31,0.47,-0.045,75.3,18.0,1,0,0,0,LOW
21.38,33.54,124.75,206.33,0.54,0.111,64.46,33.49,1,0,0,0,LOW
11.43,37.76,211.92,382.09,1.06,0.141,68.44,31.38,1,0,0,0,MEDIUM
5.26,15.06,34.88,64.35,1.5,-0.213,79.83,30.23,2,0,0,0,LOW
16.32,40.65,123.91,199.42,0.66,0.203,52.16,28.25,1,0,0,0,LOW
4.28,69.6,74.84,135.03,1.89,0.113,74.23,26.6,1,0,0,0,MEDIUM
16.01,24.2,62.25,221.06,0.34,0.235,79.51,27.75,1,0,0,0,LOW
3.03,14.12,80.08,89.89,0.39,0.189,71.84,22.62,3,0,1,0,MEDIUM
8.92,53.5,98.33,126.77,1.0,0.042,93.34,27.42,1,0,0,0,LOW
11.77,49.02,72.98,295.47,0.97,-0.244,75.65,29.55,1,0,0,0,LOW
0.73,36.33,58.65,156.35,1.77,0.049,82.22,28.89,1,0,0,0,LOW
10.79,65.28,115.41,143.79,0.54,0.168,64.13,26.38,1,0,0,0,LOW
0.81,38.98,69.8,185.87,0.54,0.06,100.0,32.08,1,0,0,0,LOW
9.63,26.18,122.45,209.04,0.56,-0.232,67.05,25.46,2,0,0,0,LOW
17.24,25.13,178.08,493.29,1.1,0.09,80.98,37.97,2,0,0,0,MEDIUM
4.65,154.89,179.55,281.77,1.24,-0.06,62.98,34.34,1,0,0,0,MEDIUM
9.85,52.14,163.84,297.73,0.5,-0.222,78.0,32.95,1,0,0,0,LOW
6.44,66.33,118.12,240.27,0.98,0.163,58.04,33.33,3,0,1,0,MEDIUM
13.94,63.76,242.81,316.52,0.66,0.173,85.36,28.28,1,0,0,0,MEDIUM
12.25,48.4,222.75,238.49,1.22,0.159,91.42,29.07,2,0,0,0,MEDIUM
17.58,42.03,80.64,101.83,0.46,-0.266,79.2,26.35,3,0,1,0,MEDIUM
10.79,55.25,152.53,386.7,1.33,0.039,74.88,30.96,2,0,0,0,MEDIUM
4.55,29.68,75.04,138.46,0.77,0.269,78.36,31.37,4,0,0,2,HIGH
4.06,50.75,91.96,224.81,0.9,0.142,82.23,31.27,2,0,0,0,MEDIUM
0.52,91.06,181.18,242.97,0.61,0.186,63.29,31.91,1,0,0,0,LOW
5.71,12.13,21.01,123.08,1.42,-0.121,73.43,32.31,1,0,0,0,LOW
7.32,39.24,131.54,179.33,0.67,0.096,69.82,28.08,2,0,0,0,MEDIUM
8.53,35.79,45.08,268.75,1.14,0.061,80.56,28.99,1,0,0,0,LOW
6.66,58.75,141.14,252.44,0.58,0.037,76.39,26.04,4,0,1,2,HIGH
4.3,114.65,257.87,387.54,0.86,-0.147,81.98,28.43,2,0,0,0,MEDIUM
9.02,21.33,107.16,134.25,0.3,0.216,67.85,21.41,3,0,0,0,MEDIUM
7.03,27.98,48.6,378.33,0.29,-0.128,65.88,31.5,2,0,0,0,LOW
0.17,37.61,154.39,208.39,1.3,0.082,100.0,25.97,3,0,2,0,HIGH
3.32,32.16,167.62,249.66,0.48,0.093,84.04,30.1,1,0,0,0,LOW
3.6,45.73,91.25,228.94,0.05,0.225,55.03,31.77,1,0,0,0,LOW
7.06,61.33,92.36,159.38,1.34,0.004,87.84,32.15,1,0,0,0,MEDIUM
13.16,26.48,33.13,107.7,1.51,-0.061,84.88,25.73,1,0,0,0,LOW
13.46,57.22,94.02,159.63,0.35,0.163,82.35,26.91,1,0,0,0,LOW
2.61,86.16,100.53,287.44,1.13,0.173,60.83,21.95,1,0,0,0,MEDIUM
27.48,52.76,123.29,152.51,0.86,0.355,75.5,29.53,1,0,0,0,MEDIUM
18.02,31.64,99.66,157.56,1.67,0.103,69.72,30.18,3,0,0,0,MEDIUM
21.55,53.75,95.66,129.47,0.76,0.018,66.08,26.97,3,0,2,0,MEDIUM
0.54,80.82,118.71,217.43,1.48,0.084,73.56,31.16,5,3,3,2,HIGH
11.49,26.44,71.74,205.8,0.91,-0.107,96.91,31.83,1,0,0,0,LOW
10.61,55.44,142.85,272.19,1.64,0.127,78.08,23.62,1,0,0,0,MEDIUM
5.83,12.37,36.78,213.96,0.75,0.094,68.96,23.03,2,0,0,0,LOW
18.63,66.27,89.8,215.85,1.35,0.064,80.08,24.8,1,0,0,0,MEDIUM
7.13,76.77,138.28,242.18,1.15,0.076,81.62,33.31,5,3,2,1,HIGH
10.37,111.99,131.42,165.33,1.58,-0.116,91.33,30.54,1,0,0,0,MEDIUM
6.49,35.3,111.33,345.59,1.35,0.019,51.12,29.51,1,0,0,0,LOW
5.44,56.32,122.44,225.36,0.63,0.17,82.4,29.45,1,0,0,0,LOW
0.92,14.53,203.25,295.8,1.11,0.094,66.26,29.39,1,0,0,0,MEDIUM
5.18,49.93,56.2,150.37,0.65,-0.007,56.47,30.02,3,0,1,0,MEDIUM
1.73,80.45,138.76,364.64,1.08,-0.039,76.37,29.44,2,0,0,0,MEDIUM
3.14,31.49,147.03,227.63,1.33,0.026,71.72,32.27,3,0,0,0,MEDIUM
15.06,40.77,164.89,245.94,1.25,0.035,88.1,30.75,1,0,0,0,LOW
10.23,51.15,74.88,96.9,0.63,0.072,78.48,28.85,1,0,0,0,LOW
11.4,19.84,70.49,111.16,0.3,-0.083,62.92,28.0,1,0,0,0,LOW
9.93,60.2,108.22,131.68,1.39,-0.029,65.49,32.17,1,0,0,0,LOW
10.01,12.84,59.0,111.84,0.23,0.097,74.3,34.58,2,0,0,0,LOW
10.15,46.58,69.17,173.68,1.05,-0.081,74.01,33.69,5,1,1,0,HIGH
2.28,35.16,97.36,135.1,0.78,0.108,77.82,23.93,1,0,0,0,LOW
6.69,23.31,56.85,100.63,0.66,0.043,100.0,24.83,2,0,0,0,LOW
18.36,41.06,117.64,216.27,1.41,0.195,66.96,33.82,1,0,0,0,MEDIUM
3.99,49.0,157.44,305.21,0.14,0.113,71.42,29.83,1,0,0,0,LOW
5.69,28.34,51.08,74.75,1.46,0.187,86.68,35.68,2,0,0,0,MEDIUM
1.16,36.57,88.55,143.81,1.12,0.12,75.16,28.2,1,0,0,0,LOW
0.2,33.53,48.75,156.56,1.39,0.008,86.12,31.49,5,3,0,2,HIGH
10.31,34.17,167.26,252.11,1.14,0.227,83.63,35.4,2,0,0,0,MEDIUM
2.2,72.45,153.78,308.69,0.82,-0.008,83.29,28.56,5,3,2,0,HIGH
15.1,69.73,161.0,255.83,1.63,0.094,76.95,29.76,1,0,0,0,MEDIUM
20.83,59.44,308.53,334.43,0.56,0.05,85.89,33.18,1,0,0,0,MEDIUM
9.74,61.37,157.23,387.0,0.26,-0.03,70.18,32.23,1,0,0,0,LOW
2.32,53.43,203.38,237.49,1.42,0.011,79.14,28.58,1,0,0,0,MEDIUM
18.26,75.22,155.72,332.93,0.5,0.091,63.45,27.34,1,0,0,0,MEDIUM
14.01,57.9,88.0,168.28,1.74,0.177,86.17,32.36,3,0,2,0,HIGH
3.39,29.17,228.44,346.86,1.02,0.139,83.4,28.41,2,0,0,0,MEDIUM
14.61,22.32,79.02,123.13,1.23,-0.053,68.14,27.82,1,0,0,0,LOW
2.43,118.26,128.81,262.01,0.92,0.047,55.08,35.2,1,0,0,0,LOW
6.73,76.05,119.26,249.6,1.04,-0.083,94.59,32.38,1,0,0,0,LOW
5.46,67.09,240.44,361.08,1.28,-0.035,82.63,25.83,1,0,0,0,MEDIUM
15.09,66.79,87.93,192.12,1.39,-0.029,90.68,29.11,1,0,0,0,MEDIUM
3.88,27.18,102.87,174.24,1.08,0.182,72.74,35.24,3,0,0,0,MEDIUM
16.32,53.09,151.02,287.82,1.15,0.054,91.97,30.99,1,0,0,0,MEDIUM
5.7,62.73,171.21,330.61,1.12,-0.06,69.27,34.77,1,0,0,0,LOW
8.37,35.4,105.39,200.6,0.46,-0.118,76.81,24.49,2,0,0,0,LOW
1.09,10.54,53.86,74.71,1.3,0.203,75.08,31.99,1,0,0,0,LOW
9.31,31.63,207.65,231.67,2.02,-0.017,77.13,29.69,2,0,0,0,MEDIUM
11.41,30.35,49.81,116.03,1.42,-0.152,78.26,35.64,1,0,0,0,LOW
20.03,72.26,139.09,188.23,1.75,0.101,64.94,27.84,1,0,0,0,MEDIUM
11.28,54.54,115.06,130.09,1.17,-0.041,81.67,30.77,1,0,0,0,LOW
8.48,59.08,93.48,181.27,1.0,0.104,64.99,27.56,1,0,0,0,LOW
7.24,36.53,181.2,229.87,0.5,0.123,66.42,26.38,1,0,0,0,LOW
9.42,72.67,148.4,209.67,0.95,0.077,92.85,29.07,1,0,0,0,LOW
6.34,51.09,141.76,524.94,1.03,0.187,100.0,33.98,2,0,0,0,MEDIUM
4.76,67.49,84.1,424.22,0.61,0.136,85.79,29.18,4,0,0,1,HIGH
7.14,45.99,54.14,257.24,1.32,0.156,86.05,22.69,1,0,0,0,LOW
13.36,28.65,163.26,234.25,0.76,0.042,65.32,29.82,1,0,0,0,LOW
10.2,48.95,161.12,303.11,1.11,-0.293,67.2,24.77,1,0,0,0,LOW
5.46,16.78,172.78,244.39,1.02,0.181,69.23,37.45,1,0,0,0,LOW
12.91,66.27,123.79,189.68,0.4,-0.172,83.82,30.79,3,0,2,0,MEDIUM
5.02,95.15,132.38,292.05,0.8,-0.053,80.9,27.8,2,0,0,0,MEDIUM
3.26,13.43,140.9,228.03,1.61,0.053,72.61,26.75,1,0,0,0,MEDIUM
14.73,46.17,96.71,277.07,1.08,0.127,79.72,31.96,3,0,3,0,HIGH
3.72,42.72,98.38,182.85,2.47,0.097,64.64,27.72,1,0,0,0,MEDIUM
1.83,19.24,39.42,136.75,1.31,0.065,93.51,29.68,4,0,1,2,HIGH
3.32,20.94,75.55,264.54,1.08,-0.022,91.56,25.68,1,0,0,0,LOW
4.35,65.1,79.5,130.98,1.31,0.124,100.0,32.41,1,0,0,0,MEDIUM
8.86,19.48,29.21,90.02,1.05,0.157,70.37,27.62,4,0,0,2,HIGH
12.22,125.6,225.63,307.14,0.72,-0.186,95.09,34.95,1,0,0,0,MEDIUM
4.2,32.8,64.36,261.08,0.65,0.239,91.14,24.48,1,0,0,0,LOW
7.91,37.88,286.71,451.94,0.79,-0.027,66.79,31.13,1,0,0,0,LOW
8.11,37.1,105.45,179.75,1.07,-0.007,91.42,29.13,2,0,0,0,MEDIUM
23.71,67.0,115.29,330.25,1.44,0.255,89.23,25.56,3,0,0,0,HIGH
6.27,11.65,64.41,169.91,1.65,0.455,92.11,36.64,1,0,0,0,MEDIUM
3.52,51.35,132.91,209.09,1.04,0.044,68.45,25.38,1,0,0,0,LOW
1.58,51.73,88.62,213.97,1.01,0.127,91.37,29.09,1,0,0,0,LOW
2.09,25.29,179.67,328.92,0.29,-0.121,81.29,30.18,2,0,0,0,LOW
12.55,15.04,40.13,200.03,0.85,0.115,75.77,32.08,1,0,0,0,LOW
15.28,44.55,60.2,135.22,0.5,0.296,52.13,31.29,1,0,0,0,LOW
13.61,22.77,45.71,94.04,0.56,0.123,96.18,26.89,2,0,0,0,LOW
6.48,10.93,99.71,409.46,0.86,0.177,76.95,30.53,2,0,0,0,MEDIUM
12.36,53.03,78.72,184.13,0.79,0.12,92.64,30.4,4,0,0,2,HIGH
3.38,13.32,68.33,126.9,1.19,0.081,94.45,31.7,1,0,0,0,LOW
1.9,106.17,187.99,348.44,0.41,0.102,90.04,29.63,2,0,0,0,MEDIUM
6.38,36.01,236.14,345.92,1.1,0.274,75.22,23.43,2,0,0,0,MEDIUM
5.94,37.37,140.31,277.86,1.0,-0.019,74.95,29.28,4,0,2,0,HIGH
14.49,33.27,114.13,254.48,1.06,-0.086,100.0,28.35,4,0,3,1,HIGH
10.83,29.41,70.31,173.11,0.88,0.168,64.66,31.44,3,0,3,0,MEDIUM
3.77,59.85,271.3,282.12,0.05,0.22,78.21,26.21,1,0,0,0,MEDIUM
3.82,78.7,121.32,188.27,1.28,0.074,93.96,32.9,1,0,0,0,LOW
8.64,23.01,95.76,231.82,0.37,0.128,73.68,28.79,1,0,0,0,LOW
7.62,20.56,128.76,169.01,0.41,0.216,80.5,39.49,3,0,3,0,MEDIUM
10.37,113.72,139.27,233.2,1.23,0.293,100.0,26.7,2,0,0,0,MEDIUM
7.76,38.61,60.9,337.32,0.42,0.052,76.45,34.58,2,0,0,0,LOW
14.65,41.04,51.29,215.18,1.47,0.011,77.6,28.67,3,0,2,0,MEDIUM
2.97,16.98,21.19,87.98,1.02,0.29,100.0,31.75,1,0,0,0,LOW
3.94,23.0,54.51,164.83,1.13,0.272,65.76,30.65,3,0,2,0,MEDIUM
2.71,29.34,82.74,177.58,1.35,0.029,73.76,31.34,1,0,0,0,LOW
4.59,35.24,112.54,190.44,1.36,-0.017,58.79,22.28,1,0,0,0,LOW
5.09,106.83,152.76,261.12,1.17,0.196,79.21,32.05,2,0,0,0,MEDIUM
2.18,48.23,59.48,101.4,0.35,0.242,86.15,20.35,1,0,0,0,LOW
0.56,23.39,37.27,72.66,1.37,0.037,83.59,22.77,1,0,0,0,LOW
4.13,16.6,29.51,91.08,0.84,0.135,94.08,29.75,2,0,0,0,LOW
15.61,93.46,135.55,221.91,1.26,0.039,88.35,30.22,3,0,0,0,MEDIUM
14.06,27.19,151.78,314.87,0.57,-0.022,86.34,23.61,1,0,0,0,LOW
9.14,47.74,86.36,180.42,0.97,0.179,61.38,25.93,1,0,0,0,LOW
9.68,24.45,37.16,152.97,1.37,0.101,75.99,28.15,1,0,0,0,LOW
3.82,33.46,48.77,80.24,1.08,-0.006,92.61,28.07,4,0,0,2,HIGH
1.83,24.68,143.06,295.78,1.29,-0.209,80.24,22.73,1,0,0,0,LOW
9.79,27.0,56.61,105.98,1.52,0.107,78.03,24.05,1,0,0,0,MEDIUM
10.75,36.59,57.15,109.57,1.37,0.069,60.26,30.71,1,0,0,0,LOW
7.1,32.24,141.83,226.73,0.27,-0.041,59.18,24.42,4,0,0,2,MEDIUM
25.19,35.0,77.52,288.68,2.13,-0.152,82.54,34.29,3,0,0,0,MEDIUM
26.43,90.18,300.33,390.3,0.66,0.072,74.1,23.1,2,0,0,0,MEDIUM
5.14,47.0,78.9,188.87,1.35,-0.02,81.17,31.93,1,0,0,0,LOW
10.84,35.59,93.84,221.29,1.46,0.037,78.12,29.03,1,0,0,0,LOW
8.28,54.17,69.98,186.34,1.15,0.1,93.73,28.66,1,0,0,0,LOW
35.49,106.88,203.02,289.3,1.0,-0.027,74.63,29.12,2,0,0,0,MEDIUM
11.79,78.05,95.31,228.01,0.63,0.006,63.53,29.59,1,0,0,0,LOW
21.66,90.72,117.2,157.1,1.04,0.027,68.46,23.37,1,0,0,0,MEDIUM
10.32,42.89,72.94,161.18,1.3,-0.101,79.55,28.73,3,0,2,0,MEDIUM
0.12,32.69,51.95,76.48,1.02,-0.254,79.89,33.85,2,0,0,0,LOW
15.14,92.14,204.35,321.06,1.45,0.031,69.49,28.17,5,3,1,1,HIGH
2.84,18.29,112.31,149.09,0.99,0.04,76.9,32.8,2,0,0,0,MEDIUM
5.67,14.61,93.84,116.01,1.08,0.078,76.41,31.65,1,0,0,0,LOW
12.03,29.19,81.32,130.54,1.71,0.372,48.58,34.6,1,0,0,0,LOW
17.32,33.71,93.96,159.79,1.2,-0.148,81.97,30.09,1,0,0,0,LOW
8.92,18.04,27.16,98.93,0.72,-0.017,82.83,29.72,2,0,0,0,LOW
3.77,143.87,184.37,236.22,0.33,0.029,80.87,26.24,2,0,0,0,MEDIUM
4.22,29.46,103.27,277.63,1.23,0.121,66.48,37.59,1,0,0,0,LOW
19.91,88.9,148.49,166.76,1.29,-0.003,64.75,30.57,4,0,1,2,HIGH
10.56,63.4,243.73,447.49,0.57,0.015,67.47,24.66,2,0,0,0,MEDIUM
9.39,21.25,45.45,145.01,1.28,-0.004,76.43,25.0,1,0,0,0,LOW
3.14,40.05,256.82,399.14,0.93,0.06,74.49,34.3,1,0,0,0,LOW
9.46,16.13,45.28,171.47,0.49,-0.035,56.71,24.37,3,0,2,0,MEDIUM
3.78,102.19,170.17,183.52,0.81,0.105,93.2,24.48,4,0,0,0,HIGH
11.72,36.46,159.96,333.83,0.4,-0.203,76.56,34.37,1,0,0,0,LOW
8.7,76.49,125.43,211.22,2.06,0.13,65.23,33.2,5,2,3,2,HIGH
6.14,37.4,97.22,312.69,0.79,0.22,80.35,25.4,1,0,0,0,MEDIUM
7.85,14.93,65.96,207.25,1.8,-0.003,60.65,30.33,3,0,1,0,MEDIUM
18.06,108.34,252.27,316.9,0.58,-0.11,64.44,27.58,1,0,0,0,MEDIUM
7.56,26.99,181.83,335.46,1.18,0.005,84.47,29.34,2,0,0,0,MEDIUM
19.23,33.61,124.46,151.83,0.62,0.034,89.66,26.34,1,0,0,0,LOW
8.04,64.06,145.44,352.96,0.79,-0.199,81.73,30.21,3,0,1,0,MEDIUM
4.19,22.42,97.57,181.11,0.87,-0.36,84.67,31.68,1,0,0,0,LOW
10.57,29.57,38.86,80.67,0.99,0.049,82.06,28.85,3,0,0,0,MEDIUM
10.06,47.78,121.64,158.57,0.97,0.102,90.99,33.29,1,0,0,0,LOW
3.52,124.22,235.35,306.77,0.73,0.042,65.15,27.86,3,0,3,0,HIGH
12.67,47.16,82.61,220.09,1.84,0.144,76.54,26.48,5,3,3,0,HIGH
10.45,28.3,114.66,272.54,1.24,-0.009,71.32,31.54,1,0,0,0,LOW
16.61,93.93,151.38,270.26,0.35,0.16,92.39,27.45,1,0,0,0,LOW
7.96,32.78,99.02,275.78,0.7,0.055,77.54,22.17,1,0,0,0,LOW
3.24,14.79,71.3,117.07,0.4,0.113,82.03,25.84,1,0,0,0,LOW
22.81,48.66,150.11,200.3,1.03,0.08,77.37,26.54,1,0,0,0,MEDIUM
5.62,59.62,189.84,250.41,0.63,-0.124,44.52,20.2,2,0,0,0,MEDIUM
2.86,35.23,94.61,164.36,0.82,-0.045,98.16,31.47,4,0,1,2,HIGH
7.23,65.03,184.73,264.58,0.86,-0.064,84.15,33.55,5,2,0,1,HIGH
3.57,40.45,163.21,264.35,0.86,0.336,90.63,31.89,1,0,0,0,LOW
5.97,10.32,96.96,330.22,1.45,0.194,80.2,27.38,1,0,0,0,MEDIUM
2.09,39.88,105.39,186.92,1.15,0.238,64.83,34.35,1,0,0,0,LOW
2.43,33.99,76.93,126.28,1.18,-0.103,84.17,26.21,3,0,1,0,MEDIUM
14.33,59.6,217.09,326.95,1.33,0.036,89.59,32.94,2,0,0,0,MEDIUM
8.65,52.59,183.77,305.18,1.33,0.021,87.39,24.73,1,0,0,0,MEDIUM
2.71,32.63,92.71,179.05,0.96,0.24,90.24,31.96,1,0,0,0,MEDIUM
4.5,44.63,62.25,181.95,0.9,-0.268,92.96,29.38,1,0,0,0,LOW
4.72,40.8,53.46,70.04,1.2,0.116,77.54,30.54,4,0,2,0,MEDIUM
6.37,53.55,137.18,250.69,0.54,0.088,76.11,27.36,1,0,0,0,LOW
8.08,67.94,137.39,212.73,0.71,-0.08,84.85,24.92,2,0,0,0,MEDIUM
21.19,54.54,129.08,206.22,1.44,-0.014,85.02,24.98,3,0,3,0,HIGH
13.03,44.65,70.23,153.37,0.66,0.083,66.02,28.12,2,0,0,0,LOW
8.92,50.15,124.16,183.01,0.92,-0.03,67.32,27.07,3,0,3,0,MEDIUM
5.65,48.14,166.9,277.09,1.1,0.06,74.82,30.35,2,0,0,0,MEDIUM
1.68,15.06,31.78,91.84,1.49,-0.072,98.65,31.45,5,3,2,0,HIGH
6.61,117.87,268.28,342.24,1.58,0.01,79.96,30.17,4,0,0,2,HIGH
3.68,18.87,81.86,284.48,1.37,-0.02,84.61,27.42,1,0,0,0,LOW
10.81,26.84,134.71,257.63,1.08,-0.052,59.02,33.16,1,0,0,0,LOW
6.87,60.3,120.72,398.57,1.08,-0.075,92.91,28.82,2,0,0,0,MEDIUM
8.69,52.3,115.18,253.02,1.64,-0.249,66.23,33.84,4,0,2,0,MEDIUM
31.02,57.88,107.38,213.73,1.18,0.161,71.99,22.95,1,0,0,0,MEDIUM
1.51,15.3,84.86,106.62,1.12,0.122,81.22,35.1,1,0,0,0,LOW
2.25,88.64,150.56,295.48,1.66,-0.317,71.51,21.03,1,0,0,0,MEDIUM
23.95,31.11,69.62,310.17,1.38,0.046,68.07,33.77,1,0,0,0,MEDIUM
3.64,29.66,152.05,224.71,0.05,-0.241,98.96,31.59,1,0,0,0,LOW
7.56,64.4,160.13,230.13,0.87,0.205,72.63,32.61,2,0,0,0,MEDIUM
7.47,69.0,112.63,143.07,0.51,-0.031,76.46,27.03,1,0,0,0,LOW
3.15,34.59,232.3,302.12,1.1,0.127,88.42,29.83,4,0,0,1,HIGH
0.18,39.07,147.62,230.76,0.89,-0.114,87.88,30.1,1,0,0,0,LOW
8.77,30.6,113.16,304.24,1.32,0.04,76.09,31.01,4,0,1,1,HIGH
5.09,90.35,173.0,225.07,0.61,-0.064,72.9,28.66,2,0,0,0,LOW
2.76,23.66,56.81,145.86,0.79,0.047,62.28,24.67,2,0,0,0,LOW
7.83,24.66,80.3,162.57,1.67,-0.072,73.67,30.27,1,0,0,0,LOW
7.15,39.49,65.62,90.64,1.57,0.022,67.43,26.46,2,0,0,0,MEDIUM
5.69,66.53,117.19,314.57,1.75,0.02,79.88,30.8,4,0,0,2,HIGH
9.47,32.46,103.21,200.17,1.15,0.055,62.17,29.53,1,0,0,0,LOW
9.97,14.06,29.57,133.5,0.18,-0.194,88.31,28.82,4,0,2,1,MEDIUM
4.38,53.81,146.9,282.49,1.39,0.106,100.0,31.51,1,0,0,0,MEDIUM
5.6,29.96,83.36,373.94,0.76,0.128,67.79,29.82,4,0,3,2,HIGH
10.43,32.99,45.11,125.7,0.56,0.058,89.42,27.98,2,0,0,0,LOW
1.87,28.3,137.06,155.26,0.87,-0.032,83.39,30.08,3,0,2,0,MEDIUM
3.86,104.99,122.43,177.62,1.33,-0.117,66.35,32.76,2,0,0,0,MEDIUM
4.93,71.53,214.71,406.47,1.26,0.04,65.62,26.0,4,0,0,2,HIGH
3.92,31.24,51.01,124.65,1.25,0.006,77.11,34.2,1,0,0,0,LOW
26.13,68.58,155.37,221.87,0.82,0.049,66.42,32.4,3,0,1,0,MEDIUM
13.8,79.45,105.48,319.04,0.6,0.121,88.17,25.54,4,0,1,1,HIGH
3.01,46.44,178.62,248.42,1.14,-0.009,95.63,30.59,1,0,0,0,LOW
2.9,51.07,112.36,241.97,0.72,-0.005,71.86,33.51,2,0,0,0,MEDIUM
9.19,53.72,121.28,145.02,1.46,-0.142,81.78,28.03,5,2,3,0,HIGH
3.32,51.81,100.38,149.69,1.59,-0.049,71.59,27.5,1,0,0,0,LOW
4.05,34.38,78.58,142.66,1.52,-0.059,63.84,33.69,3,0,0,0,MEDIUM
10.01,20.28,61.57,81.68,1.01,-0.147,84.68,31.3,1,0,0,0,LOW
12.74,97.78,158.33,335.95,1.1,0.021,68.73,29.52,1,0,0,0,MEDIUM
8.04,24.89,189.51,364.66,0.7,0.102,80.6,30.36,5,3,0,1,HIGH
5.09,34.32,126.86,278.93,1.23,0.003,88.19,30.73,1,0,0,0,LOW
8.24,32.65,160.99,360.85,0.99,0.108,63.87,28.22,1,0,0,0,MEDIUM
1.9,66.17,112.84,136.78,0.71,0.198,63.2,27.08,2,0,0,0,MEDIUM
5.08,31.21,162.37,288.69,1.16,0.267,62.62,26.6,3,0,2,0,MEDIUM
1.78,52.63,107.12,193.59,0.88,0.261,78.25,31.53,1,0,0,0,MEDIUM
6.72,26.35,90.05,195.65,0.37,-0.069,84.89,28.07,1,0,0,0,LOW
8.07,47.36,101.62,137.38,1.36,0.037,91.33,33.91,2,0,0,0,MEDIUM
2.97,110.79,139.96,260.43,0.67,0.021,75.84,28.48,2,0,0,0,MEDIUM
12.4,67.06,229.94,369.4,0.68,-0.084,100.0,28.17,1,0,0,0,MEDIUM
13.03,40.63,130.68,309.81,1.18,0.207,72.3,22.54,1,0,0,0,MEDIUM
2.29,23.88,32.78,151.96,0.82,0.006,77.93,29.43,1,0,0,0,LOW
13.64,31.49,57.32,335.55,0.87,-0.084,86.44,30.45,1,0,0,0,LOW
13.28,59.07,150.09,173.77,1.11,0.203,77.33,30.62,1,0,0,0,MEDIUM
4.27,5.91,83.39,148.9,1.59,0.034,81.27,32.82,4,0,3,2,HIGH
15.08,20.31,116.88,277.01,1.28,-0.015,55.69,37.71,1,0,0,0,LOW
8.9,27.67,60.14,182.04,1.02,-0.087,89.61,29.83,2,0,0,0,LOW
27.68,73.83,99.29,155.69,1.06,0.031,81.6,25.98,3,0,1,0,MEDIUM
2.42,29.85,131.76,153.38,0.8,-0.112,53.69,23.37,3,0,0,0,MEDIUM
11.54,29.0,127.95,212.87,1.14,-0.278,65.68,36.55,3,0,3,0,MEDIUM
5.66,32.9,144.23,235.2,1.13,0.082,80.6,24.67,3,0,0,0,MEDIUM
5.34,50.62,100.03,126.4,1.47,0.025,81.14,24.19,1,0,0,0,MEDIUM
16.93,36.38,197.53,307.22,1.65,-0.14,67.17,28.15,4,0,1,1,HIGH
10.65,34.24,95.58,157.0,1.16,-0.196,89.44,23.57,5,1,3,0,HIGH
7.15,20.63,71.2,243.53,0.09,0.012,67.45,23.49,4,0,1,1,MEDIUM
6.72,49.93,186.83,399.58,1.39,0.095,86.63,35.66,1,0,0,0,MEDIUM
4.27,26.28,71.84,118.1,1.15,-0.094,93.07,33.96,1,0,0,0,LOW
2.5,61.82,202.82,246.5,1.17,0.002,74.32,26.79,4,0,3,2,HIGH
3.05,67.63,116.0,136.58,0.51,-0.026,94.11,22.94,1,0,0,0,LOW
1.87,16.03,85.57,119.47,1.04,0.325,78.9,29.1,4,0,3,2,HIGH
4.07,40.04,82.67,237.37,0.32,0.118,80.07,30.5,5,3,1,0,HIGH
15.17,59.16,140.65,190.37,1.26,0.223,85.53,29.27,2,0,0,0,MEDIUM
8.85,17.82,55.48,102.43,0.95,-0.31,73.37,21.27,1,0,0,0,LOW
10.0,39.27,355.9,439.5,0.85,-0.017,83.92,29.63,2,0,0,0,MEDIUM
3.55,76.78,89.0,117.55,1.2,-0.123,66.66,30.53,2,0,0,0,LOW
14.4,29.65,58.06,101.88,1.56,0.016,97.28,23.72,3,0,2,0,MEDIUM
5.04,45.72,112.17,197.22,0.62,-0.036,74.79,31.34,3,0,3,0,MEDIUM
6.05,24.14,88.6,233.92,0.93,0.211,74.04,28.01,1,0,0,0,LOW
2.21,45.49,180.36,230.21,1.36,-0.26,70.51,31.49,1,0,0,0,LOW
11.54,35.25,127.66,217.7,0.92,0.041,63.69,37.04,5,2,3,0,HIGH
0.55,35.34,125.06,236.93,1.22,0.126,85.47,26.86,1,0,0,0,LOW
3.58,136.9,327.96,430.9,1.3,0.226,68.21,29.77,1,0,0,0,MEDIUM
3.05,47.73,68.74,243.32,1.56,0.167,73.17,33.06,3,0,2,0,MEDIUM
14.11,58.93,90.3,360.89,0.64,0.122,79.53,28.99,1,0,0,0,LOW
12.46,31.28,60.39,190.65,0.81,-0.127,85.31,27.65,1,0,0,0,LOW
4.36,15.23,48.48,96.17,0.97,0.203,74.8,24.14,5,1,0,1,HIGH
12.51,68.11,195.76,241.96,0.39,-0.24,75.52,25.97,2,0,0,0,LOW
5.52,33.78,61.03,125.86,0.76,-0.067,61.7,26.28,2,0,0,0,LOW
2.8,21.49,87.73,131.2,0.63,-0.052,81.08,28.75,1,0,0,0,LOW
7.59,52.56,68.06,244.26,1.05,-0.304,75.95,19.95,1,0,0,0,LOW
5.14,19.28,167.33,186.24,1.81,-0.063,91.69,32.11,1,0,0,0,MEDIUM
4.09,52.0,132.09,566.14,0.74,0.049,91.86,21.18,4,0,2,0,HIGH
1.14,8.14,89.87,320.74,0.4,0.201,71.15,32.76,2,0,0,0,LOW
4.82,28.04,76.69,224.48,0.49,0.152,84.48,25.29,4,0,3,2,HIGH
6.44,58.14,139.8,254.93,0.77,0.051,64.32,28.45,4,0,2,0,MEDIUM
2.1,42.57,80.96,105.3,0.57,0.282,68.7,28.32,1,0,0,0,LOW
12.24,28.69,88.6,178.58,1.57,0.077,85.88,27.28,5,1,3,2,HIGH
5.56,10.86,104.68,158.11,1.38,0.111,99.28,27.39,4,0,3,2,HIGH
22.16,49.81,99.87,325.2,1.16,0.118,82.25,26.96,3,0,3,0,MEDIUM
2.13,41.15,76.97,140.73,0.47,0.262,77.3,31.73,1,0,0,0,LOW
9.24,41.2,79.72,147.91,1.27,0.115,76.49,31.28,2,0,0,0,MEDIUM
9.86,25.17,75.49,148.48,0.05,0.024,56.01,18.9,1,0,0,0,LOW
6.9,43.34,105.76,213.52,0.66,-0.116,73.79,27.48,4,0,3,2,HIGH
6.5,11.39,29.15,133.39,0.49,0.168,60.21,33.2,1,0,0,0,LOW
21.32,70.88,84.63,225.08,1.12,0.311,90.31,33.68,4,0,0,2,HIGH
7.86,35.1,143.35,242.63,1.14,-0.187,60.22,34.06,3,0,2,0,MEDIUM
1.71,79.87,121.01,273.65,0.96,0.06,65.67,29.55,2,0,0,0,MEDIUM
6.94,26.66,46.39,108.04,1.81,0.01,83.08,27.26,4,0,2,0,HIGH
9.94,68.82,115.3,252.78,0.66,-0.082,81.89,28.33,1,0,0,0,LOW
1.4,71.59,185.11,246.62,1.18,0.023,85.92,28.14,2,0,0,0,MEDIUM
3.0,31.05,43.58,154.4,0.86,-0.24,41.63,28.82,1,0,0,0,LOW
9.05,40.89,206.33,386.35,1.46,0.237,71.06,26.51,1,0,0,0,MEDIUM
3.76,22.91,106.04,132.89,0.61,0.199,81.43,27.99,3,0,0,0,MEDIUM
7.59,57.1,124.14,142.84,1.12,0.055,75.76,32.81,3,0,3,0,HIGH
3.35,47.54,119.94,187.27,1.38,0.074,83.37,26.41,4,0,1,1,HIGH
2.75,16.95,173.61,326.54,0.9,0.0,81.73,30.07,1,0,0,0,LOW
15.16,39.32,247.57,276.1,1.21,0.097,80.01,31.14,1,0,0,0,MEDIUM
14.68,89.84,132.12,183.74,1.02,-0.021,93.73,25.02,1,0,0,0,MEDIUM
19.82,81.27,120.43,195.41,0.61,0.031,93.38,25.63,2,0,0,0,MEDIUM
3.74,36.95,84.95,172.21,0.69,-0.026,92.18,30.59,1,0,0,0,LOW
18.01,74.67,146.56,261.7,1.52,0.245,75.13,31.54,3,0,2,0,HIGH
0.99,34.3,101.52,217.64,2.05,-0.153,85.68,31.0,2,0,0,0,MEDIUM
15.31,27.98,72.71,105.59,1.32,-0.033,87.69,22.94,1,0,0,0,LOW
12.93,52.06,88.35,157.69,1.1,0.018,82.08,35.34,4,0,2,0,HIGH
1.84,101.92,195.91,314.24,1.43,-0.066,100.0,29.71,2,0,0,0,MEDIUM
7.38,41.5,72.64,302.23,0.66,0.129,89.56,34.64,4,0,3,2,HIGH
1.64,44.97,63.73,110.98,0.89,0.016,88.59,31.06,1,0,0,0,LOW
3.08,25.38,50.64,277.39,0.05,0.02,82.74,31.09,2,0,0,0,LOW
13.59,68.03,130.83,269.06,0.76,-0.152,82.85,22.7,2,0,0,0,MEDIUM
17.05,39.35,52.71,166.41,0.79,-0.171,77.06,29.9,3,0,3,0,MEDIUM
7.23,29.08,105.51,196.22,2.15,-0.009,82.53,32.44,2,0,0,0,MEDIUM
8.04,17.34,217.18,273.92,1.58,0.019,54.69,31.21,5,2,1,0,HIGH
15.98,101.57,210.96,366.43,0.54,0.039,64.59,32.57,1,0,0,0,MEDIUM
11.21,32.26,68.39,177.35,1.14,0.114,75.47,32.57,1,0,0,0,LOW
1.28,50.13,210.47,258.09,1.53,-0.036,59.51,27.32,1,0,0,0,LOW
5.0,99.06,154.67,389.95,2.01,-0.103,78.02,30.16,1,0,0,0,MEDIUM
45.95,67.48,93.86,103.03,1.15,-0.1,95.76,37.25,1,0,0,0,MEDIUM
3.51,33.57,80.67,184.13,1.32,0.022,68.53,29.4,2,0,0,0,MEDIUM
5.01,87.62,200.78,227.81,0.66,-0.044,57.57,27.4,1,0,0,0,LOW
1.88,8.09,33.14,129.93,1.28,0.111,80.65,30.56,4,0,0,2,HIGH
4.49,29.53,88.26,297.56,0.87,0.117,75.58,29.9,3,0,1,0,MEDIUM
7.14,32.05,100.7,183.06,1.17,-0.148,66.01,27.06,2,0,0,0,MEDIUM
5.86,58.23,169.41,187.15,1.55,0.042,75.25,27.94,5,3,2,0,HIGH
3.1,26.14,64.39,147.72,1.61,-0.051,80.46,24.29,1,0,0,0,LOW
4.0,39.83,352.52,606.0,0.74,0.051,93.4,27.6,2,0,0,0,MEDIUM
10.88,28.33,149.6,381.3,0.85,0.112,100.0,34.64,1,0,0,0,LOW
8.46,62.13,122.22,185.48,1.56,-0.107,80.13,32.13,1,0,0,0,LOW
4.42,42.95,150.5,286.59,1.38,0.093,49.96,26.96,2,0,0,0,MEDIUM
12.46,27.03,152.4,400.81,1.13,-0.138,100.0,29.45,1,0,0,0,MEDIUM
15.01,126.19,134.93,206.4,0.6,0.09,87.38,26.2,2,0,0,0,MEDIUM
21.09,59.41,155.51,415.19,0.8,0.095,67.75,29.95,1,0,0,0,MEDIUM
8.38,30.7,375.1,640.2,0.25,0.214,64.28,30.16,5,3,3,2,HIGH
11.72,36.54,77.11,296.22,1.53,0.248,87.73,27.06,3,0,0,0,MEDIUM
11.69,42.69,52.59,342.74,0.85,0.154,85.06,30.14,1,0,0,0,LOW
6.32,79.27,122.74,226.52,0.73,0.075,94.55,31.41,1,0,0,0,LOW
3.68,46.29,69.83,201.85,0.08,-0.186,76.53,29.05,1,0,0,0,LOW
4.15,51.57,126.2,166.42,1.62,-0.058,87.5,32.11,1,0,0,0,LOW
11.71,44.71,93.88,196.11,1.04,0.206,84.61,37.56,4,0,2,2,HIGH
4.34,21.71,78.64,122.67,0.13,-0.211,92.99,28.16,2,0,0,0,LOW
12.26,99.56,225.41,478.15,1.12,-0.174,84.65,30.67,1,0,0,0,MEDIUM
34.37,56.5,67.26,187.18,0.97,0.001,78.2,32.93,4,0,1,0,HIGH
21.81,66.63,126.66,173.05,1.62,0.184,79.97,27.9,1,0,0,0,MEDIUM
15.1,44.84,87.15,226.99,0.99,-0.013,86.13,33.22,1,0,0,0,LOW
16.74,24.58,68.47,172.01,0.86,-0.116,60.84,23.49,1,0,0,0,LOW
13.15,71.42,114.27,146.71,1.16,-0.245,81.52,24.48,5,1,3,2,HIGH
14.1,71.25,98.36,217.66,1.85,-0.084,90.0,32.38,2,0,0,0,MEDIUM
10.08,54.28,126.57,474.81,1.39,-0.114,68.09,27.41,3,0,3,0,HIGH
5.3,20.19,71.72,168.97,1.27,-0.027,78.74,29.01,2,0,0,0,LOW
4.18,63.92,198.42,253.69,0.98,0.183,80.32,22.08,1,0,0,0,MEDIUM
2.11,66.37,157.62,214.7,1.16,0.031,75.1,30.94,1,0,0,0,LOW
19.89,89.49,100.3,127.91,1.09,-0.184,85.26,22.99,1,0,0,0,LOW
3.3,38.87,135.76,187.88,1.39,0.167,72.61,33.89,1,0,0,0,MEDIUM
9.46,45.83,185.95,291.46,1.58,-0.202,67.44,19.12,1,0,0,0,MEDIUM
15.83,91.15,118.61,236.64,0.82,-0.018,68.83,27.11,1,0,0,0,MEDIUM
18.62,30.38,62.77,104.94,0.65,0.203,52.78,28.07,3,0,3,0,MEDIUM
7.22,60.87,93.53,171.42,0.05,0.067,73.75,34.12,3,0,3,0,MEDIUM
6.3,61.93,139.26,314.16,1.95,-0.094,73.72,30.97,1,0,0,0,MEDIUM
6.5,36.37,48.52,196.5,1.14,0.065,99.38,31.12,1,0,0,0,LOW
8.09,33.85,50.65,120.77,1.71,0.035,74.47,32.46,4,0,3,2,HIGH
7.61,28.55,226.88,356.11,1.38,-0.03,67.23,30.38,1,0,0,0,LOW
8.15,11.93,53.4,134.7,0.2,0.203,87.46,30.63,1,0,0,0,LOW
9.8,55.83,71.8,180.77,1.88,-0.003,73.64,30.99,1,0,0,0,MEDIUM
8.11,25.64,102.75,120.97,1.17,0.194,91.86,22.36,2,0,0,0,MEDIUM
9.67,102.16,168.5,230.85,0.95,-0.075,85.33,31.82,1,0,0,0,LOW
1.03,30.27,75.69,216.18,0.05,-0.081,87.08,30.13,2,0,0,0,LOW
23.05,62.71,119.02,213.87,0.86,0.107,72.26,27.63,1,0,0,0,LOW
11.66,40.85,114.28,267.5,0.68,0.151,88.35,29.6,1,0,0,0,MEDIUM
12.16,51.48,101.18,116.73,1.29,0.309,78.85,24.99,1,0,0,0,MEDIUM
8.44,69.55,100.92,155.89,0.85,-0.048,71.38,32.61,2,0,0,0,MEDIUM
3.51,70.93,190.04,196.23,1.16,0.055,72.72,26.13,1,0,0,0,LOW
5.41,37.57,154.64,243.79,0.4,0.174,95.2,31.68,2,0,0,0,MEDIUM
5.52,81.34,100.13,219.78,0.78,0.09,63.88,31.0,1,0,0,0,LOW
15.98,29.48,166.36,250.26,1.52,0.085,84.19,26.07,2,0,0,0,MEDIUM
10.3,45.12,75.27,108.31,1.42,0.161,80.73,27.44,1,0,0,0,MEDIUM
4.3,60.6,113.05,311.8,1.48,0.211,79.02,27.62,3,0,0,0,MEDIUM
3.18,26.58,100.57,181.92,1.54,0.31,85.13,29.5,1,0,0,0,MEDIUM
28.56,64.41,167.57,282.6,0.09,0.009,80.66,28.0,3,0,3,0,MEDIUM
20.66,29.36,120.61,183.03,0.28,0.073,76.91,24.24,3,0,2,0,MEDIUM
4.77,25.9,51.18,267.21,0.14,-0.085,83.4,33.3,1,0,0,0,LOW
4.49,42.37,67.79,254.77,0.82,0.172,49.54,30.91,1,0,0,0,LOW
0.97,16.68,104.24,176.27,1.19,0.149,87.67,31.57,1,0,0,0,LOW
18.36,137.45,203.74,332.21,1.16,-0.049,67.02,25.38,1,0,0,0,MEDIUM
10.63,19.41,68.51,145.38,1.39,-0.142,76.44,30.14,3,0,3,0,MEDIUM
23.99,57.05,98.99,154.78,1.41,0.32,74.34,30.55,1,0,0,0,MEDIUM
7.75,65.84,140.24,182.35,1.32,-0.091,67.46,36.23,1,0,0,0,LOW
0.18,11.92,65.43,267.89,1.36,-0.004,96.51,27.29,1,0,0,0,LOW
10.38,76.97,192.13,234.53,1.33,0.098,86.05,30.79,5,1,2,2,HIGH
0.19,49.67,134.55,232.91,1.06,-0.1,92.18,28.56,1,0,0,0,LOW
25.55,74.15,135.19,203.29,0.41,0.224,61.66,33.93,2,0,0,0,MEDIUM
12.77,77.26,145.29,182.67,1.47,-0.094,84.27,27.86,1,0,0,0,MEDIUM
8.33,48.04,125.51,229.34,2.16,-0.05,70.42,28.88,4,0,1,0,HIGH
17.82,59.73,92.17,152.5,1.65,0.014,90.13,26.02,1,0,0,0,MEDIUM
17.86,58.67,188.16,249.89,0.25,-0.045,97.63,30.94,1,0,0,0,LOW
8.57,26.52,115.73,273.17,1.77,0.01,91.09,31.75,3,0,2,0,HIGH
4.32,36.16,57.26,148.28,0.11,-0.067,67.47,28.91,4,0,2,0,MEDIUM
2.1,13.48,58.02,190.26,1.34,-0.012,85.35,30.02,2,0,0,0,MEDIUM
6.96,16.84,92.96,206.49,1.08,-0.045,77.78,30.33,4,0,1,1,HIGH
3.81,38.09,103.56,175.76,1.27,0.295,62.98,31.57,1,0,0,0,MEDIUM
5.61,29.04,158.19,166.24,0.53,0.094,85.05,19.01,1,0,0,0,LOW
16.84,28.24,99.52,159.32,0.53,-0.021,80.18,18.97,1,0,0,0,LOW
4.45,84.68,175.45,330.03,0.14,-0.061,82.09,30.11,1,0,0,0,LOW
4.55,25.42,86.09,143.08,0.52,0.122,90.02,26.69,4,0,3,0,MEDIUM
3.05,36.09,118.85,160.0,0.77,-0.062,74.65,32.07,1,0,0,0,LOW
19.12,58.69,109.38,216.94,1.56,0.091,79.76,29.51,1,0,0,0,MEDIUM
2.75,22.01,87.64,123.16,0.57,0.068,67.61,37.72,1,0,0,0,LOW
2.53,23.81,67.59,96.8,0.8,-0.115,77.63,24.16,5,3,2,2,HIGH
4.5,36.87,52.54,75.37,0.92,0.157,79.23,25.78,2,0,0,0,LOW
4.6,59.18,269.09,323.58,0.54,-0.184,52.17,27.02,5,2,2,1,HIGH
1.01,33.37,121.97,299.78,1.22,-0.005,63.86,27.08,1,0,0,0,LOW
2.56,19.23,37.98,95.48,1.46,-0.433,84.58,26.93,1,0,0,0,LOW
16.99,27.16,63.64,192.89,1.29,0.158,71.0,30.84,1,0,0,0,LOW
1.47,40.61,140.38,186.76,1.11,-0.114,71.31,25.52,1,0,0,0,LOW
26.53,37.24,94.78,238.19,0.82,-0.018,76.33,29.13,1,0,0,0,LOW
10.75,18.32,67.54,357.05,0.86,0.123,84.2,26.78,4,0,0,0,MEDIUM
3.06,18.16,48.8,176.06,1.26,-0.217,88.84,32.56,2,0,0,0,LOW
5.89,58.93,230.16,232.45,1.29,0.033,71.97,26.76,1,0,0,0,MEDIUM
8.0,18.99,83.63,184.95,0.95,0.031,67.54,22.9,2,0,0,0,MEDIUM
7.0,32.26,45.31,103.26,0.57,-0.03,87.6,30.66,3,0,2,0,MEDIUM
6.81,39.43,171.79,216.26,0.81,0.214,80.53,35.36,1,0,0,0,LOW
5.71,10.64,180.86,330.82,1.52,0.097,70.72,28.1,1,0,0,0,MEDIUM
2.48,68.71,121.76,264.29,0.96,0.167,95.19,29.53,1,0,0,0,MEDIUM
4.91,62.76,175.32,258.53,1.23,-0.107,61.97,31.42,1,0,0,0,LOW
4.65,43.31,71.99,302.96,0.43,0.112,68.86,40.0,4,0,2,0,MEDIUM
3.34,45.75,185.87,250.94,1.04,-0.335,84.1,35.98,1,0,0,0,LOW
1.45,24.93,45.35,145.74,0.62,0.059,69.28,29.14,1,0,0,0,LOW
3.22,13.59,154.55,218.13,0.78,0.017,75.41,30.56,2,0,0,0,LOW
6.87,21.05,59.25,105.29,0.72,-0.001,76.8,26.64,1,0,0,0,LOW
2.39,85.88,139.94,179.43,0.8,-0.29,64.73,28.16,1,0,0,0,LOW
6.85,45.79,100.97,178.07,0.66,0.153,79.64,32.3,3,0,0,0,MEDIUM
4.67,41.08,179.84,285.15,0.89,-0.019,70.78,32.01,1,0,0,0,LOW
0.95,80.49,231.56,254.56,0.64,-0.15,75.99,18.58,4,0,3,1,HIGH
6.87,16.89,108.61,133.65,1.19,-0.002,59.58,31.38,4,0,2,1,HIGH
9.0,11.0,41.03,123.21,0.53,-0.028,63.9,30.99,1,0,0,0,LOW
5.51,61.27,155.31,172.85,1.2,-0.117,84.96,29.06,3,0,1,0,MEDIUM
2.57,43.13,85.48,193.87,1.48,0.025,64.04,33.13,2,0,0,0,MEDIUM
10.1,55.5,107.16,148.19,1.52,0.116,77.46,28.11,2,0,0,0,MEDIUM
7.67,49.36,116.16,238.05,1.5,-0.109,86.98,30.0,1,0,0,0,MEDIUM
8.19,35.53,149.08,342.6,1.57,-0.169,90.47,28.18,2,0,0,0,MEDIUM
4.9,13.29,64.22,91.06,0.54,0.222,73.68,25.32,2,0,0,0,LOW
25.11,32.04,100.21,126.17,0.83,0.119,66.7,29.57,2,0,0,0,MEDIUM
14.13,107.66,195.57,290.12,1.15,-0.014,55.42,30.98,4,0,2,2,HIGH
5.68,51.99,74.06,107.41,1.31,0.323,89.23,25.44,2,0,0,0,MEDIUM
7.42,18.42,25.96,108.15,1.07,0.069,62.43,33.36,1,0,0,0,LOW
2.87,15.9,132.61,305.32,0.77,0.144,84.06,24.21,1,0,0,0,LOW
20.61,54.04,101.96,203.81,0.84,-0.058,64.87,30.58,1,0,0,0,LOW
3.34,17.46,44.41,151.83,1.25,-0.03,63.69,30.52,1,0,0,0,LOW
7.29,22.8,87.87,120.53,0.34,0.268,85.37,27.72,2,0,0,0,MEDIUM
6.73,53.26,162.9,297.16,1.49,0.13,91.85,26.48,5,1,0,2,HIGH
6.08,55.5,109.09,328.56,0.7,-0.11,67.28,32.25,5,3,0,2,HIGH
9.35,93.42,304.12,326.81,0.63,-0.123,72.47,37.59,2,0,0,0,MEDIUM
3.33,38.72,84.49,320.44,1.07,0.142,73.0,27.16,2,0,0,0,MEDIUM
4.97,16.75,80.54,346.01,0.34,0.181,63.24,32.51,1,0,0,0,LOW
16.77,57.83,160.61,243.08,1.69,-0.143,77.14,25.32,1,0,0,0,MEDIUM
2.69,30.35,56.98,168.22,1.61,-0.202,76.83,31.16,1,0,0,0,LOW
5.93,21.71,109.84,190.35,0.53,-0.153,73.84,27.24,1,0,0,0,LOW
1.58,31.64,97.97,144.64,0.58,0.259,65.43,25.28,1,0,0,0,LOW
28.32,58.51,115.07,238.8,0.38,0.076,84.9,27.95,1,0,0,0,LOW
4.24,51.26,127.54,152.98,1.05,-0.064,84.96,32.32,1,0,0,0,LOW
4.46,56.44,99.4,253.49,0.74,0.227,83.88,32.29,4,0,0,0,MEDIUM
2.42,48.02,175.7,273.32,1.21,-0.134,83.04,31.29,1,0,0,0,LOW
8.12,33.15,89.49,177.35,1.06,0.16,83.4,28.02,4,0,3,2,HIGH
4.68,24.45,125.33,182.27,1.32,0.084,76.21,25.61,1,0,0,0,LOW
7.78,28.69,280.66,447.58,1.58,-0.022,69.56,27.22,2,0,0,0,MEDIUM
9.87,83.94,163.52,410.48,1.34,0.047,81.58,31.05,2,0,0,0,MEDIUM
8.6,36.86,109.59,129.78,0.63,-0.043,73.03,28.03,4,0,0,2,MEDIUM
6.31,24.37,42.18,165.09,1.09,0.005,65.19,32.37,2,0,0,0,LOW
12.06,47.94,79.91,157.94,1.46,0.407,73.45,27.38,1,0,0,0,MEDIUM
12.92,39.72,117.21,175.73,1.41,0.015,69.97,23.29,1,0,0,0,LOW
15.49,26.15,53.73,84.56,0.81,-0.274,77.11,28.84,3,0,2,0,MEDIUM
4.87,29.62,73.71,190.04,1.07,0.152,82.54,30.2,1,0,0,0,LOW
7.87,88.07,133.01,206.4,0.68,-0.055,85.93,24.26,5,1,2,2,HIGH
1.87,40.75,51.05,272.13,1.17,-0.029,82.98,24.81,1,0,0,0,LOW
7.27,20.24,40.15,105.87,1.13,0.287,61.8,33.02,1,0,0,0,MEDIUM
14.44,51.01,132.2,158.71,1.12,0.053,72.3,30.3,2,0,0,0,MEDIUM
13.06,67.42,171.57,329.76,1.06,-0.079,76.55,34.49,1,0,0,0,LOW
9.56,36.41,92.56,198.27,1.91,-0.085,88.21,32.23,1,0,0,0,MEDIUM
3.8,14.4,31.87,107.67,0.59,-0.008,75.77,25.01,4,0,3,2,HIGH
3.33,61.85,87.51,151.02,1.06,0.117,83.16,27.15,1,0,0,0,LOW
9.11,26.78,54.04,271.44,1.04,0.15,82.97,28.26,1,0,0,0,LOW
23.28,55.47,83.36,196.34,1.14,0.236,60.38,27.86,1,0,0,0,MEDIUM
1.16,28.2,181.75,240.58,0.59,0.126,69.95,30.25,1,0,0,0,LOW
15.89,38.53,138.96,203.41,1.15,0.224,64.5,28.41,3,0,2,0,HIGH
9.48,15.32,129.03,332.38,1.0,-0.066,83.58,29.7,1,0,0,0,LOW
1.81,27.51,67.83,410.23,1.19,-0.048,100.0,19.36,1,0,0,0,LOW
11.81,32.53,73.18,312.9,1.22,0.111,82.38,33.07,1,0,0,0,LOW
12.98,46.42,93.31,205.85,0.85,-0.057,82.65,28.76,3,0,2,0,MEDIUM
21.11,87.56,95.87,195.62,0.22,0.032,90.59,31.04,3,0,1,0,MEDIUM
3.32,74.44,142.54,183.87,1.34,0.016,83.76,27.24,1,0,0,0,LOW
15.42,103.63,248.31,287.0,0.11,0.142,71.87,22.63,2,0,0,0,MEDIUM
2.09,58.09,141.68,331.6,2.05,-0.077,89.86,28.59,1,0,0,0,MEDIUM
4.18,77.14,128.23,351.33,0.57,0.073,72.72,31.45,1,0,0,0,MEDIUM
12.42,94.08,160.69,225.8,1.18,0.144,54.3,26.11,5,2,0,0,HIGH
3.24,69.0,164.1,253.11,0.62,-0.313,86.42,30.4,1,0,0,0,LOW
5.8,112.3,134.13,286.86,1.16,0.317,63.21,33.99,4,0,1,0,HIGH
4.68,16.1,39.32,64.28,0.63,0.157,75.81,28.98,5,1,0,2,HIGH
5.14,28.16,72.49,96.5,0.9,0.148,75.41,28.14,1,0,0,0,LOW
3.38,17.07,59.61,151.73,0.79,0.109,93.02,29.85,1,0,0,0,LOW
4.39,48.15,156.07,228.64,0.12,0.052,76.2,26.43,1,0,0,0,LOW
8.07,47.26,169.49,273.13,1.45,-0.045,73.46,24.34,2,0,0,0,MEDIUM
8.31,81.47,258.05,365.97,1.15,-0.094,82.05,24.82,1,0,0,0,MEDIUM
6.58,23.78,57.81,68.62,0.54,0.074,89.13,33.48,1,0,0,0,LOW
14.84,45.42,164.63,208.69,1.59,0.324,83.17,23.4,4,0,2,0,HIGH
12.5,69.03,91.59,165.33,0.98,-0.087,66.77,34.41,1,0,0,0,LOW
11.68,50.65,142.85,306.41,0.45,0.052,63.41,28.35,1,0,0,0,LOW
5.68,23.03,87.58,193.74,1.98,0.126,96.95,28.2,5,3,3,2,HIGH
10.18,26.31,63.49,247.34,0.27,-0.097,79.89,29.14,2,0,0,0,LOW
5.37,47.56,69.13,158.14,1.02,-0.012,69.63,29.85,2,0,0,0,LOW
0.81,38.06,110.25,216.66,0.61,-0.121,100.0,32.27,1,0,0,0,LOW
10.13,77.15,88.66,176.04,0.8,-0.095,65.21,25.94,1,0,0,0,LOW
10.76,49.94,119.38,291.05,0.4,-0.234,45.93,28.65,2,0,0,0,LOW
7.81,17.76,86.97,300.77,1.16,-0.044,76.92,28.53,1,0,0,0,LOW
12.08,55.75,118.61,169.32,1.13,-0.111,69.49,32.07,4,0,1,0,MEDIUM
0.6,9.68,38.97,419.85,1.05,0.045,68.32,37.15,1,0,0,0,LOW
2.3,41.05,95.9,176.23,0.37,0.068,85.28,31.13,1,0,0,0,LOW
15.09,86.82,127.58,303.54,1.0,-0.154,86.63,24.92,1,0,0,0,MEDIUM
5.0,25.9,32.95,93.73,1.52,0.003,71.28,28.63,1,0,0,0,LOW
8.07,30.91,51.99,106.02,1.1,0.118,90.49,28.84,4,0,3,2,HIGH
16.61,100.69,187.77,254.23,0.98,0.213,74.58,26.95,1,0,0,0,MEDIUM
4.69,20.9,74.77,197.96,1.48,0.139,92.65,26.78,1,0,0,0,LOW
5.73,36.1,93.67,124.28,0.73,0.175,89.93,33.89,1,0,0,0,LOW
5.65,67.05,92.57,152.99,1.1,0.074,78.38,29.95,3,0,0,0,MEDIUM
12.39,89.25,167.07,335.91,1.08,0.23,92.73,28.52,4,0,1,1,HIGH
2.37,23.63,55.44,167.77,1.34,0.093,89.89,28.51,2,0,0,0,LOW
6.53,15.55,72.66,137.83,1.1,-0.09,81.75,27.87,1,0,0,0,LOW
6.65,24.7,158.44,298.1,0.34,-0.19,90.68,29.42,1,0,0,0,LOW
25.42,83.57,164.86,220.35,1.12,0.284,99.7,30.98,4,0,1,1,HIGH
8.42,74.69,182.34,308.61,0.93,0.212,80.81,33.46,2,0,0,0,MEDIUM
8.86,49.16,97.46,144.58,1.34,-0.018,80.98,31.5,1,0,0,0,LOW
4.92,22.81,139.97,199.59,0.51,-0.179,86.36,30.02,5,1,2,1,HIGH
8.69,30.05,39.64,233.44,0.61,0.019,63.78,29.99,2,0,0,0,LOW
2.66,69.44,111.87,165.1,1.47,0.197,59.49,28.63,1,0,0,0,MEDIUM
24.66,57.53,96.93,149.05,0.78,-0.023,76.52,27.7,1,0,0,0,LOW
8.46,35.88,127.18,213.9,1.97,0.129,74.82,22.79,2,0,0,0,MEDIUM
11.47,26.04,39.7,133.12,1.75,-0.039,78.28,28.87,1,0,0,0,LOW
6.16,44.1,71.08,151.07,1.07,0.376,66.92,32.41,4,0,1,0,HIGH
3.01,50.51,131.15,159.72,1.09,0.185,89.25,34.62,3,0,1,0,MEDIUM
16.49,39.21,143.28,276.65,0.35,0.087,71.96,25.98,5,1,0,0,HIGH
2.96,81.59,134.49,216.59,0.3,-0.197,59.13,24.08,2,0,0,0,LOW
9.92,41.25,148.58,273.64,1.42,-0.114,66.83,27.06,5,1,1,1,HIGH
8.2,27.95,136.37,219.72,1.44,-0.111,74.16,31.74,1,0,0,0,LOW
13.15,97.13,111.07,206.24,0.87,-0.008,94.83,29.4,1,0,0,0,MEDIUM
11.29,69.95,135.23,298.91,1.15,0.097,60.2,28.73,1,0,0,0,MEDIUM
5.79,38.32,195.29,246.71,1.54,-0.118,75.21,31.38,2,0,0,0,MEDIUM
3.35,59.73,333.07,408.89,0.72,0.05,76.49,28.47,1,0,0,0,MEDIUM
17.21,88.96,201.38,288.24,1.22,-0.066,80.53,28.04,1,0,0,0,MEDIUM
3.57,75.09,97.86,106.53,1.32,-0.049,94.63,24.66,1,0,0,0,LOW
22.44,52.39,86.28,342.0,0.89,0.123,54.34,29.92,2,0,0,0,MEDIUM
2.27,53.2,104.73,169.82,1.06,-0.078,70.34,27.88,5,2,0,0,HIGH
5.04,9.13,80.2,375.59,0.29,0.048,81.6,34.19,1,0,0,0,LOW
18.31,75.55,170.66,268.62,1.28,-0.038,89.59,30.04,1,0,0,0,MEDIUM
3.88,64.15,158.44,187.28,0.78,0.016,87.1,32.87,2,0,0,0,MEDIUM
6.48,64.55,117.26,316.83,1.37,-0.226,65.17,25.77,1,0,0,0,LOW
30.82,111.91,145.58,233.62,0.62,0.268,62.31,31.68,4,0,2,1,HIGH
1.92,21.78,205.81,264.7,1.37,0.024,90.63,28.78,3,0,1,0,MEDIUM
6.74,38.08,87.48,231.3,0.05,0.235,82.55,27.98,4,0,3,1,HIGH
1.33,7.85,106.8,273.31,1.27,-0.085,78.66,28.24,1,0,0,0,LOW
16.43,24.45,44.0,136.53,1.17,0.174,76.32,30.74,1,0,0,0,LOW
16.9,90.21,152.98,261.73,1.08,0.246,72.93,28.28,4,0,1,2,HIGH
25.13,64.31,142.34,237.58,1.3,0.001,74.18,32.51,1,0,0,0,MEDIUM
2.28,87.63,338.31,449.85,1.92,0.283,67.48,29.07,2,0,0,0,HIGH
10.48,59.69,170.64,324.18,1.4,0.178,89.75,26.68,2,0,0,0,MEDIUM
8.49,15.69,68.47,178.68,0.55,-0.001,53.52,28.9,1,0,0,0,LOW
17.6,45.94,69.05,116.33,0.7,0.282,84.91,27.5,2,0,0,0,MEDIUM
8.55,31.96,228.61,324.77,1.73,0.3,78.52,38.32,1,0,0,0,MEDIUM
7.65,93.9,179.05,270.42,1.04,-0.053,56.38,29.29,1,0,0,0,MEDIUM
5.52,37.97,92.08,138.96,1.35,0.337,80.8,27.95,1,0,0,0,MEDIUM
6.79,15.34,32.5,45.33,0.71,-0.136,90.34,28.62,1,0,0,0,LOW
5.0,57.41,78.52,219.79,1.06,0.04,98.15,33.82,2,0,0,0,MEDIUM
7.57,48.86,70.12,124.28,0.77,-0.032,70.13,27.33,1,0,0,0,LOW
0.67,59.12,235.19,280.73,1.12,0.127,87.09,31.23,2,0,0,0,MEDIUM
24.12,87.47,295.04,338.47,0.96,-0.395,85.19,20.02,1,0,0,0,MEDIUM
4.82,54.12,130.74,166.26,0.48,-0.121,89.31,35.94,1,0,0,0,LOW
2.43,71.28,175.02,262.45,1.36,-0.215,86.87,29.62,3,0,3,0,MEDIUM
4.91,19.66,130.22,176.67,0.96,0.171,68.37,30.5,1,0,0,0,LOW
16.3,69.28,95.36,155.5,1.18,-0.026,71.76,33.75,1,0,0,0,LOW
12.18,19.07,32.63,313.3,0.72,0.117,78.58,28.28,1,0,0,0,LOW
6.97,55.24,104.57,153.76,0.11,-0.014,97.92,30.49,1,0,0,0,LOW
9.26,64.19,102.0,170.48,1.86,-0.048,71.66,29.83,1,0,0,0,MEDIUM
7.18,24.43,82.69,439.41,1.36,0.107,74.78,31.13,1,0,0,0,MEDIUM
23.27,67.74,355.16,509.62,0.7,-0.179,69.6,24.45,1,0,0,0,MEDIUM
8.25,26.55,110.0,202.85,0.73,-0.052,72.26,31.86,1,0,0,0,LOW
8.29,33.92,88.22,146.79,0.35,0.029,76.47,31.41,4,0,2,1,HIGH
3.12,61.03,84.63,449.53,1.6,0.252,90.35,27.65,1,0,0,0,MEDIUM
5.77,83.46,113.04,466.72,2.05,0.21,95.2,29.85,4,0,0,2,HIGH
5.72,29.88,122.57,517.51,1.51,0.234,71.01,28.48,2,0,0,0,MEDIUM
4.72,14.85,29.98,96.17,0.91,0.047,83.51,27.58,1,0,0,0,LOW
15.95,23.66,308.04,408.42,1.63,-0.023,89.37,29.87,1,0,0,0,MEDIUM
4.69,58.49,117.63,216.77,1.56,0.047,75.99,25.01,1,0,0,0,MEDIUM
3.22,55.91,109.13,245.74,0.88,0.052,80.79,29.33,1,0,0,0,LOW
7.43,53.91,85.3,172.66,1.45,-0.113,86.72,32.72,2,0,0,0,MEDIUM
0.99,45.23,76.23,263.86,0.42,-0.018,83.52,19.81,1,0,0,0,LOW
4.56,27.5,63.33,131.32,0.93,0.244,77.39,23.72,1,0,0,0,LOW
1.55,62.74,75.35,89.42,0.67,0.079,65.89,23.26,1,0,0,0,LOW
12.0,47.24,75.61,267.35,1.52,0.055,99.96,30.65,1,0,0,0,MEDIUM
4.73,34.79,53.64,102.89,1.15,0.085,63.85,28.32,1,0,0,0,LOW
14.19,25.86,108.44,131.56,1.55,-0.052,90.62,25.67,2,0,0,0,MEDIUM
3.23,4.45,27.9,104.86,0.84,0.032,89.14,37.54,5,2,2,2,HIGH
2.36,5.83,40.84,183.81,0.9,-0.057,68.92,28.89,1,0,0,0,LOW
14.75,34.52,59.47,125.73,0.86,-0.005,82.47,24.31,4,0,2,2,HIGH
10.76,55.62,94.99,186.11,0.35,-0.016,70.03,33.77,5,2,3,1,HIGH
19.59,27.83,179.33,283.51,0.81,0.189,84.6,27.76,3,0,3,0,HIGH
2.57,18.01,195.91,299.18,1.48,0.038,91.45,26.24,4,0,3,2,HIGH
2.31,21.42,49.71,196.01,0.98,-0.016,78.13,34.44,2,0,0,0,LOW
4.16,70.39,93.1,266.13,1.08,-0.107,75.7,25.66,1,0,0,0,LOW
24.12,31.82,67.69,120.23,1.06,0.139,94.28,33.57,3,0,3,0,MEDIUM
9.65,52.64,71.24,220.99,0.68,-0.066,77.94,30.74,1,0,0,0,LOW
21.71,32.95,72.72,131.55,1.41,-0.008,87.42,26.71,3,0,2,0,MEDIUM
12.88,27.75,154.7,182.16,1.28,-0.036,79.89,29.04,1,0,0,0,LOW
6.53,55.61,251.02,359.58,1.66,0.022,89.55,26.01,1,0,0,0,MEDIUM
1.82,50.28,95.14,209.85,0.97,-0.063,67.99,27.18,1,0,0,0,LOW
7.37,39.55,71.59,237.98,0.21,-0.144,81.36,31.4,3,0,0,0,MEDIUM
6.06,16.5,62.89,105.56,0.4,-0.225,75.79,32.85,2,0,0,0,LOW
25.65,34.8,70.34,218.74,1.04,0.09,81.59,28.75,1,0,0,0,MEDIUM
8.07,22.47,146.37,220.8,1.4,0.326,90.66,33.83,1,0,0,0,MEDIUM
9.61,59.7,224.77,273.14,0.91,-0.154,83.27,29.1,3,0,0,0,MEDIUM
21.2,90.37,111.01,268.08,1.32,0.154,80.27,28.62,2,0,0,0,MEDIUM
1.98,43.9,49.49,357.97,0.87,0.097,85.98,23.51,1,0,0,0,LOW
5.75,67.71,173.89,298.72,1.87,0.018,65.27,29.25,1,0,0,0,MEDIUM
7.68,22.51,108.26,112.66,0.64,-0.051,78.96,29.23,2,0,0,0,LOW
4.69,69.24,89.51,109.59,0.24,0.099,87.45,33.39,3,0,0,0,MEDIUM
4.51,60.07,97.23,154.18,1.14,0.025,63.92,32.06,1,0,0,0,LOW
10.68,38.91,159.32,325.03,1.21,0.107,79.93,30.38,1,0,0,0,MEDIUM
5.74,43.68,146.59,302.01,0.62,-0.002,80.19,28.56,2,0,0,0,MEDIUM
1.1,95.37,187.84,311.96,1.82,0.198,66.96,32.14,1,0,0,0,MEDIUM
1.85,50.75,109.73,235.83,0.49,-0.058,68.84,29.13,1,0,0,0,LOW
38.91,59.49,263.66,319.74,0.6,-0.218,81.08,26.23,3,0,3,0,HIGH
17.55,31.42,187.1,281.06,1.3,0.018,69.33,36.76,1,0,0,0,MEDIUM
7.21,30.54,51.44,205.65,0.85,-0.094,66.16,25.2,3,0,1,0,MEDIUM
9.15,49.93,92.68,265.69,1.05,0.036,69.69,29.45,3,0,0,0,MEDIUM
12.48,103.46,310.33,412.59,1.48,-0.007,65.17,24.7,1,0,0,0,MEDIUM
11.33,24.96,35.96,119.99,0.79,0.093,77.84,31.87,1,0,0,0,LOW
2.02,40.83,114.12,344.25,0.73,0.094,76.37,33.44,1,0,0,0,LOW
10.55,77.05,215.2,359.0,1.12,0.027,100.0,29.04,5,3,2,2,HIGH
9.46,24.39,156.69,516.45,1.06,0.08,48.36,29.96,4,0,1,1,HIGH
0.79,6.78,20.5,74.5,0.91,0.119,81.13,33.12,5,1,1,2,HIGH
8.3,9.2,22.42,58.11,0.71,-0.065,79.72,26.59,2,0,0,0,LOW
8.53,48.22,79.62,209.31,1.34,0.211,85.95,23.93,1,0,0,0,MEDIUM
3.74,14.95,106.12,162.92,0.67,0.049,77.68,28.08,1,0,0,0,LOW
8.42,134.99,186.07,301.01,0.75,-0.269,96.76,24.7,1,0,0,0,LOW
9.42,23.88,47.24,103.25,1.08,0.145,59.43,31.06,3,0,0,0,MEDIUM
4.3,51.81,77.42,127.66,0.19,0.111,47.0,30.07,1,0,0,0,LOW
10.32,78.04,140.19,251.35,1.47,0.042,72.18,31.9,1,0,0,0,LOW
9.9,71.71,105.95,243.37,0.56,-0.029,90.55,27.43,1,0,0,0,LOW
4.76,108.23,165.63,272.88,0.88,0.033,56.12,34.85,1,0,0,0,MEDIUM
1.86,46.63,333.25,468.96,1.83,0.116,93.23,25.1,3,0,2,0,HIGH
6.16,30.59,57.08,246.11,0.47,-0.195,58.66,30.64,1,0,0,0,LOW
4.61,45.75,77.05,291.05,0.78,0.043,52.54,30.52,2,0,0,0,MEDIUM
15.6,132.92,151.28,252.25,1.55,-0.025,86.26,27.37,2,0,0,0,HIGH
7.71,53.36,135.88,650.25,1.32,0.108,79.42,30.88,1,0,0,0,MEDIUM
9.88,90.53,103.03,255.28,1.04,0.308,94.74,32.66,1,0,0,0,MEDIUM
7.75,29.36,45.36,129.12,0.93,-0.033,76.84,27.74,1,0,0,0,LOW
18.19,62.5,136.05,253.41,0.82,0.176,94.07,29.64,1,0,0,0,MEDIUM
5.82,39.07,119.47,220.21,0.79,0.217,67.74,25.76,1,0,0,0,LOW
6.06,74.21,103.96,180.45,1.3,0.092,77.72,24.63,3,0,0,0,MEDIUM
18.79,43.71,120.75,163.42,1.26,0.277,87.6,23.43,1,0,0,0,MEDIUM
4.12,60.07,91.94,212.55,1.26,0.14,80.03,31.39,2,0,0,0,MEDIUM
19.72,39.74,64.16,416.64,2.03,0.083,73.94,26.26,1,0,0,0,MEDIUM
7.06,112.9,243.2,305.74,1.73,0.087,98.39,29.17,1,0,0,0,MEDIUM
9.58,22.52,132.08,215.2,1.11,-0.082,68.32,26.5,1,0,0,0,LOW
5.24,109.06,192.36,233.44,1.53,-0.142,77.63,29.77,2,0,0,0,MEDIUM
13.42,70.57,106.16,193.29,0.54,-0.05,81.65,34.55,1,0,0,0,LOW
9.49,46.29,112.29,217.9,1.0,0.054,65.04,35.93,1,0,0,0,LOW
7.13,43.38,133.96,266.65,1.7,-0.037,87.47,26.62,3,0,0,0,MEDIUM
1.82,16.56,79.27,187.16,0.42,-0.197,93.37,30.7,1,0,0,0,LOW
4.13,45.86,48.63,228.52,1.32,0.189,100.0,29.37,1,0,0,0,LOW
7.62,19.04,25.61,95.77,1.34,-0.191,78.23,27.14,2,0,0,0,LOW
17.56,87.96,178.7,213.83,0.77,0.008,86.13,34.69,2,0,0,0,MEDIUM
4.18,44.03,141.8,205.67,0.74,0.042,76.63,32.69,1,0,0,0,LOW
11.68,34.23,48.55,88.2,0.63,0.091,77.45,31.43,1,0,0,0,LOW
1.7,10.55,26.61,110.52,0.28,0.261,77.34,29.42,3,0,0,0,LOW
12.21,101.01,130.72,217.25,1.02,0.128,84.46,22.96,1,0,0,0,MEDIUM
2.17,59.56,91.71,151.32,0.66,0.172,72.33,30.44,1,0,0,0,LOW
13.05,41.53,65.05,130.87,0.14,-0.028,60.28,33.1,1,0,0,0,LOW
4.07,42.68,93.49,250.02,0.76,0.06,88.67,30.87,1,0,0,0,LOW
8.44,27.31,77.06,112.81,1.14,0.012,71.17,30.44,4,0,1,1,HIGH
7.83,54.93,80.46,136.4,1.19,0.098,70.05,25.99,2,0,0,0,MEDIUM
2.38,33.98,114.7,198.09,0.84,-0.044,69.37,27.44,1,0,0,0,LOW
15.98,104.9,157.89,256.66,0.46,0.014,65.95,26.35,3,0,3,0,HIGH
13.96,53.05,125.43,266.14,0.79,-0.006,79.56,32.11,5,2,2,2,HIGH
3.8,73.75,215.76,339.33,1.38,0.098,71.09,23.18,1,0,0,0,MEDIUM
15.38,39.44,83.97,125.83,0.5,-0.15,96.81,27.26,1,0,0,0,LOW
7.08,64.05,99.85,372.46,0.85,0.091,73.14,32.39,1,0,0,0,LOW
1.54,29.35,84.23,182.93,1.27,-0.251,78.89,33.8,1,0,0,0,LOW
19.84,29.07,115.62,299.18,0.51,0.094,72.62,29.43,1,0,0,0,LOW
10.22,53.2,98.18,113.35,0.25,-0.17,97.58,26.67,1,0,0,0,LOW
13.2,76.47,132.16,165.38,0.85,0.426,66.75,31.39,4,0,1,0,HIGH
4.3,41.12,104.37,327.38,0.94,0.021,81.73,33.46,3,0,3,0,MEDIUM
2.23,54.59,138.36,234.66,1.33,0.31,87.97,26.29,4,0,1,2,HIGH
12.31,23.18,63.21,247.19,1.47,0.033,96.79,26.51,3,0,3,0,MEDIUM
16.33,33.7,72.94,231.62,0.64,0.033,80.94,28.9,1,0,0,0,LOW
0.93,17.56,75.22,174.06,0.73,0.059,75.19,33.6,1,0,0,0,LOW
23.81,45.09,253.82,316.68,0.85,-0.176,92.38,31.33,2,0,0,0,MEDIUM
4.36,22.58,192.2,276.82,0.7,-0.069,63.1,29.97,2,0,0,0,LOW
19.21,83.07,115.23,432.72,0.49,-0.001,95.17,29.62,2,0,0,0,MEDIUM
5.3,55.13,101.48,164.96,0.72,-0.031,79.92,33.41,1,0,0,0,LOW
8.72,23.07,92.83,255.93,1.24,0.329,73.93,28.89,1,0,0,0,MEDIUM
5.53,74.35,129.9,207.56,0.66,-0.172,83.96,30.16,3,0,1,0,MEDIUM
1.51,31.08,109.98,259.36,0.51,-0.1,100.0,35.68,1,0,0,0,LOW
1.89,57.88,248.2,285.91,1.58,-0.098,60.69,28.13,1,0,0,0,LOW
2.91,19.81,26.77,51.28,1.41,0.038,74.43,29.19,1,0,0,0,LOW
5.21,67.29,78.27,176.92,0.87,0.095,59.9,32.21,1,0,0,0,LOW
1.33,17.76,98.67,218.96,0.59,0.101,78.29,29.87,5,3,3,2,HIGH
4.79,31.89,221.73,309.04,0.8,-0.05,70.1,29.23,1,0,0,0,LOW
9.79,90.64,100.58,314.21,1.16,-0.178,89.15,24.12,1,0,0,0,LOW
22.22,48.96,62.92,118.0,1.25,0.107,60.09,28.99,3,0,1,0,MEDIUM
8.46,33.92,152.74,202.94,0.99,-0.136,91.07,25.83,2,0,0,0,MEDIUM
3.77,39.31,51.06,301.0,1.33,0.111,68.92,28.6,3,0,2,0,MEDIUM
4.73,9.78,295.59,488.98,0.63,0.018,77.35,31.13,1,0,0,0,MEDIUM
2.01,44.8,88.77,140.53,0.94,0.091,76.73,28.09,1,0,0,0,LOW
6.08,20.78,104.45,322.5,0.7,0.107,60.13,28.21,1,0,0,0,LOW
5.52,29.75,70.06,153.51,1.33,0.12,98.13,29.51,1,0,0,0,LOW
8.27,20.94,98.89,212.56,0.91,0.218,77.09,25.46,3,0,0,0,MEDIUM
15.35,19.6,127.95,246.38,0.56,-0.036,88.24,28.82,5,1,3,2,HIGH
12.67,19.33,33.52,105.19,0.41,-0.064,85.46,27.86,1,0,0,0,LOW
2.79,24.97,194.65,270.25,1.27,0.055,73.96,22.88,5,1,3,0,HIGH
1.1,11.89,54.32,195.97,1.54,0.071,67.02,28.65,1,0,0,0,LOW
1.52,45.38,198.1,471.73,1.43,0.194,75.52,31.59,3,0,3,0,HIGH
3.63,30.15,87.91,205.66,0.66,-0.023,57.63,31.69,3,0,1,0,MEDIUM
10.93,53.39,74.18,117.26,1.22,-0.044,62.39,24.49,1,0,0,0,LOW
3.5,21.15,180.7,224.61,0.69,-0.191,86.71,29.06,2,0,0,0,MEDIUM
10.62,29.1,75.55,141.2,0.25,0.191,60.59,32.43,1,0,0,0,LOW
5.45,18.18,115.91,221.5,0.86,0.157,94.49,34.62,2,0,0,0,MEDIUM
24.32,108.09,121.21,499.5,0.13,-0.12,92.52,27.76,2,0,0,0,LOW
13.52,31.38,84.92,200.89,1.24,0.264,77.46,34.14,1,0,0,0,MEDIUM
1.47,15.2,99.03,123.23,1.22,-0.05,83.7,35.41,1,0,0,0,LOW
11.16,57.92,103.45,210.14,1.03,0.062,93.47,30.93,1,0,0,0,MEDIUM
3.12,47.7,80.88,414.74,1.12,0.08,81.22,34.83,1,0,0,0,LOW
0.49,3.37,123.58,199.43,1.51,-0.121,88.8,28.09,1,0,0,0,LOW
13.44,38.12,88.17,136.09,1.45,-0.181,79.46,29.05,4,0,0,1,MEDIUM
4.97,37.22,81.4,155.02,1.54,-0.087,58.37,31.87,1,0,0,0,LOW
21.79,44.14,88.23,397.87,1.46,0.075,69.26,24.85,5,1,1,0,HIGH
16.63,85.11,141.39,224.14,1.2,0.043,89.72,27.46,2,0,0,0,MEDIUM
4.96,30.25,77.15,209.9,0.96,0.167,48.98,30.87,1,0,0,0,LOW
1.18,89.7,233.9,455.28,0.87,-0.106,65.2,28.62,3,0,3,0,HIGH
1.94,24.68,74.61,140.83,0.78,-0.085,67.07,31.48,2,0,0,0,LOW
10.86,32.4,65.92,213.97,0.82,0.202,83.56,30.28,4,0,2,0,MEDIUM
8.74,96.23,178.8,290.08,0.95,0.157,67.85,25.33,1,0,0,0,MEDIUM
2.64,59.7,92.25,156.81,1.56,-0.078,90.82,23.31,3,0,0,0,MEDIUM
3.61,21.54,158.55,186.3,1.28,-0.204,71.87,28.66,1,0,0,0,LOW
28.57,50.98,75.09,215.55,0.85,-0.171,70.31,30.66,1,0,0,0,LOW
7.28,19.64,35.74,171.71,1.19,0.106,72.86,30.96,2,0,0,0,MEDIUM
5.54,108.62,169.88,430.76,0.37,0.079,74.02,31.15,4,0,0,0,MEDIUM
0.81,95.78,120.56,205.96,0.36,0.221,63.35,36.05,1,0,0,0,LOW
1.38,18.54,39.21,126.62,1.1,0.059,96.32,31.39,4,0,2,2,HIGH
14.61,23.82,185.47,252.17,0.8,0.078,70.15,25.49,4,0,1,0,HIGH
21.36,66.18,121.38,256.42,0.65,-0.163,67.92,28.61,1,0,0,0,LOW
6.88,15.58,83.99,104.66,1.37,0.045,61.94,26.65,1,0,0,0,LOW
3.59,28.26,41.47,113.19,1.94,0.121,83.31,32.51,1,0,0,0,MEDIUM
4.49,21.52,87.17,195.79,0.81,0.11,62.33,24.07,4,0,1,0,MEDIUM
3.9,12.27,45.18,203.43,0.86,-0.043,79.42,24.59,1,0,0,0,LOW
6.73,62.59,129.82,166.2,1.06,0.007,78.74,36.01,1,0,0,0,LOW
8.08,30.22,110.49,126.41,0.94,-0.072,73.84,34.4,5,3,2,2,HIGH
25.37,55.36,117.98,238.53,1.19,0.123,71.62,23.47,1,0,0,0,MEDIUM
6.29,17.04,40.54,271.5,0.81,-0.224,64.11,30.11,1,0,0,0,LOW
2.83,90.55,209.12,334.32,1.22,-0.053,86.07,29.09,2,0,0,0,MEDIUM
5.03,54.07,156.4,297.23,0.8,-0.097,79.3,36.57,1,0,0,0,LOW
14.45,48.53,134.22,184.18,0.64,-0.006,64.02,28.3,4,0,0,2,HIGH
4.42,33.41,116.15,160.82,1.44,-0.056,75.98,29.4,1,0,0,0,LOW
0.83,86.4,171.37,274.32,0.83,0.116,93.71,29.02,1,0,0,0,MEDIUM
4.94,47.59,126.55,190.48,0.46,-0.205,64.06,27.76,1,0,0,0,LOW
3.44,7.73,45.46,458.04,0.63,-0.191,81.9,34.9,2,0,0,0,LOW
9.93,28.09,105.76,189.13,1.36,-0.168,70.42,30.68,1,0,0,0,LOW
10.19,14.9,190.95,333.32,0.57,-0.07,74.95,26.67,1,0,0,0,LOW
23.91,60.51,196.0,282.87,0.84,0.047,75.18,26.15,1,0,0,0,MEDIUM
4.21,39.51,102.84,163.39,2.05,0.326,83.03,28.04,1,0,0,0,MEDIUM
6.72,34.64,75.57,195.64,0.88,0.099,78.42,28.64,1,0,0,0,LOW
15.48,37.52,211.84,470.49,0.28,-0.082,75.05,32.88,1,0,0,0,LOW
3.9,49.24,76.66,161.2,1.2,0.183,88.13,25.55,1,0,0,0,LOW
3.55,18.86,84.65,205.83,1.32,0.147,60.81,24.95,3,0,0,0,MEDIUM
1.83,39.41,114.52,119.34,0.32,0.176,89.75,27.22,1,0,0,0,LOW
14.89,52.35,120.02,262.19,0.18,0.091,93.88,28.11,3,0,0,0,MEDIUM
10.02,31.92,105.14,181.72,0.55,0.23,58.23,27.82,1,0,0,0,LOW
4.24,59.39,82.46,129.08,1.07,0.168,88.88,29.72,3,0,0,0,MEDIUM
2.01,45.97,146.61,192.12,0.99,-0.043,80.86,33.92,2,0,0,0,LOW
14.68,46.04,72.05,345.03,1.43,0.119,95.1,31.42,1,0,0,0,MEDIUM
17.97,63.97,148.58,261.54,1.57,0.121,69.76,32.41,1,0,0,0,MEDIUM
3.38,15.35,70.59,167.42,1.08,0.012,81.4,24.28,1,0,0,0,LOW
3.59,38.36,91.98,372.2,1.2,0.178,75.76,32.01,1,0,0,0,MEDIUM
17.22,33.59,48.39,100.24,1.35,0.286,75.84,31.02,1,0,0,0,MEDIUM
2.86,24.23,52.54,213.34,0.35,0.02,71.16,29.04,1,0,0,0,LOW
4.23,21.77,107.38,279.76,1.02,-0.112,81.89,27.02,1,0,0,0,LOW
1.72,67.89,83.88,118.43,0.53,-0.092,95.09,34.15,3,0,0,0,MEDIUM
6.21,103.05,163.05,254.07,1.13,0.143,73.91,22.85,3,0,1,0,HIGH
16.94,61.46,170.54,254.58,1.07,0.032,83.69,31.54,1,0,0,0,MEDIUM
20.79,64.26,245.27,316.12,1.75,0.059,86.62,27.07,3,0,3,0,HIGH
17.3,35.57,204.92,238.81,0.81,-0.274,75.41,31.31,2,0,0,0,LOW
11.48,57.7,91.13,152.77,1.29,-0.082,86.32,27.01,1,0,0,0,LOW
18.16,182.23,187.59,220.5,0.86,-0.168,84.66,31.73,2,0,0,0,MEDIUM
4.02,72.39,122.95,164.7,1.37,-0.084,78.83,33.23,4,0,2,1,HIGH
18.31,62.67,169.18,320.92,0.05,0.001,85.03,29.0,2,0,0,0,LOW
2.3,22.45,141.55,182.71,0.6,0.057,78.1,32.41,2,0,0,0,LOW
6.88,18.07,44.28,134.35,0.74,-0.001,85.24,29.63,1,0,0,0,LOW
10.76,27.24,123.88,438.12,0.8,0.093,84.63,23.1,4,0,0,0,MEDIUM
11.22,48.66,125.61,232.82,0.52,-0.168,93.64,26.09,3,0,3,0,MEDIUM
4.02,59.62,107.1,180.85,1.03,-0.211,73.1,25.0,2,0,0,0,MEDIUM
8.85,13.73,32.35,35.86,1.58,-0.055,92.37,30.63,1,0,0,0,LOW
19.24,68.08,187.58,206.66,0.67,0.025,76.95,31.79,2,0,0,0,MEDIUM
11.55,45.63,151.0,224.81,1.33,0.177,64.02,31.16,1,0,0,0,MEDIUM
18.22,73.91,130.35,183.07,0.94,0.097,91.9,24.11,1,0,0,0,MEDIUM
1.62,20.54,124.6,251.59,0.65,0.068,59.89,30.13,1,0,0,0,LOW
1.0,18.95,47.9,143.09,0.8,0.182,81.72,28.87,2,0,0,0,LOW
2.04,27.74,197.84,218.18,0.46,-0.033,70.09,24.86,1,0,0,0,LOW
3.37,15.87,135.24,218.75,0.26,-0.046,77.3,29.93,3,0,1,0,LOW
11.77,71.43,148.17,239.46,1.45,0.05,74.79,26.36,1,0,0,0,LOW
10.32,98.14,155.08,419.53,0.53,0.203,72.29,28.11,1,0,0,0,MEDIUM
10.1,59.39,102.65,207.47,0.24,0.063,63.87,30.73,1,0,0,0,LOW
11.7,72.4,158.48,273.44,1.06,-0.13,63.33,19.95,3,0,0,0,MEDIUM
7.81,47.43,127.71,243.68,0.56,-0.048,97.04,25.52,1,0,0,0,LOW
6.53,37.43,63.98,263.98,0.66,0.208,87.03,25.52,4,0,0,1,HIGH
1.9,25.62,61.91,533.01,1.05,-0.088,77.73,37.75,1,0,0,0,LOW
9.27,95.15,153.86,280.53,0.84,-0.102,82.99,30.36,1,0,0,0,LOW
3.47,32.37,117.12,155.02,0.72,0.121,66.25,28.81,5,2,2,0,HIGH
17.06,51.48,74.29,127.55,0.7,-0.115,72.43,32.8,1,0,0,0,LOW
5.24,15.08,55.34,122.13,0.82,0.167,51.08,28.91,4,0,1,2,HIGH
8.59,68.83,227.84,342.73,1.41,0.15,68.16,22.31,1,0,0,0,MEDIUM
6.9,76.09,152.79,167.51,0.38,0.3,62.7,29.7,2,0,0,0,MEDIUM
5.51,29.18,88.31,261.82,0.64,-0.147,63.71,29.48,1,0,0,0,LOW
10.67,51.55,57.63,60.37,1.04,0.21,69.0,31.02,3,0,3,0,MEDIUM
16.04,30.81,141.88,387.45,0.78,-0.102,88.45,26.36,4,0,2,1,HIGH
1.87,57.58,79.55,187.59,1.59,-0.164,84.05,27.32,5,1,2,2,HIGH
9.95,18.94,142.81,216.71,0.89,-0.005,76.24,23.73,2,0,0,0,MEDIUM
20.19,68.28,240.05,506.7,0.8,0.088,94.03,25.47,1,0,0,0,MEDIUM
4.62,20.29,81.72,148.47,0.59,0.089,75.46,26.6,1,0,0,0,LOW
5.05,12.71,59.74,159.95,0.8,0.108,63.91,33.43,4,0,0,0,MEDIUM
7.14,131.94,146.28,181.77,0.28,0.117,86.32,33.4,1,0,0,0,LOW
3.92,29.35,104.6,152.1,1.54,0.261,60.58,30.06,4,0,3,2,HIGH
4.94,28.06,261.08,690.96,1.08,0.352,79.95,25.17,1,0,0,0,MEDIUM
4.04,25.21,100.52,226.1,0.58,0.03,70.53,26.67,4,0,3,1,HIGH
18.57,51.13,118.52,209.11,1.59,0.225,96.99,31.17,1,0,0,0,MEDIUM
13.93,75.52,159.08,256.54,1.14,0.173,63.98,31.23,1,0,0,0,MEDIUM
7.28,25.32,142.0,286.06,0.83,0.002,79.08,32.87,1,0,0,0,LOW
8.2,43.01,76.01,111.26,0.76,0.142,73.1,31.71,3,0,3,0,MEDIUM
4.18,76.58,116.73,142.13,0.54,-0.06,75.59,31.99,1,0,0,0,LOW
14.67,73.26,132.01,134.5,1.06,-0.06,71.71,29.37,4,0,1,0,MEDIUM
3.39,39.55,59.48,247.6,1.39,-0.264,69.1,28.43,4,0,1,0,MEDIUM
10.85,18.93,108.96,156.86,0.44,0.054,90.78,28.95,1,0,0,0,LOW
11.19,32.55,132.48,199.63,1.11,0.07,75.47,25.13,1,0,0,0,LOW
11.74,24.84,57.26,232.39,1.52,0.03,80.44,31.19,2,0,0,0,MEDIUM
3.14,18.49,121.03,419.23,0.94,0.219,78.99,29.7,1,0,0,0,MEDIUM
8.86,67.2,114.38,276.16,1.07,-0.103,66.4,27.93,3,0,2,0,MEDIUM
1.61,33.44,71.37,211.87,0.39,-0.017,82.41,30.26,5,3,3,0,HIGH
10.2,92.09,308.81,460.17,1.46,0.159,62.41,31.67,5,1,3,0,HIGH
7.01,69.7,190.01,340.87,0.05,0.234,70.31,31.08,1,0,0,0,MEDIUM
1.6,22.87,53.65,113.37,0.14,-0.053,94.98,35.95,4,0,1,2,MEDIUM
11.74,48.52,76.32,184.63,0.76,-0.053,61.46,25.27,1,0,0,0,LOW
5.91,14.98,73.17,153.47,1.77,0.11,79.03,35.88,2,0,0,0,MEDIUM
9.48,38.59,213.93,264.44,1.22,0.217,86.08,29.58,1,0,0,0,MEDIUM
6.09,106.07,133.09,349.4,1.0,-0.241,80.51,33.93,3,0,3,0,MEDIUM
3.54,42.44,221.25,252.05,1.5,0.124,83.14,31.47,1,0,0,0,MEDIUM
9.56,30.93,227.81,319.27,2.15,0.114,88.33,23.78,1,0,0,0,MEDIUM
1.63,24.31,53.99,95.05,1.02,-0.005,66.45,32.18,1,0,0,0,LOW
9.44,47.51,85.25,91.64,1.55,0.055,86.61,25.98,1,0,0,0,MEDIUM
2.5,53.39,207.67,457.18,1.47,-0.165,66.03,28.65,1,0,0,0,MEDIUM
9.64,39.31,96.84,461.43,1.15,0.003,94.06,23.32,1,0,0,0,MEDIUM
3.35,14.0,54.73,269.83,1.31,0.154,74.07,28.77,3,0,3,0,HIGH
9.69,38.56,60.76,92.42,1.27,0.032,70.71,29.57,1,0,0,0,LOW
13.52,24.98,134.94,405.93,0.79,0.051,96.56,27.6,2,0,0,0,MEDIUM
1.83,36.8,111.31,138.29,0.55,0.234,77.75,29.23,3,0,1,0,MEDIUM
1.34,52.26,115.49,511.86,0.91,-0.186,74.57,32.57,4,0,1,2,HIGH
10.51,38.28,105.99,160.42,1.65,0.189,87.01,24.63,1,0,0,0,MEDIUM
6.54,40.12,89.59,244.53,0.77,0.152,79.05,26.86,1,0,0,0,LOW
3.55,37.85,45.89,68.34,0.61,-0.058,77.53,30.91,3,0,2,0,LOW
8.79,93.6,164.37,349.18,1.97,-0.068,76.25,27.27,3,0,1,0,HIGH
3.83,20.69,123.95,219.21,0.55,-0.04,78.45,26.3,1,0,0,0,LOW
2.27,18.68,93.65,213.63,1.56,-0.046,82.6,31.33,1,0,0,0,LOW
0.67,36.57,58.49,169.63,0.8,-0.148,87.28,24.24,1,0,0,0,LOW
15.38,47.15,140.3,210.73,1.2,-0.02,55.81,24.52,1,0,0,0,LOW
17.17,89.54,141.9,170.64,0.05,0.241,91.17,26.91,4,0,2,2,HIGH
15.57,53.56,119.91,295.21,1.33,-0.072,76.85,30.3,1,0,0,0,LOW
13.84,34.1,39.41,269.96,1.75,0.12,95.96,26.79,1,0,0,0,MEDIUM
5.87,39.61,76.55,330.46,1.1,0.162,73.96,32.42,1,0,0,0,LOW
24.61,47.97,185.7,285.46,0.44,0.1,68.53,30.97,2,0,0,0,MEDIUM
4.28,30.76,93.86,224.06,1.46,-0.089,78.72,35.07,4,0,2,2,HIGH
14.09,100.86,210.65,357.89,0.84,-0.022,66.87,28.64,1,0,0,0,MEDIUM
11.8,60.3,143.23,203.13,1.09,0.048,77.54,26.22,3,0,1,0,MEDIUM
6.06,131.37,224.96,363.13,1.58,0.081,67.18,34.69,3,0,3,0,HIGH
22.38,40.94,82.63,108.63,1.26,0.029,100.0,32.69,2,0,0,0,MEDIUM
17.55,87.38,236.94,426.08,0.99,0.182,75.5,25.96,1,0,0,0,MEDIUM
11.92,50.58,291.54,336.67,0.56,0.148,70.32,32.67,2,0,0,0,MEDIUM
7.84,28.4,51.0,160.77,1.0,-0.195,76.87,34.25,1,0,0,0,LOW
4.05,36.22,113.02,127.32,1.23,0.014,77.41,22.22,1,0,0,0,LOW
4.8,56.63,89.85,315.95,1.12,-0.079,77.72,30.18,3,0,2,0,MEDIUM
1.48,10.08,109.95,322.97,0.92,-0.036,80.31,28.68,1,0,0,0,LOW
0.8,10.15,21.12,149.65,0.53,-0.436,72.13,28.15,4,0,0,1,LOW
3.09,80.32,184.32,234.33,1.19,0.037,79.76,30.54,1,0,0,0,MEDIUM
14.31,28.41,89.7,165.8,1.35,0.286,78.19,31.82,2,0,0,0,MEDIUM
3.63,7.22,12.01,33.94,1.37,-0.004,81.41,27.36,1,0,0,0,LOW
11.07,35.95,46.93,113.95,0.42,0.109,73.92,25.04,1,0,0,0,LOW
2.19,7.94,31.97,67.78,1.21,0.135,70.9,27.31,1,0,0,0,LOW
7.66,40.43,73.2,179.34,1.02,-0.15,60.37,29.4,1,0,0,0,LOW
22.06,75.09,90.51,152.21,0.15,-0.004,75.76,36.69,3,0,1,0,MEDIUM
3.85,18.79,72.81,226.38,0.49,0.138,55.81,27.88,3,0,3,0,MEDIUM
1.87,68.48,128.69,405.26,0.05,0.107,81.95,29.33,4,0,0,1,MEDIUM
12.14,32.39,148.61,218.71,1.18,-0.013,62.23,30.07,4,0,3,1,HIGH
11.63,140.25,170.24,256.2,1.1,0.068,84.95,25.8,3,0,3,0,HIGH
21.8,71.63,116.05,180.1,1.17,-0.148,91.12,23.9,1,0,0,0,LOW
11.27,110.36,155.78,218.59,0.88,0.091,83.4,30.35,1,0,0,0,MEDIUM
6.75,47.51,104.5,245.84,1.28,0.063,71.14,23.57,1,0,0,0,LOW
4.03,48.12,125.23,174.57,1.43,0.048,100.0,22.48,1,0,0,0,MEDIUM
16.0,71.71,115.81,187.72,0.33,0.005,77.37,29.9,4,0,2,0,MEDIUM
0.51,10.12,17.16,80.69,1.27,0.294,75.17,21.67,1,0,0,0,LOW
8.67,101.17,456.42,539.26,0.42,0.133,73.25,27.55,1,0,0,0,MEDIUM
15.18,72.83,97.95,174.06,1.4,-0.163,88.76,28.58,1,0,0,0,MEDIUM
5.84,44.98,98.23,163.28,1.46,-0.024,68.63,20.17,1,0,0,0,MEDIUM
8.09,34.4,108.57,367.86,0.84,0.229,68.6,26.38,1,0,0,0,LOW
8.75,47.42,88.02,231.71,0.8,0.112,74.78,30.76,1,0,0,0,LOW
17.7,89.25,201.95,318.59,1.26,-0.016,91.31,32.39,1,0,0,0,MEDIUM
13.23,88.54,180.65,350.05,1.07,-0.061,72.91,27.86,3,0,1,0,MEDIUM
10.55,110.85,138.51,187.07,0.8,0.155,74.45,28.35,2,0,0,0,MEDIUM
3.1,44.1,124.67,197.88,1.31,-0.02,78.09,24.35,1,0,0,0,LOW
13.79,85.93,192.92,251.24,0.35,-0.017,56.41,34.42,1,0,0,0,LOW
13.04,51.44,162.79,225.28,0.97,-0.164,73.68,28.26,1,0,0,0,LOW
7.39,100.21,176.7,260.29,1.13,0.166,84.64,27.87,1,0,0,0,MEDIUM
13.5,48.68,97.48,267.5,1.05,0.043,67.93,25.97,5,3,3,0,HIGH
2.21,32.59,82.35,139.01,0.58,0.115,93.42,23.42,1,0,0,0,LOW
9.03,37.64,196.2,469.3,0.75,-0.07,78.38,35.32,2,0,0,0,MEDIUM
13.76,44.19,123.76,304.59,1.29,-0.018,81.69,22.23,1,0,0,0,MEDIUM
9.26,49.09,268.42,361.86,1.38,0.055,80.06,31.61,1,0,0,0,MEDIUM
19.83,60.42,145.18,182.49,1.01,0.136,86.84,32.79,4,0,1,2,HIGH
3.01,28.33,62.89,196.65,1.11,0.089,72.7,25.33,1,0,0,0,MEDIUM
5.94,10.69,59.25,75.25,1.07,0.023,77.4,25.66,1,0,0,0,LOW
16.38,36.94,60.82,184.94,0.69,0.09,73.48,23.21,2,0,0,0,MEDIUM
11.0,25.19,131.82,328.07,1.1,-0.062,69.54,30.51,2,0,0,0,LOW
2.89,36.75,46.41,104.61,0.24,-0.059,69.02,27.87,3,0,3,0,MEDIUM
4.33,24.35,94.41,164.17,1.19,-0.113,76.57,35.92,5,2,1,0,HIGH
0.17,43.42,105.9,151.09,0.67,0.09,96.27,25.79,1,0,0,0,LOW
5.76,70.16,175.64,237.92,0.62,0.056,88.48,28.04,1,0,0,0,LOW
20.3,45.17,120.59,356.84,1.03,0.064,59.12,28.17,2,0,0,0,MEDIUM
14.01,120.16,214.52,317.21,1.03,-0.085,87.17,26.66,1,0,0,0,MEDIUM
5.26,11.15,56.73,226.23,1.06,0.024,91.89,28.37,4,0,0,0,MEDIUM
1.95,49.76,107.24,348.56,0.09,-0.005,79.88,28.15,3,0,0,0,LOW
17.05,44.77,70.13,187.16,0.38,-0.089,77.99,30.67,1,0,0,0,LOW
2.95,70.16,160.95,295.4,1.0,0.072,66.4,30.43,4,0,2,2,HIGH
34.3,88.46,126.19,140.67,1.25,-0.035,70.9,24.68,2,0,0,0,MEDIUM
1.54,36.51,280.57,424.1,0.05,0.285,69.2,28.13,1,0,0,0,LOW
2.54,30.44,77.88,117.66,0.61,0.077,70.56,22.34,2,0,0,0,LOW
2.67,108.78,173.58,377.46,1.35,-0.009,77.91,27.91,2,0,0,0,MEDIUM
10.61,22.48,110.44,270.69,1.94,-0.104,67.44,30.02,1,0,0,0,LOW
12.0,49.05,77.21,108.68,0.78,0.059,79.14,27.73,2,0,0,0,MEDIUM
1.65,110.17,194.41,203.24,1.43,0.172,88.34,28.03,1,0,0,0,MEDIUM
17.88,63.18,139.9,314.12,0.58,-0.066,80.28,29.29,1,0,0,0,LOW
7.42,86.64,203.01,374.34,0.74,-0.007,69.47,31.66,1,0,0,0,LOW
8.9,40.85,86.11,140.23,0.62,-0.009,79.63,26.49,1,0,0,0,LOW
7.81,17.19,104.17,227.19,0.42,-0.059,92.17,28.23,4,0,0,0,MEDIUM
0.92,30.63,100.46,283.74,0.53,-0.367,100.0,23.54,2,0,0,0,LOW
5.91,61.35,96.97,231.02,0.26,-0.03,100.0,31.41,3,0,0,0,MEDIUM
8.64,34.15,160.68,224.02,0.94,0.079,89.9,28.69,1,0,0,0,LOW
7.87,18.54,55.17,64.32,1.44,-0.099,77.37,28.13,3,0,1,0,MEDIUM
11.14,81.04,172.18,187.68,1.49,0.046,74.19,30.22,4,0,3,0,HIGH
8.62,60.09,116.69,298.51,0.34,0.147,82.53,29.0,1,0,0,0,LOW
22.24,71.61,91.56,108.86,1.19,0.086,76.03,30.37,1,0,0,0,LOW
6.07,34.08,48.15,317.48,1.81,-0.107,89.14,23.77,2,0,0,0,MEDIUM
7.72,39.05,88.18,100.9,1.38,-0.125,70.76,26.79,3,0,3,0,MEDIUM
22.36,136.58,359.85,653.09,1.75,0.085,78.9,30.22,1,0,0,0,HIGH
9.94,56.06,104.17,276.35,1.47,-0.344,68.83,33.8,1,0,0,0,LOW
8.51,109.33,254.33,426.02,0.99,0.052,78.6,23.76,5,1,2,2,HIGH
14.84,22.87,65.99,264.68,0.86,-0.001,73.76,28.6,1,0,0,0,LOW
3.19,30.56,158.7,305.48,0.94,-0.03,71.51,30.91,1,0,0,0,LOW
4.25,33.74,122.0,210.51,0.24,0.045,78.62,23.14,2,0,0,0,LOW
5.84,36.96,51.66,74.27,0.66,-0.149,88.15,29.69,1,0,0,0,LOW
9.33,49.8,130.5,167.08,1.25,0.063,89.78,31.9,1,0,0,0,LOW
10.95,21.83,117.27,198.58,0.26,0.203,73.69,26.87,1,0,0,0,LOW
5.45,30.89,182.84,446.98,1.25,0.343,82.4,28.83,1,0,0,0,MEDIUM
20.06,53.54,136.86,186.32,0.91,0.026,90.38,34.96,1,0,0,0,LOW
2.1,52.54,78.44,148.21,1.07,0.163,85.95,37.83,1,0,0,0,LOW
6.65,82.04,107.05,183.75,1.21,0.09,90.18,33.22,1,0,0,0,LOW
1.1,35.92,47.09,173.55,0.71,-0.193,69.6,27.02,1,0,0,0,LOW
2.32,43.1,223.37,338.33,1.25,0.176,71.5,35.54,3,0,3,0,HIGH
1.84,21.56,48.2,99.99,0.64,-0.077,90.28,33.92,2,0,0,0,LOW
7.98,39.37,86.04,196.79,1.37,0.037,67.15,28.27,2,0,0,0,LOW
11.94,31.59,173.88,343.05,0.58,-0.038,81.43,27.45,2,0,0,0,MEDIUM
10.38,13.35,62.98,188.8,2.4,0.169,58.94,32.2,2,0,0,0,MEDIUM
12.43,38.63,135.5,152.54,0.81,0.028,72.67,34.6,5,3,2,1,HIGH
11.55,45.65,159.48,196.86,1.64,0.033,79.17,35.87,4,0,2,2,HIGH
10.94,15.78,52.07,201.93,1.59,0.066,78.87,34.01,1,0,0,0,LOW
2.56,67.71,128.39,310.27,1.46,-0.087,83.31,28.12,1,0,0,0,MEDIUM
12.51,58.12,108.17,222.09,0.42,-0.096,100.0,25.39,3,0,3,0,MEDIUM
18.77,69.57,129.13,180.77,1.42,-0.056,67.63,28.67,1,0,0,0,LOW
38.14,71.64,162.48,178.46,0.3,-0.078,91.64,31.49,2,0,0,0,MEDIUM
2.03,17.43,151.51,185.84,0.51,0.207,64.16,27.03,1,0,0,0,LOW
21.57,36.53,98.69,132.34,1.52,0.225,82.38,25.86,2,0,0,0,MEDIUM
7.64,46.84,212.97,318.9,0.8,0.268,85.31,27.64,2,0,0,0,MEDIUM
10.32,77.42,238.31,313.68,0.58,-0.016,69.81,40.0,1,0,0,0,LOW
5.54,29.47,81.3,213.83,0.47,0.268,77.19,26.81,2,0,0,0,MEDIUM
13.42,30.77,116.29,186.34,0.69,0.012,74.23,28.73,1,0,0,0,LOW
8.16,44.65,92.37,456.36,0.7,0.197,97.9,32.33,1,0,0,0,MEDIUM
19.34,43.15,64.89,170.98,1.09,0.072,100.0,31.71,1,0,0,0,LOW
4.67,28.93,98.1,424.88,0.64,0.071,70.73,34.09,1,0,0,0,LOW
15.43,63.42,103.68,221.82,1.15,-0.071,90.65,27.54,5,1,0,1,HIGH
7.69,74.49,244.97,247.62,2.06,0.165,87.4,31.69,2,0,0,0,HIGH
18.9,30.11,162.6,224.8,0.55,-0.064,96.89,28.08,5,1,1,2,HIGH
1.56,35.86,71.36,173.32,1.69,0.202,85.16,33.29,1,0,0,0,MEDIUM
9.82,19.24,36.02,234.09,1.33,-0.111,82.07,27.52,1,0,0,0,LOW
9.2,53.59,119.19,298.28,0.34,0.068,81.18,28.57,1,0,0,0,LOW
21.91,65.37,88.88,133.4,1.05,0.126,70.28,33.9,2,0,0,0,MEDIUM
8.52,39.19,96.07,346.7,1.28,0.192,76.75,30.93,2,0,0,0,MEDIUM
14.27,41.85,169.5,350.3,1.92,-0.02,58.0,30.14,2,0,0,0,MEDIUM
1.83,40.38,86.78,158.47,0.68,0.075,79.61,29.1,1,0,0,0,LOW
7.23,24.98,54.49,100.32,1.37,-0.123,85.8,26.95,3,0,3,0,MEDIUM
3.82,44.97,273.22,292.66,0.63,-0.004,90.77,31.22,1,0,0,0,LOW
6.95,29.42,51.32,62.78,0.76,0.199,75.06,27.72,5,1,3,1,HIGH
2.14,43.13,147.21,331.34,0.62,0.067,83.23,33.18,1,0,0,0,LOW
10.53,58.89,124.44,209.79,0.05,0.022,69.64,31.11,1,0,0,0,LOW
12.39,27.51,69.55,150.21,0.7,-0.061,71.87,30.36,1,0,0,0,LOW
7.01,42.96,171.33,266.69,0.88,-0.003,81.38,28.71,2,0,0,0,LOW
5.4,16.48,80.63,116.3,0.82,0.146,89.43,33.12,1,0,0,0,LOW
7.4,37.07,44.49,320.16,1.3,0.035,100.0,27.65,4,0,2,2,HIGH
12.75,95.66,156.02,297.91,0.75,0.026,71.26,25.98,1,0,0,0,MEDIUM
9.76,13.65,53.07,201.18,1.18,-0.127,72.92,31.51,1,0,0,0,LOW
7.83,52.66,171.09,197.55,1.05,0.116,100.0,33.17,1,0,0,0,MEDIUM
2.3,26.8,79.86,170.85,1.68,-0.057,96.91,24.54,4,0,2,1,HIGH
14.5,79.1,110.97,133.63,1.27,0.363,87.04,29.6,2,0,0,0,MEDIUM
11.75,65.3,174.34,305.29,1.87,0.191,83.2,30.88,5,3,1,1,HIGH
5.65,44.0,112.0,308.49,1.33,0.082,87.22,29.88,3,0,2,0,MEDIUM
12.23,43.24,101.94,150.58,1.9,-0.098,83.39,31.78,1,0,0,0,MEDIUM
2.0,18.58,96.33,174.85,0.62,0.097,86.59,33.03,2,0,0,0,LOW
3.26,21.85,154.97,197.46,0.27,-0.114,83.84,30.31,1,0,0,0,LOW
22.93,31.49,58.15,326.72,1.2,0.239,86.38,28.81,1,0,0,0,MEDIUM
15.22,44.24,137.33,167.38,1.53,-0.047,88.42,28.56,1,0,0,0,LOW
3.67,13.54,108.65,199.31,1.38,0.123,71.37,31.23,5,3,1,2,HIGH
17.0,71.65,109.85,168.01,0.65,0.277,72.61,30.46,1,0,0,0,LOW
6.86,71.52,108.73,247.19,1.45,-0.084,88.8,28.34,4,0,2,0,HIGH
4.15,24.9,65.14,126.17,2.02,0.065,66.63,27.73,3,0,3,0,HIGH
30.27,97.05,195.78,285.66,1.14,-0.003,79.21,29.5,4,0,3,2,HIGH
2.63,33.5,199.31,312.26,1.5,0.099,52.92,30.86,2,0,0,0,MEDIUM
11.21,82.23,132.69,180.37,0.54,-0.137,91.01,34.12,2,0,0,0,MEDIUM
2.13,22.28,145.36,191.06,1.26,0.077,52.24,28.92,1,0,0,0,LOW
3.26,60.15,120.81,142.25,0.32,0.038,83.17,22.11,2,0,0,0,MEDIUM
13.14,48.22,95.49,149.54,0.98,0.326,65.98,30.47,3,0,3,0,MEDIUM
2.11,55.89,111.75,219.72,1.17,0.152,72.01,28.79,1,0,0,0,LOW
6.5,43.31,125.54,239.53,1.38,0.348,92.66,30.67,1,0,0,0,MEDIUM
0.73,35.0,55.01,65.76,0.35,0.208,77.47,22.55,1,0,0,0,LOW
13.34,122.24,201.76,328.01,2.08,0.135,78.63,22.8,1,0,0,0,HIGH
9.22,51.33,162.38,204.37,0.58,-0.021,92.74,28.03,1,0,0,0,LOW
1.49,31.35,230.63,274.57,0.72,0.245,81.94,31.64,5,1,0,1,HIGH
5.41,45.72,53.24,161.48,2.31,0.292,81.14,32.86,3,0,1,0,HIGH
4.13,89.21,218.13,407.32,0.89,0.228,100.0,31.56,3,0,0,0,HIGH
3.55,23.09,90.67,207.63,1.41,0.323,84.53,30.99,1,0,0,0,MEDIUM
7.83,67.08,142.94,208.6,0.23,-0.006,70.64,29.32,3,0,3,0,MEDIUM
4.22,26.64,148.99,178.3,0.05,0.049,72.95,33.56,4,0,0,1,MEDIUM
7.16,100.23,219.1,472.75,1.37,0.003,74.38,27.2,1,0,0,0,MEDIUM
1.62,7.81,30.98,68.33,0.5,0.103,85.2,26.89,1,0,0,0,LOW
0.78,54.99,142.12,170.92,1.07,0.228,73.93,31.75,1,0,0,0,MEDIUM
1.87,32.31,176.72,483.1,1.44,0.201,79.24,25.11,1,0,0,0,MEDIUM
8.19,39.22,108.37,305.68,1.27,0.008,78.74,25.41,1,0,0,0,LOW
18.0,68.4,207.46,225.03,0.49,0.051,73.31,23.77,2,0,0,0,MEDIUM
4.6,37.97,105.87,146.09,1.22,0.297,95.25,27.71,2,0,0,0,MEDIUM
0.48,85.56,114.31,215.07,1.35,0.18,84.86,31.68,3,0,2,0,HIGH
11.1,61.02,142.59,257.99,1.04,0.066,81.93,33.37,2,0,0,0,MEDIUM
4.88,39.81,60.36,164.44,0.67,0.008,74.07,25.28,2,0,0,0,LOW
7.93,36.63,105.87,331.98,0.61,0.082,66.38,36.99,1,0,0,0,LOW
4.44,60.12,125.89,165.13,0.98,0.266,73.58,23.4,3,0,3,0,HIGH
12.23,57.33,113.92,253.81,1.87,0.014,70.5,30.62,1,0,0,0,MEDIUM
13.71,38.0,51.62,115.4,0.79,0.076,59.01,28.75,1,0,0,0,LOW
7.7,11.85,155.63,358.68,0.96,0.07,70.91,30.57,3,0,2,0,MEDIUM
9.31,64.01,160.42,282.34,0.27,0.364,64.13,26.99,2,0,0,0,MEDIUM
4.02,39.31,117.52,158.44,0.74,0.058,77.26,31.1,2,0,0,0,LOW
16.16,73.28,119.63,182.77,1.06,0.111,72.64,27.81,4,0,2,1,HIGH
5.13,14.32,37.79,129.14,1.9,0.035,79.89,32.17,4,0,2,0,HIGH
2.23,51.36,117.75,222.52,1.18,0.105,82.31,31.49,2,0,0,0,MEDIUM
19.49,74.74,172.06,217.07,0.45,-0.033,79.92,28.79,1,0,0,0,LOW
13.97,19.89,42.51,173.57,0.7,-0.027,75.45,26.18,1,0,0,0,LOW
6.46,51.83,127.24,239.05,1.1,-0.05,86.58,26.99,1,0,0,0,LOW
10.09,130.81,202.69,432.27,1.61,0.049,85.43,32.27,2,0,0,0,MEDIUM
0.24,11.92,16.17,168.32,0.99,-0.088,69.78,28.57,3,0,0,0,LOW
8.78,30.9,69.84,152.42,1.27,0.099,70.37,29.08,4,0,2,1,HIGH
11.92,17.98,108.31,320.48,1.17,0.01,71.37,26.73,4,0,0,2,HIGH
14.36,32.11,154.14,172.27,0.88,0.138,75.23,32.17,1,0,0,0,LOW
6.04,28.28,149.46,241.88,0.6,-0.066,80.85,24.98,1,0,0,0,LOW
4.91,18.5,125.74,332.14,1.44,0.14,85.93,32.34,1,0,0,0,MEDIUM
11.25,30.56,134.03,171.15,1.46,-0.116,74.91,27.59,2,0,0,0,MEDIUM
5.32,41.0,110.24,176.74,1.04,0.033,59.94,30.44,1,0,0,0,LOW
6.98,14.79,89.39,254.71,1.31,0.0,68.28,23.33,1,0,0,0,LOW
0.98,50.47,92.86,129.82,0.42,-0.003,82.97,26.27,2,0,0,0,LOW
16.84,101.29,168.4,265.45,0.42,0.052,90.12,29.51,2,0,0,0,MEDIUM
8.2,27.66,215.11,247.45,1.04,-0.132,67.24,30.24,2,0,0,0,LOW
8.43,56.82,72.77,204.45,1.25,0.159,67.76,30.01,1,0,0,0,LOW
15.85,22.58,49.62,268.34,1.1,0.063,74.59,25.39,3,0,0,0,MEDIUM
11.71,87.7,199.37,299.08,0.94,-0.02,74.74,30.56,3,0,2,0,HIGH
4.44,38.05,83.82,162.48,2.15,0.021,56.97,34.76,1,0,0,0,MEDIUM
1.2,18.79,48.62,81.07,0.78,-0.135,87.43,29.19,3,0,3,0,MEDIUM
13.31,64.71,74.37,106.86,0.64,-0.148,72.46,26.22,1,0,0,0,LOW
1.79,35.55,99.26,247.26,1.14,-0.051,88.56,30.0,1,0,0,0,LOW
7.66,56.0,127.5,157.17,1.46,-0.092,92.32,27.51,5,3,0,2,HIGH
7.46,15.97,75.26,115.07,1.12,-0.123,78.69,28.41,3,0,0,0,MEDIUM
3.37,65.94,86.81,155.4,0.38,0.186,70.21,29.91,1,0,0,0,LOW
12.53,82.61,172.32,316.53,0.53,0.147,55.66,23.76,2,0,0,0,MEDIUM
11.71,94.72,143.93,287.65,1.94,-0.065,100.0,35.72,2,0,0,0,MEDIUM
13.28,27.54,96.68,365.87,1.43,-0.111,81.67,37.81,2,0,0,0,MEDIUM
3.32,51.3,92.12,169.45,1.12,-0.203,100.0,35.09,1,0,0,0,LOW
9.82,55.53,195.48,261.41,0.44,-0.375,88.0,28.51,3,0,2,0,MEDIUM
7.81,68.23,136.91,171.98,2.49,0.05,100.0,22.53,1,0,0,0,MEDIUM
7.98,34.9,129.06,215.79,0.3,0.246,84.8,26.35,4,0,0,1,MEDIUM
8.71,83.91,110.1,351.88,1.04,-0.013,75.06,32.08,1,0,0,0,LOW
2.48,50.33,56.62,107.96,1.07,-0.022,86.17,28.17,1,0,0,0,LOW
7.63,50.25,171.43,461.53,0.05,0.132,92.65,29.34,1,0,0,0,LOW
0.5,31.65,112.81,179.41,1.17,0.202,64.62,31.4,3,0,0,0,MEDIUM
2.21,45.78,192.32,216.85,0.74,0.278,83.52,31.24,1,0,0,0,MEDIUM
5.61,68.23,170.23,218.82,0.84,0.11,87.63,29.14,1,0,0,0,LOW
3.11,22.04,46.17,54.52,1.63,-0.338,75.83,31.11,1,0,0,0,LOW
11.87,72.38,182.45,441.55,0.28,0.061,79.23,20.99,1,0,0,0,LOW
3.57,11.12,145.98,176.92,1.08,0.113,65.21,24.5,1,0,0,0,LOW
26.44,33.98,105.99,281.76,0.81,0.138,73.86,28.46,3,0,2,0,MEDIUM
9.02,33.48,51.79,72.48,1.01,0.097,68.03,27.47,2,0,0,0,LOW
5.8,13.54,90.82,258.34,1.68,0.285,83.23,27.69,2,0,0,0,MEDIUM
3.9,122.73,154.37,325.98,1.07,0.027,92.39,29.55,1,0,0,0,MEDIUM
8.31,42.25,98.02,149.85,0.95,0.219,73.89,30.05,1,0,0,0,LOW
4.13,17.28,34.85,213.81,0.16,0.197,81.86,28.81,3,0,2,0,MEDIUM
12.03,121.11,145.81,202.42,0.97,-0.201,63.61,32.14,2,0,0,0,MEDIUM
6.27,55.95,170.88,236.54,1.33,-0.014,65.15,29.59,2,0,0,0,MEDIUM
16.21,21.91,38.16,84.56,0.84,0.14,74.34,33.24,5,3,1,2,HIGH
1.0,52.68,123.62,135.16,1.33,0.017,80.03,26.73,1,0,0,0,LOW
2.49,45.87,100.09,152.6,0.62,-0.1,83.79,25.51,1,0,0,0,LOW
5.58,26.91,41.34,143.06,0.67,0.069,55.71,27.3,3,0,0,0,MEDIUM
13.46,53.05,108.8,136.45,1.1,-0.01,62.57,33.59,1,0,0,0,LOW
3.61,47.33,93.89,241.1,0.78,0.061,70.71,27.71,2,0,0,0,LOW
27.16,39.85,47.1,176.05,0.95,-0.124,100.0,33.45,1,0,0,0,LOW
6.87,30.6,164.27,260.8,0.69,0.177,42.52,29.41,2,0,0,0,MEDIUM
18.49,44.8,91.82,267.28,1.61,0.112,74.03,27.44,5,3,0,2,HIGH
16.04,27.04,260.79,376.9,0.78,0.029,83.34,29.08,2,0,0,0,MEDIUM
14.0,31.24,143.37,154.64,0.47,0.262,74.47,22.76,3,0,2,0,MEDIUM
3.51,14.88,87.67,126.8,0.82,0.057,80.81,30.62,1,0,0,0,LOW
36.22,93.13,106.31,134.42,1.8,0.216,75.71,28.82,2,0,0,0,MEDIUM
15.7,52.6,130.0,191.21,1.21,-0.118,89.2,30.1,1,0,0,0,LOW
1.42,50.82,81.71,190.92,0.79,-0.004,95.21,32.26,5,2,0,1,HIGH
2.83,25.54,92.37,222.19,1.03,0.054,79.35,30.95,2,0,0,0,LOW
27.06,52.97,94.44,134.5,1.08,0.002,92.23,31.68,1,0,0,0,LOW
9.88,88.32,122.56,200.04,0.97,-0.141,92.09,25.03,4,0,1,0,MEDIUM
9.6,91.02,103.25,139.58,1.56,0.001,77.26,34.93,2,0,0,0,MEDIUM
8.67,35.38,55.56,200.02,1.34,-0.012,87.63,32.1,1,0,0,0,LOW
21.55,67.89,130.65,155.44,1.6,-0.15,75.83,33.65,1,0,0,0,LOW
18.79,99.98,185.68,299.31,0.6,-0.046,85.9,29.61,1,0,0,0,LOW
14.16,47.33,110.69,141.64,0.5,-0.015,88.61,30.35,1,0,0,0,LOW
2.43,28.84,104.06,518.41,0.98,-0.062,55.89,33.62,1,0,0,0,LOW
1.9,40.73,99.4,191.84,1.3,-0.099,60.52,28.39,4,0,2,0,HIGH
0.45,44.18,86.74,191.69,1.57,0.206,85.48,25.6,1,0,0,0,MEDIUM
24.5,52.93,263.87,279.91,1.15,0.075,66.49,29.17,2,0,0,0,MEDIUM
2.99,65.98,124.32,134.95,0.88,0.12,88.26,24.7,2,0,0,0,MEDIUM
4.17,56.69,71.22,192.53,0.23,0.177,81.24,28.54,1,0,0,0,LOW
10.94,72.02,179.47,266.09,1.15,0.336,83.59,26.41,1,0,0,0,MEDIUM
4.2,14.01,55.82,200.65,1.32,0.136,74.31,28.51,3,0,2,0,MEDIUM
3.91,5.72,135.18,192.12,0.74,-0.032,91.86,28.94,1,0,0,0,LOW
5.74,8.66,81.69,152.16,0.63,0.131,83.11,29.73,4,0,3,0,MEDIUM
11.73,82.03,138.83,209.82,0.67,0.163,85.3,30.69,3,0,1,0,MEDIUM
6.65,107.65,315.91,437.57,1.42,0.06,91.08,34.2,2,0,0,0,HIGH
17.63,181.53,203.15,234.08,0.57,-0.02,58.17,28.2,1,0,0,0,MEDIUM
27.15,33.18,55.53,128.69,1.0,0.114,85.62,30.73,2,0,0,0,MEDIUM
7.31,136.27,146.6,334.09,0.51,0.145,84.02,27.59,1,0,0,0,LOW
2.73,39.14,84.73,174.05,0.58,0.119,75.58,27.42,2,0,0,0,LOW
2.19,59.63,91.2,267.34,0.6,0.128,92.41,27.41,5,2,1,0,HIGH
3.53,39.97,81.52,172.0,0.85,-0.158,76.88,29.6,5,3,0,0,HIGH
1.93,17.0,47.11,170.34,0.88,-0.23,67.64,23.75,1,0,0,0,LOW
14.12,28.34,55.48,118.41,0.77,-0.013,83.26,35.81,1,0,0,0,LOW
9.02,36.12,83.45,135.38,1.01,0.103,70.77,32.89,1,0,0,0,LOW
9.81,65.3,124.35,556.19,1.43,-0.167,64.59,34.49,1,0,0,0,MEDIUM
8.62,28.18,68.56,276.12,0.47,-0.008,92.22,26.81,2,0,0,0,LOW
4.59,19.8,100.99,382.4,1.3,0.137,79.61,27.39,1,0,0,0,MEDIUM
7.55,56.23,73.92,98.29,1.08,-0.092,87.15,30.75,1,0,0,0,LOW
7.77,24.54,97.82,207.53,1.5,0.122,67.38,29.2,4,0,3,1,HIGH
1.03,38.79,94.68,121.43,0.66,0.08,67.58,29.77,1,0,0,0,LOW
13.12,49.18,72.42,268.6,0.21,-0.107,72.86,28.17,1,0,0,0,LOW
24.73,47.23,83.79,182.56,1.24,0.016,75.86,25.42,1,0,0,0,LOW
11.1,24.39,85.59,252.73,0.97,0.109,67.5,24.55,1,0,0,0,LOW
23.49,73.26,76.65,130.64,0.05,-0.02,74.83,29.42,3,0,1,0,MEDIUM
2.0,22.84,53.74,111.95,0.05,-0.009,80.65,30.52,4,0,3,2,HIGH
19.98,104.08,192.77,389.57,1.05,-0.033,64.27,29.97,2,0,0,0,MEDIUM
11.6,100.16,217.97,379.03,1.14,0.229,69.67,28.33,5,1,1,1,HIGH
10.87,100.99,112.82,223.94,1.48,0.093,69.85,26.14,1,0,0,0,MEDIUM
11.04,64.26,111.01,120.75,0.69,-0.005,76.14,23.13,1,0,0,0,LOW
6.13,17.78,51.94,117.05,0.74,0.251,82.87,35.22,2,0,0,0,LOW
7.72,65.06,94.93,210.3,0.68,-0.144,72.09,28.5,2,0,0,0,LOW
6.77,55.99,83.45,466.56,0.78,-0.11,70.7,30.15,1,0,0,0,LOW
6.38,28.2,104.85,141.9,0.99,0.303,84.78,38.17,1,0,0,0,LOW
9.33,18.75,151.91,335.65,1.03,-0.082,82.36,34.3,1,0,0,0,LOW
18.78,72.46,120.33,228.65,0.83,0.038,57.86,22.18,2,0,0,0,MEDIUM
22.54,38.81,149.24,304.95,0.53,-0.272,69.34,31.86,1,0,0,0,LOW
17.14,41.88,101.04,247.97,0.43,0.096,67.75,34.44,1,0,0,0,LOW
5.04,59.95,85.55,214.26,1.63,0.185,60.28,32.28,1,0,0,0,MEDIUM
14.24,70.27,117.54,289.89,1.06,0.093,69.77,32.6,5,2,3,0,HIGH
0.84,27.89,101.43,218.17,0.59,0.118,54.95,36.75,1,0,0,0,LOW
9.07,33.0,53.16,110.25,1.48,0.098,73.15,26.48,1,0,0,0,LOW
12.63,76.2,113.52,167.79,0.46,0.155,78.58,28.32,1,0,0,0,LOW
1.55,43.54,163.29,265.68,1.35,0.394,92.39,26.04,1,0,0,0,MEDIUM
12.78,128.23,156.65,203.93,2.03,-0.085,69.77,30.53,1,0,0,0,MEDIUM
1.87,37.85,62.79,138.8,0.72,-0.022,73.79,32.96,3,0,2,0,MEDIUM
11.75,46.72,99.24,158.0,0.45,-0.116,70.46,31.81,1,0,0,0,LOW
4.94,25.57,75.43,115.66,1.69,0.034,93.35,25.08,3,0,3,0,HIGH
3.56,35.43,70.82,106.49,0.05,-0.084,84.07,28.77,1,0,0,0,LOW
11.48,43.55,103.63,207.23,0.39,-0.295,65.7,27.48,1,0,0,0,LOW
3.61,13.09,103.68,165.45,1.35,-0.044,70.87,31.94,1,0,0,0,LOW
35.15,66.24,103.49,133.39,2.18,0.149,80.11,31.24,1,0,0,0,MEDIUM
16.79,30.24,86.35,187.3,1.05,0.14,70.79,28.92,2,0,0,0,MEDIUM
33.39,63.12,85.48,138.28,1.46,0.037,82.3,31.53,1,0,0,0,MEDIUM
17.72,126.37,183.89,253.74,1.08,-0.061,85.0,30.46,1,0,0,0,MEDIUM
1.34,3.05,33.52,105.64,1.32,0.135,82.96,19.78,1,0,0,0,MEDIUM
7.35,24.21,51.94,187.82,0.3,0.115,64.08,33.89,1,0,0,0,LOW
3.37,26.95,146.32,279.05,1.5,0.021,97.48,29.89,2,0,0,0,MEDIUM
6.95,28.19,95.2,302.29,0.98,0.174,81.02,30.31,1,0,0,0,MEDIUM
4.12,39.57,65.97,147.02,1.15,0.161,85.92,27.17,3,0,3,0,HIGH
12.77,65.9,210.89,225.88,0.1,0.039,77.51,29.19,3,0,0,0,MEDIUM
5.29,42.59,68.87,132.61,0.83,0.117,60.48,28.92,2,0,0,0,LOW
3.74,23.49,25.81,196.4,0.44,0.034,80.21,27.64,3,0,3,0,MEDIUM
5.8,47.65,103.53,108.16,1.82,0.134,84.98,29.0,2,0,0,0,MEDIUM
3.94,32.61,131.81,147.75,1.42,-0.037,65.1,28.7,1,0,0,0,LOW
21.2,82.45,138.06,201.51,1.57,0.303,71.93,26.53,3,0,2,0,HIGH
4.05,28.97,46.04,87.23,0.56,-0.182,69.79,28.38,5,1,1,1,HIGH
13.38,29.3,63.19,107.21,0.83,0.225,68.0,29.29,1,0,0,0,LOW
10.21,80.2,89.15,135.17,0.58,-0.085,80.78,28.19,1,0,0,0,LOW
13.0,112.25,174.78,289.68,1.76,0.235,89.84,26.02,1,0,0,0,MEDIUM
1.76,29.39,65.78,194.12,0.05,0.006,74.56,22.48,1,0,0,0,LOW
4.1,44.24,114.39,208.08,0.95,0.046,82.62,26.72,1,0,0,0,LOW
18.25,53.55,71.71,201.77,0.75,0.019,73.46,24.97,2,0,0,0,MEDIUM
12.85,54.75,124.97,177.47,1.34,-0.057,87.24,25.66,1,0,0,0,MEDIUM
6.08,21.44,57.14,129.59,0.91,0.077,74.72,23.68,2,0,0,0,LOW
4.93,18.71,114.75,149.67,0.28,0.262,72.65,24.24,1,0,0,0,LOW
3.26,40.96,62.73,117.38,0.87,-0.052,78.71,31.92,1,0,0,0,LOW
3.71,87.57,138.93,236.81,0.87,-0.118,83.55,27.91,4,0,2,1,HIGH
15.95,24.23,71.5,287.0,1.09,-0.069,65.71,27.31,1,0,0,0,LOW
6.44,39.85,157.99,265.79,0.98,0.175,89.6,23.3,1,0,0,0,LOW
8.85,29.96,56.1,130.95,1.77,-0.072,86.85,25.06,5,1,0,0,HIGH
8.58,86.55,135.18,143.29,1.19,-0.044,78.33,28.03,1,0,0,0,LOW
6.91,16.8,68.31,413.07,1.52,0.113,100.0,28.19,4,0,2,2,HIGH
11.69,68.49,118.16,260.97,1.45,0.388,71.69,30.76,3,0,2,0,HIGH
2.66,69.23,123.51,156.95,1.26,0.079,70.81,26.33,3,0,3,0,MEDIUM
6.45,34.75,110.91,129.89,1.11,-0.302,65.63,25.86,1,0,0,0,LOW
15.07,47.0,135.3,204.04,1.21,0.163,88.09,26.4,5,1,0,1,HIGH
17.1,39.5,83.97,202.78,1.05,0.031,77.6,26.26,3,0,2,0,MEDIUM
8.64,26.75,72.95,209.9,0.05,0.266,77.79,34.69,1,0,0,0,LOW
4.9,60.36,139.11,305.88,1.57,-0.09,64.05,19.76,5,1,1,1,HIGH
10.27,25.95,123.27,186.11,1.52,0.045,86.51,25.91,1,0,0,0,LOW
10.12,18.99,50.12,143.63,1.28,-0.081,84.08,28.63,2,0,0,0,MEDIUM
6.68,56.4,96.85,382.16,0.22,-0.112,74.58,31.38,3,0,0,0,MEDIUM
4.79,85.0,96.09,185.48,0.47,-0.059,81.98,29.61,4,0,3,2,HIGH
2.47,16.1,78.05,170.01,1.32,0.101,68.3,33.78,1,0,0,0,LOW
2.97,68.36,160.85,274.62,1.25,-0.039,72.89,28.7,4,0,1,2,HIGH
2.22,16.02,105.79,370.19,1.01,-0.209,74.16,31.06,2,0,0,0,LOW
17.44,60.85,80.72,227.64,1.38,0.017,80.29,27.8,1,0,0,0,MEDIUM
10.14,58.7,90.85,242.87,0.36,0.164,100.0,25.45,1,0,0,0,LOW
14.85,31.56,65.08,76.38,0.54,0.097,74.31,22.64,3,0,3,0,MEDIUM
9.34,53.26,182.6,368.26,0.94,-0.023,74.16,31.37,2,0,0,0,MEDIUM
21.17,41.26,55.09,258.61,1.46,-0.16,71.93,29.78,3,0,3,0,MEDIUM
18.78,34.54,73.74,92.58,1.0,0.03,66.42,27.45,4,0,1,1,HIGH
3.85,16.69,136.05,154.51,0.96,0.238,75.9,29.77,3,0,1,0,MEDIUM
8.99,174.56,227.65,334.74,1.36,0.218,65.78,27.69,1,0,0,0,MEDIUM
11.07,42.76,87.42,217.15,1.12,-0.079,82.65,28.29,1,0,0,0,LOW
4.97,25.38,89.0,177.76,0.32,-0.215,98.15,32.44,1,0,0,0,LOW
7.18,62.98,93.39,271.09,0.72,-0.086,79.15,34.9,2,0,0,0,LOW
8.22,76.88,180.22,435.07,1.07,0.067,89.93,31.59,2,0,0,0,MEDIUM
10.35,31.7,100.43,121.46,1.44,-0.018,86.62,29.58,5,2,3,1,HIGH
7.93,14.47,110.71,386.83,0.85,0.419,78.5,32.02,1,0,0,0,MEDIUM
7.94,70.97,134.36,262.92,0.74,0.082,58.44,25.9,3,0,0,0,MEDIUM
3.59,55.57,108.05,129.67,0.94,0.246,65.41,26.65,2,0,0,0,MEDIUM
8.71,29.72,142.82,157.58,0.38,0.009,78.43,30.67,1,0,0,0,LOW
16.85,47.54,119.54,144.81,1.42,0.102,67.68,33.58,4,0,3,0,HIGH
22.3,41.48,151.85,189.16,0.6,-0.001,78.19,31.18,1,0,0,0,LOW
1.5,27.39,71.96,90.56,1.21,-0.074,71.57,26.91,1,0,0,0,LOW
7.55,26.03,58.33,75.82,0.7,-0.111,88.94,32.69,1,0,0,0,LOW
3.2,56.44,192.0,294.55,0.83,-0.177,89.3,24.27,2,0,0,0,MEDIUM
5.65,55.01,98.5,160.83,1.11,0.057,61.01,26.91,4,0,0,1,HIGH
11.4,25.67,149.33,293.45,1.53,0.214,81.11,28.24,2,0,0,0,MEDIUM
2.59,27.49,73.93,104.21,1.34,0.072,47.36,26.39,3,0,1,0,MEDIUM
4.33,26.95,67.26,174.75,0.05,0.061,75.58,31.55,2,0,0,0,LOW
4.88,68.58,173.69,406.77,0.64,-0.149,71.33,27.5,1,0,0,0,LOW
7.31,45.31,61.85,136.69,1.07,0.182,90.51,27.28,4,0,0,0,MEDIUM
9.04,61.63,72.13,340.19,0.34,-0.011,70.35,28.49,3,0,0,0,MEDIUM
14.9,73.39,115.57,428.5,1.11,0.131,86.64,26.82,1,0,0,0,MEDIUM
1.63,30.06,46.66,187.27,0.74,0.092,69.99,30.4,1,0,0,0,LOW
18.33,23.41,275.08,383.08,0.72,0.048,84.76,32.99,2,0,0,0,MEDIUM
4.53,46.09,49.93,96.27,1.65,0.058,73.75,29.4,1,0,0,0,MEDIUM
7.03,18.68,132.72,167.09,0.88,0.098,83.68,31.51,1,0,0,0,LOW
8.18,79.1,135.57,260.25,0.92,-0.121,91.69,35.2,2,0,0,0,MEDIUM
5.07,40.58,125.49,194.47,1.1,0.263,76.45,27.66,1,0,0,0,MEDIUM
5.11,128.44,225.0,300.82,1.15,0.042,90.6,30.75,2,0,0,0,MEDIUM
3.08,51.97,176.58,365.47,1.25,0.047,81.27,30.31,3,0,0,0,MEDIUM
19.79,36.14,113.87,294.03,0.76,0.007,72.03,22.66,1,0,0,0,MEDIUM
33.62,70.32,239.17,375.29,0.66,0.258,70.95,28.86,1,0,0,0,MEDIUM
16.86,83.86,334.28,474.74,0.58,0.199,83.96,29.69,3,0,3,0,HIGH
3.65,45.61,63.79,192.14,1.09,-0.041,92.4,32.66,3,0,3,0,MEDIUM
2.83,50.87,170.11,387.11,1.61,0.011,77.76,31.75,4,0,1,0,HIGH
9.96,44.8,65.9,200.47,1.19,-0.114,81.97,31.07,2,0,0,0,MEDIUM
17.67,34.13,113.22,189.19,1.16,-0.037,72.73,29.36,1,0,0,0,LOW
6.92,9.34,20.22,145.48,1.14,0.033,64.95,31.93,4,0,2,0,MEDIUM
11.04,28.37,86.49,124.61,0.71,0.223,87.67,34.81,2,0,0,0,LOW
7.5,55.95,104.73,174.82,1.27,0.253,82.68,27.85,1,0,0,0,MEDIUM
16.81,47.36,194.45,235.42,0.58,0.221,88.42,33.31,5,3,3,0,HIGH
16.91,64.49,181.56,349.7,1.19,0.044,90.92,33.69,1,0,0,0,MEDIUM
23.62,103.06,138.75,261.15,1.6,0.15,78.39,26.48,1,0,0,0,MEDIUM
22.93,43.62,57.41,243.47,0.75,-0.108,75.59,35.22,3,0,2,0,MEDIUM
1.4,7.01,125.07,284.67,0.56,-0.033,77.81,30.1,3,0,2,0,MEDIUM
9.46,118.35,188.98,317.5,1.09,0.216,76.88,32.15,3,0,1,0,HIGH
7.52,49.3,99.68,270.78,0.51,0.029,79.92,31.26,3,0,0,0,LOW
23.2,49.35,57.79,121.77,0.87,0.08,50.77,27.98,3,0,0,0,MEDIUM
7.3,59.31,220.2,237.49,0.34,0.177,81.41,33.65,3,0,3,0,MEDIUM
7.4,12.72,106.51,181.7,1.92,0.009,73.61,27.18,1,0,0,0,LOW
13.31,28.43,57.63,142.59,0.96,-0.003,72.16,34.66,1,0,0,0,LOW
0.66,9.47,93.24,110.74,1.11,0.022,87.32,30.79,5,3,2,0,HIGH
7.23,31.4,85.16,142.86,0.43,0.036,77.5,26.73,2,0,0,0,LOW
3.5,20.67,72.97,149.98,1.08,-0.039,80.5,25.65,3,0,3,0,MEDIUM
4.49,8.7,84.99,271.0,0.56,-0.087,87.83,27.98,1,0,0,0,LOW
15.61,96.05,170.28,220.14,1.19,0.015,76.09,31.13,1,0,0,0,LOW
4.43,56.19,156.01,195.19,1.92,0.12,65.8,29.97,1,0,0,0,MEDIUM
17.15,33.1,50.29,52.61,1.25,0.141,75.72,30.87,1,0,0,0,LOW
3.79,30.41,164.7,231.69,1.4,-0.193,87.95,31.43,1,0,0,0,LOW
5.17,15.2,49.59,245.43,1.23,-0.022,61.88,34.28,1,0,0,0,LOW
5.25,20.44,66.4,381.68,1.17,-0.174,78.91,27.39,1,0,0,0,LOW
11.97,51.47,62.4,324.11,1.15,-0.021,64.54,25.84,1,0,0,0,LOW
8.2,110.59,148.43,228.47,1.14,0.026,78.05,27.89,1,0,0,0,LOW
13.47,45.13,54.5,338.5,1.16,0.054,95.2,27.69,1,0,0,0,MEDIUM
2.2,33.24,118.69,241.51,0.58,-0.21,64.21,29.92,2,0,0,0,LOW
10.74,32.22,51.34,120.93,1.66,0.079,71.99,32.11,1,0,0,0,LOW
6.32,52.26,173.08,204.86,0.59,0.174,81.5,27.78,1,0,0,0,LOW
7.03,26.34,82.88,219.97,0.86,-0.136,83.76,20.48,4,0,2,2,HIGH
12.87,60.24,110.52,183.06,0.43,0.117,77.97,26.25,3,0,0,0,MEDIUM
2.42,24.66,110.65,334.8,0.95,0.053,67.55,25.04,4,0,2,2,HIGH
5.45,67.24,95.85,225.49,0.12,0.082,71.49,30.64,3,0,0,0,LOW
3.62,10.54,28.71,82.5,0.98,-0.157,82.93,29.29,1,0,0,0,LOW
14.6,53.16,83.48,119.6,0.58,-0.132,74.81,30.95,1,0,0,0,LOW
13.81,36.23,84.74,243.32,0.93,0.111,63.55,29.45,3,0,1,0,MEDIUM
1.52,43.51,192.18,288.11,1.08,0.023,67.06,30.71,3,0,3,0,HIGH
4.37,38.83,116.64,354.51,0.97,0.276,79.92,35.86,2,0,0,0,MEDIUM
5.05,52.92,77.1,230.48,0.1,0.031,82.97,25.73,1,0,0,0,LOW
2.01,41.28,112.11,239.49,0.38,-0.154,68.22,32.12,1,0,0,0,LOW
4.29,33.93,39.55,272.37,1.37,-0.018,78.78,33.06,2,0,0,0,MEDIUM
6.38,99.87,188.82,228.96,1.32,-0.131,90.62,29.29,1,0,0,0,MEDIUM
26.83,109.85,190.67,260.9,1.17,0.039,81.21,28.29,1,0,0,0,MEDIUM
11.79,79.89,156.03,308.26,0.54,0.065,83.61,33.98,1,0,0,0,MEDIUM
6.06,16.33,75.13,126.78,1.1,0.224,58.86,22.95,2,0,0,0,MEDIUM
21.44,82.15,89.82,114.01,1.03,0.17,85.47,33.51,2,0,0,0,MEDIUM
4.2,26.22,63.45,261.96,0.9,-0.107,97.3,34.5,2,0,0,0,LOW
4.4,84.27,119.96,310.38,1.45,-0.088,62.03,33.05,4,0,0,2,HIGH
8.63,31.39,109.73,125.21,0.58,-0.247,78.31,28.88,1,0,0,0,LOW
12.13,26.26,33.01,85.97,0.82,0.029,100.0,26.6,5,1,0,0,HIGH
2.72,30.43,83.04,110.87,1.29,0.325,61.18,25.25,3,0,0,0,MEDIUM
7.67,28.16,258.63,284.95,0.62,0.207,71.64,29.96,2,0,0,0,MEDIUM
4.92,22.44,85.64,111.6,1.58,0.01,63.36,32.78,3,0,1,0,MEDIUM
11.09,41.39,157.72,389.74,1.0,0.09,85.41,39.35,5,2,0,1,HIGH
20.15,31.13,41.49,347.23,1.46,0.067,76.19,27.36,4,0,1,1,HIGH
9.42,32.53,44.87,310.47,0.82,-0.127,86.58,33.11,1,0,0,0,LOW
15.21,53.14,108.87,218.78,0.75,0.247,84.52,34.6,4,0,0,1,HIGH
2.38,58.42,123.86,218.44,1.18,0.088,86.83,27.58,4,0,3,2,HIGH
1.47,76.51,145.74,258.1,2.06,-0.098,71.51,30.8,1,0,0,0,MEDIUM
3.96,46.42,54.92,278.34,1.54,0.088,90.81,27.45,1,0,0,0,LOW
24.36,38.67,154.31,225.93,0.27,-0.082,94.45,26.64,1,0,0,0,LOW
5.11,69.6,73.94,122.77,0.67,-0.089,82.51,25.89,1,0,0,0,LOW
6.18,62.07,75.04,237.45,0.75,-0.055,90.32,30.58,1,0,0,0,LOW
11.45,109.04,181.85,247.44,0.47,0.181,76.91,28.39,3,0,0,0,MEDIUM
13.03,46.16,67.6,242.34,0.07,0.285,69.73,30.49,2,0,0,0,MEDIUM
4.32,49.54,69.58,189.7,1.18,0.003,64.52,27.05,2,0,0,0,MEDIUM
10.03,91.17,132.38,434.74,1.6,0.073,80.45,27.02,3,0,3,0,HIGH
3.21,49.31,74.02,303.05,0.74,0.087,82.86,29.28,3,0,1,0,MEDIUM
2.11,68.34,103.48,225.34,1.47,-0.095,76.53,31.91,2,0,0,0,MEDIUM
5.55,40.47,64.75,132.02,1.04,0.032,77.67,29.8,2,0,0,0,LOW
12.0,71.87,178.75,239.21,1.25,0.009,94.28,28.06,1,0,0,0,MEDIUM
10.27,76.62,166.25,380.26,1.33,-0.215,74.45,27.53,1,0,0,0,LOW
8.86,32.92,50.01,116.92,0.66,-0.076,71.95,30.57,1,0,0,0,LOW
0.84,6.56,133.1,243.6,1.51,-0.007,94.16,36.14,2,0,0,0,MEDIUM
7.66,82.81,118.01,205.35,1.02,0.134,72.72,38.57,1,0,0,0,LOW
10.14,39.41,78.85,88.11,0.76,-0.007,77.54,29.95,1,0,0,0,LOW
7.6,16.54,28.22,182.3,1.04,-0.187,76.59,27.92,1,0,0,0,LOW
9.73,28.12,155.41,254.96,2.0,-0.042,73.12,33.29,1,0,0,0,MEDIUM
12.47,33.56,212.76,330.99,0.68,-0.02,68.8,28.47,1,0,0,0,LOW
15.69,118.89,215.94,222.57,0.05,0.063,71.49,21.01,1,0,0,0,LOW
8.8,21.9,37.04,358.66,0.87,0.262,59.98,27.93,1,0,0,0,LOW
7.97,96.73,181.44,438.32,0.74,0.097,78.92,31.45,2,0,0,0,MEDIUM
23.85,30.96,103.43,177.49,0.67,0.377,77.04,27.91,1,0,0,0,MEDIUM
9.03,23.35,34.81,184.08,0.2,-0.195,68.75,33.05,1,0,0,0,LOW
3.35,46.84,58.32,195.91,1.21,0.065,94.7,28.9,4,0,0,1,HIGH
5.29,13.38,192.85,289.33,1.06,0.096,74.25,28.85,2,0,0,0,MEDIUM
8.07,20.86,177.24,350.14,1.28,0.087,57.09,31.63,3,0,2,0,MEDIUM
15.93,32.07,213.67,384.21,1.16,-0.29,72.98,24.2,2,0,0,0,MEDIUM
6.44,56.16,332.87,448.45,1.72,0.111,76.09,26.3,1,0,0,0,MEDIUM
15.73,38.02,63.4,208.11,0.26,0.044,72.21,33.88,1,0,0,0,LOW
6.03,100.8,197.79,249.95,0.44,0.055,72.1,26.2,1,0,0,0,LOW
5.74,81.28,139.26,271.1,1.06,-0.039,75.71,32.22,3,0,0,0,MEDIUM
15.08,52.35,85.53,134.22,1.24,0.092,75.81,26.7,3,0,3,0,MEDIUM
2.88,26.24,65.85,336.71,0.8,-0.169,84.22,28.46,4,0,3,1,HIGH
19.55,33.58,84.07,253.71,0.16,-0.143,60.06,21.65,1,0,0,0,LOW
6.82,148.59,283.07,348.08,1.13,0.042,100.0,32.4,1,0,0,0,MEDIUM
44.83,93.45,144.02,159.98,1.24,-0.009,78.99,27.64,5,1,0,1,HIGH
4.75,58.97,128.73,174.28,0.76,-0.073,79.55,27.05,3,0,0,0,MEDIUM
5.29,68.94,115.12,258.54,1.07,-0.194,69.15,25.13,3,0,1,0,MEDIUM
4.98,27.8,149.21,165.2,0.77,0.066,58.75,26.27,3,0,0,0,MEDIUM
4.14,32.97,112.34,152.81,0.39,0.174,72.82,26.52,3,0,0,0,MEDIUM
2.84,44.77,59.69,98.66,0.76,0.016,85.02,32.3,3,0,3,0,MEDIUM
6.81,84.64,103.47,192.06,0.05,-0.102,90.76,29.24,1,0,0,0,LOW
24.87,72.31,81.39,171.29,1.71,0.126,89.68,29.7,2,0,0,0,MEDIUM
7.44,92.21,136.25,200.44,1.17,-0.039,92.73,34.94,1,0,0,0,MEDIUM
3.03,28.63,117.07,157.14,0.97,0.135,69.28,27.21,1,0,0,0,LOW
4.14,46.99,88.04,216.27,1.46,0.147,58.62,31.66,1,0,0,0,LOW
2.95,55.76,170.44,213.76,1.09,0.085,83.31,31.4,3,0,1,0,MEDIUM
9.09,88.95,94.82,205.59,1.13,0.094,68.42,29.34,3,0,1,0,MEDIUM
10.9,70.37,102.9,375.95,1.03,-0.082,74.21,28.34,1,0,0,0,LOW
7.37,31.19,180.09,241.86,1.16,0.063,64.05,36.22,5,3,2,2,HIGH
7.02,105.86,172.46,408.05,0.84,0.212,52.29,26.85,2,0,0,0,MEDIUM
20.23,42.62,123.5,200.13,1.29,0.125,86.95,27.8,1,0,0,0,MEDIUM
7.75,35.68,81.99,349.63,1.11,0.218,60.98,30.02,5,2,1,2,HIGH
3.88,32.01,101.94,159.52,1.46,0.253,100.0,25.83,1,0,0,0,MEDIUM
6.33,15.97,109.18,184.91,0.9,0.301,86.77,29.32,3,0,3,0,HIGH
11.02,33.54,48.3,171.57,1.27,-0.241,77.5,32.56,1,0,0,0,LOW
3.71,42.73,94.76,121.05,1.02,-0.123,73.65,28.99,1,0,0,0,LOW
15.78,73.96,131.87,213.58,1.03,0.25,65.42,22.72,1,0,0,0,MEDIUM
5.38,23.48,122.4,176.89,0.79,0.133,58.45,33.45,4,0,0,2,HIGH
10.9,63.35,136.72,236.61,0.75,0.106,70.83,28.33,1,0,0,0,LOW
6.09,37.03,140.54,177.64,0.91,-0.053,89.81,27.64,1,0,0,0,LOW
4.25,30.19,51.68,135.27,1.43,-0.105,71.59,31.02,1,0,0,0,LOW
7.39,26.69,41.04,155.74,1.53,0.041,58.63,27.04,1,0,0,0,LOW
9.09,19.46,75.28,503.41,0.18,-0.07,84.05,32.45,1,0,0,0,LOW
2.74,53.35,314.2,318.31,0.77,0.214,72.81,28.64,2,0,0,0,MEDIUM
7.12,50.92,114.87,177.91,0.05,-0.101,83.49,27.04,2,0,0,0,LOW
1.9,22.23,62.89,320.58,1.11,0.093,70.18,28.65,3,0,2,0,MEDIUM
5.0,31.3,111.12,369.45,0.78,0.011,71.92,24.26,1,0,0,0,LOW
9.54,49.92,73.46,137.99,0.67,0.07,76.93,23.48,4,0,3,2,HIGH
2.11,20.34,132.25,181.51,2.2,0.102,73.2,32.36,1,0,0,0,MEDIUM
9.83,93.02,146.87,306.08,1.0,0.036,100.0,31.38,3,0,1,0,MEDIUM
0.8,12.24,109.39,154.01,1.09,0.085,77.88,21.76,1,0,0,0,LOW
9.07,30.98,54.57,377.48,0.05,-0.009,74.04,30.48,1,0,0,0,LOW
0.75,27.16,58.91,276.05,1.72,0.006,89.33,30.08,1,0,0,0,MEDIUM
16.78,49.77,52.97,109.6,0.55,0.049,86.9,28.74,1,0,0,0,LOW
7.94,60.86,138.1,210.33,0.87,0.282,65.96,28.55,2,0,0,0,MEDIUM
4.75,48.13,195.4,508.28,1.38,0.179,77.33,24.06,1,0,0,0,MEDIUM
14.07,61.83,76.35,354.06,0.8,-0.053,83.68,30.78,4,0,0,0,MEDIUM
11.88,75.22,147.8,232.1,1.04,-0.182,70.15,32.44,4,0,0,2,HIGH
10.05,31.8,69.39,228.78,0.25,0.24,88.06,27.09,2,0,0,0,MEDIUM
14.03,110.99,228.19,464.21,0.81,0.171,83.37,27.34,1,0,0,0,MEDIUM
1.8,13.26,23.57,56.26,1.82,-0.181,76.6,30.52,1,0,0,0,LOW
13.5,31.5,72.87,78.11,1.06,0.119,95.82,24.27,1,0,0,0,MEDIUM
16.52,46.24,101.7,161.73,1.72,0.156,81.15,27.94,5,2,0,1,HIGH
8.41,57.04,157.2,262.69,1.55,-0.098,74.52,26.18,1,0,0,0,MEDIUM
37.4,73.19,226.22,449.14,1.72,0.4,84.89,35.95,4,0,1,2,HIGH
8.51,61.47,241.62,290.43,0.92,0.069,70.83,26.36,1,0,0,0,MEDIUM
2.44,113.68,263.03,310.63,0.74,0.128,68.96,32.04,1,0,0,0,MEDIUM
12.79,21.89,113.25,125.61,1.06,-0.023,83.17,22.07,1,0,0,0,LOW
4.72,22.23,32.76,225.39,1.21,0.115,84.03,28.37,1,0,0,0,LOW
2.27,27.69,78.71,274.23,0.05,0.28,73.07,30.24,1,0,0,0,LOW
16.88,120.24,223.43,336.72,1.19,-0.188,74.02,33.27,5,1,1,0,HIGH
3.89,36.15,168.84,442.6,1.19,0.064,74.69,24.9,1,0,0,0,MEDIUM
2.31,24.44,38.66,170.44,1.12,0.179,70.56,28.51,1,0,0,0,LOW
1.47,32.38,113.35,171.78,0.62,0.231,81.39,21.49,4,0,3,1,HIGH
12.84,22.33,141.7,275.63,0.35,-0.05,80.38,29.13,3,0,2,0,MEDIUM
9.2,19.4,95.25,216.24,1.66,-0.187,69.14,25.33,3,0,1,0,MEDIUM
21.41,54.53,212.28,304.79,0.7,0.294,90.16,18.04,1,0,0,0,MEDIUM
7.85,73.71,85.41,250.12,0.29,0.233,77.06,28.37,2,0,0,0,MEDIUM
9.62,106.23,123.58,134.82,0.59,-0.251,92.6,31.15,4,0,0,1,HIGH
17.33,76.82,161.98,260.04,0.61,-0.001,89.67,29.0,1,0,0,0,LOW
9.36,131.9,180.93,385.88,1.52,0.163,100.0,26.12,1,0,0,0,MEDIUM
17.28,39.56,80.92,134.44,0.33,0.161,50.26,33.74,1,0,0,0,LOW
8.17,45.58,99.89,198.69,1.49,-0.027,86.82,27.51,1,0,0,0,MEDIUM
32.87,36.86,166.98,235.93,0.97,0.086,58.8,29.07,1,0,0,0,MEDIUM
2.44,65.69,154.32,252.77,1.33,0.124,67.31,30.8,1,0,0,0,MEDIUM
0.71,26.44,80.37,157.59,0.99,-0.053,74.34,28.89,5,1,2,2,HIGH
4.22,19.33,24.83,228.93,0.37,-0.003,64.16,29.51,1,0,0,0,LOW
1.0,33.44,73.39,148.3,1.26,0.133,73.13,21.59,4,0,1,1,HIGH
1.87,44.24,111.32,352.15,0.71,-0.099,87.31,34.13,1,0,0,0,LOW
10.63,37.1,98.3,211.15,1.26,-0.035,100.0,30.39,1,0,0,0,LOW
15.37,22.13,60.57,229.72,0.27,0.137,72.03,28.24,1,0,0,0,LOW
0.53,61.1,86.16,161.53,1.24,0.08,73.04,24.8,2,0,0,0,MEDIUM
3.09,26.23,98.84,313.27,1.39,0.257,71.9,19.42,5,2,0,1,HIGH
1.7,28.69,165.93,199.84,0.95,0.074,70.91,29.37,4,0,3,2,HIGH
1.93,12.59,41.77,119.37,0.95,0.184,83.06,27.61,1,0,0,0,LOW
19.04,86.91,180.14,217.09,1.21,0.198,92.91,32.01,1,0,0,0,MEDIUM
8.21,46.92,68.95,311.84,0.42,0.189,88.97,32.96,1,0,0,0,LOW
28.08,76.23,105.84,268.72,0.96,0.054,58.58,30.53,3,0,0,0,MEDIUM
2.52,117.74,261.45,302.85,0.05,0.076,66.8,25.44,3,0,2,0,MEDIUM
9.66,30.49,72.44,218.92,0.73,-0.015,65.74,33.08,1,0,0,0,LOW
12.55,90.36,209.89,266.64,0.88,-0.078,91.2,29.45,1,0,0,0,MEDIUM
26.21,34.5,98.5,137.87,0.86,-0.014,67.46,26.88,1,0,0,0,LOW
1.24,11.09,118.1,206.25,1.21,0.248,74.37,27.5,1,0,0,0,MEDIUM
13.15,25.84,72.96,113.95,1.06,0.082,81.32,25.34,1,0,0,0,LOW
22.37,64.84,79.28,261.06,1.13,-0.234,58.62,26.51,1,0,0,0,LOW
1.36,18.23,43.06,60.8,0.36,0.044,77.13,28.53,3,0,1,0,MEDIUM
5.14,60.49,95.1,116.72,0.9,-0.069,92.43,23.1,4,0,3,2,HIGH
14.27,52.0,155.78,304.71,1.12,0.192,68.4,31.59,1,0,0,0,MEDIUM
1.82,54.33,150.02,264.54,0.45,0.093,69.29,32.62,3,0,1,0,MEDIUM
12.88,46.83,132.8,273.58,0.97,0.1,81.01,23.07,1,0,0,0,LOW
3.68,27.26,50.53,132.49,1.64,0.269,69.56,29.67,1,0,0,0,LOW
12.6,57.63,137.83,176.02,0.79,-0.01,93.51,24.6,4,0,1,0,HIGH
12.28,24.03,126.23,224.85,1.4,0.171,79.21,24.27,1,0,0,0,MEDIUM
9.36,23.47,146.63,248.08,1.82,0.029,88.83,35.11,1,0,0,0,MEDIUM
9.69,33.38,93.21,193.29,1.75,-0.072,59.59,31.47,3,0,3,0,HIGH
3.51,59.57,93.4,178.28,0.85,0.064,91.99,30.83,2,0,0,0,MEDIUM
21.11,44.92,125.19,303.28,1.5,0.092,77.26,27.83,1,0,0,0,MEDIUM
3.84,28.64,49.68,471.1,1.12,0.015,84.69,27.05,1,0,0,0,LOW
7.96,63.48,133.74,173.96,0.97,-0.001,69.56,24.34,1,0,0,0,LOW
15.89,30.34,42.34,102.35,0.56,0.112,72.52,36.02,1,0,0,0,LOW
4.61,14.71,26.45,74.65,0.15,-0.02,75.31,29.66,1,0,0,0,LOW
3.48,45.07,133.3,239.53,0.53,-0.087,73.29,33.3,1,0,0,0,LOW
4.38,68.56,168.52,223.98,0.73,0.106,77.9,29.82,1,0,0,0,LOW
15.62,33.09,78.39,145.09,0.85,-0.066,93.11,25.87,1,0,0,0,LOW
17.59,85.68,148.38,222.61,1.83,-0.155,82.3,32.04,1,0,0,0,MEDIUM
1.1,36.24,79.31,277.91,1.47,-0.079,51.33,27.81,1,0,0,0,LOW
8.18,46.67,310.17,472.83,0.79,0.062,84.38,25.45,1,0,0,0,MEDIUM
1.31,39.37,104.34,223.32,1.76,0.317,57.9,34.52,3,0,3,0,HIGH
3.83,25.91,84.56,143.91,1.17,-0.126,90.3,28.57,5,1,0,2,HIGH
6.18,27.26,66.74,154.18,0.9,0.055,76.25,28.79,1,0,0,0,LOW
12.03,38.81,82.95,250.58,1.26,-0.02,77.69,26.89,1,0,0,0,LOW
4.67,36.93,143.1,182.2,1.49,0.094,73.4,28.91,1,0,0,0,MEDIUM
11.15,33.78,49.88,76.03,1.07,0.175,99.34,36.16,1,0,0,0,LOW
3.06,46.33,80.45,109.7,0.05,0.153,55.23,27.4,1,0,0,0,LOW
2.81,85.09,157.6,448.01,1.23,0.265,75.95,31.06,2,0,0,0,MEDIUM
1.33,86.71,142.19,339.95,1.09,0.226,79.9,31.26,4,0,0,0,HIGH
7.51,32.72,45.66,193.69,0.88,-0.218,88.37,31.98,2,0,0,0,LOW
9.48,49.81,76.75,121.75,0.57,0.051,67.44,32.47,5,3,2,0,HIGH
0.32,11.94,146.8,291.28,0.76,-0.022,86.73,29.44,1,0,0,0,LOW
16.16,60.32,147.83,204.02,1.31,0.211,67.46,33.77,1,0,0,0,MEDIUM
11.34,25.54,88.17,148.35,1.47,0.124,72.05,23.95,1,0,0,0,LOW
4.56,39.68,194.8,236.65,1.08,-0.146,86.47,31.0,1,0,0,0,LOW
5.83,92.34,119.77,135.47,0.78,0.259,66.78,35.28,4,0,2,2,HIGH
10.83,50.9,87.57,267.84,1.07,-0.085,75.53,30.53,1,0,0,0,LOW
15.0,31.69,99.34,170.35,0.65,0.112,97.83,32.94,1,0,0,0,LOW
13.1,77.27,90.55,157.82,0.34,0.283,69.02,32.9,1,0,0,0,LOW
2.16,80.43,118.42,424.63,1.5,0.016,44.56,27.74,2,0,0,0,MEDIUM
9.16,22.94,44.2,125.93,1.13,-0.073,84.36,36.68,1,0,0,0,LOW
5.47,25.14,77.25,194.54,1.28,-0.072,74.67,28.26,2,0,0,0,LOW
17.59,176.21,295.63,338.48,0.74,-0.111,94.26,27.24,1,0,0,0,MEDIUM
8.69,79.35,186.67,294.09,1.03,-0.014,87.97,30.23,1,0,0,0,LOW
11.11,39.01,103.25,235.82,1.53,-0.337,60.22,25.94,1,0,0,0,LOW
3.12,47.37,156.96,253.44,1.53,0.129,94.83,23.68,1,0,0,0,MEDIUM
26.78,65.83,104.79,172.67,1.3,-0.042,73.28,25.97,1,0,0,0,LOW
15.74,45.66,159.38,303.84,1.02,-0.02,77.1,34.77,3,0,1,0,MEDIUM
24.8,168.23,178.23,272.93,0.79,0.056,84.16,24.59,1,0,0,0,MEDIUM
6.68,59.52,244.84,301.9,0.53,0.381,80.93,28.04,1,0,0,0,MEDIUM
23.79,31.87,49.6,150.53,1.36,0.101,92.84,31.57,2,0,0,0,MEDIUM
2.47,128.11,137.08,269.46,1.51,-0.311,95.98,28.94,4,0,2,0,HIGH
5.96,88.1,121.7,148.23,1.52,-0.162,64.37,29.11,1,0,0,0,LOW
5.54,36.65,61.93,99.97,1.51,0.035,65.09,35.78,2,0,0,0,LOW
4.79,29.82,141.9,218.31,0.57,0.066,65.33,30.06,1,0,0,0,LOW
2.41,53.94,137.17,258.79,0.62,-0.02,68.44,31.46,1,0,0,0,LOW
0.61,67.07,106.83,312.47,1.01,-0.051,90.02,31.3,1,0,0,0,LOW
9.06,35.81,114.93,227.6,1.12,0.053,99.54,32.36,2,0,0,0,MEDIUM
13.33,44.9,113.22,160.84,0.89,-0.241,81.22,30.88,5,3,3,2,HIGH
22.31,46.77,77.89,224.41,1.59,0.017,67.83,27.99,1,0,0,0,LOW
11.62,45.29,85.12,273.16,0.6,-0.278,80.96,26.33,4,0,0,2,HIGH
16.92,73.66,100.52,184.52,0.41,0.168,83.75,37.15,4,0,1,0,MEDIUM
5.65,94.13,145.08,158.77,1.14,-0.151,94.93,33.14,1,0,0,0,LOW
3.07,47.96,98.12,154.19,0.06,-0.034,73.93,21.55,1,0,0,0,LOW
1.27,39.06,76.6,130.49,0.73,0.122,83.58,28.07,2,0,0,0,LOW
6.91,7.55,94.87,117.84,1.43,-0.237,65.93,27.74,2,0,0,0,LOW
5.05,62.54,118.66,162.03,0.67,-0.04,73.95,25.09,1,0,0,0,LOW
7.07,30.42,141.55,271.8,0.78,0.253,72.72,24.49,3,0,1,0,MEDIUM
3.04,100.26,254.56,403.36,0.05,-0.214,63.21,31.02,1,0,0,0,LOW
5.97,37.26,55.74,248.49,0.68,-0.111,87.45,23.24,1,0,0,0,LOW
5.35,30.56,119.51,145.49,0.32,-0.356,64.9,30.73,1,0,0,0,LOW
5.93,96.55,127.07,207.93,1.04,0.258,88.23,29.24,1,0,0,0,MEDIUM
12.96,22.8,53.68,123.76,0.55,-0.059,91.54,31.34,1,0,0,0,LOW
7.55,51.3,100.55,246.99,1.13,-0.071,73.86,28.91,1,0,0,0,LOW
6.8,125.22,168.32,288.5,1.16,0.07,56.23,34.52,1,0,0,0,LOW
4.36,34.29,123.18,270.13,1.08,0.038,66.58,30.09,1,0,0,0,LOW
23.28,37.63,68.33,119.79,0.77,-0.104,68.51,27.36,1,0,0,0,LOW
2.94,21.28,226.17,370.54,1.06,-0.092,80.77,31.44,1,0,0,0,LOW
24.15,39.12,138.58,278.93,0.2,-0.02,79.91,30.04,2,0,0,0,LOW
20.7,42.75,113.87,349.68,0.91,-0.016,58.0,36.56,3,0,2,0,MEDIUM
6.54,9.98,44.24,146.71,0.79,0.201,74.71,30.22,3,0,3,0,MEDIUM
9.41,32.51,90.45,305.44,0.73,0.192,64.96,30.46,1,0,0,0,LOW
24.43,102.25,245.97,327.59,1.48,-0.149,83.26,28.05,1,0,0,0,MEDIUM
8.37,29.55,182.3,246.84,1.2,0.022,72.0,32.53,2,0,0,0,MEDIUM
3.44,16.43,264.01,382.22,0.54,0.066,91.87,29.89,4,0,1,0,HIGH
18.65,19.66,38.44,371.08,0.93,0.051,73.08,27.43,3,0,2,0,MEDIUM
18.18,53.15,94.16,143.34,1.54,0.057,69.88,39.81,2,0,0,0,MEDIUM
8.92,74.61,121.17,192.22,1.24,0.07,58.97,26.4,1,0,0,0,LOW
11.2,67.33,174.08,246.23,1.01,-0.292,72.01,21.23,4,0,1,0,MEDIUM
0.79,45.15,116.61,182.77,0.42,0.133,77.55,24.96,1,0,0,0,LOW
14.56,53.38,159.03,433.86,1.23,0.114,79.5,31.01,1,0,0,0,MEDIUM
6.89,26.81,54.8,98.77,0.98,0.142,73.84,32.43,3,0,3,0,MEDIUM
2.66,84.01,209.43,419.83,0.5,0.079,90.2,27.74,4,0,1,0,HIGH
5.3,67.18,130.26,209.27,1.77,-0.019,80.97,27.23,5,2,0,2,HIGH
13.77,64.18,181.4,273.52,1.87,0.4,71.55,34.01,1,0,0,0,MEDIUM
9.51,102.43,151.84,334.89,1.35,-0.042,81.66,29.02,5,3,2,2,HIGH
6.9,64.84,237.84,366.72,1.16,0.053,82.3,32.82,1,0,0,0,LOW
12.13,50.69,132.79,148.75,1.15,-0.049,91.29,26.67,1,0,0,0,LOW
10.2,43.65,108.59,236.81,0.53,0.147,57.67,36.32,1,0,0,0,LOW
3.56,11.28,55.94,252.58,0.27,0.042,82.16,25.61,1,0,0,0,LOW
9.53,26.51,57.44,225.3,1.36,0.114,89.59,30.43,1,0,0,0,LOW
8.77,17.96,90.19,236.14,1.05,0.091,91.65,27.02,2,0,0,0,MEDIUM
24.65,26.14,98.86,152.74,0.54,-0.07,64.11,28.59,1,0,0,0,LOW
1.53,3.64,277.92,401.18,1.53,0.223,85.22,30.78,1,0,0,0,MEDIUM
1.82,143.86,255.73,306.63,1.61,0.001,94.04,34.44,2,0,0,0,MEDIUM
23.28,67.07,203.48,226.68,1.73,-0.134,87.33,31.2,2,0,0,0,MEDIUM
2.05,37.29,104.64,163.9,0.86,-0.245,82.14,25.99,2,0,0,0,LOW
2.0,11.7,97.97,179.02,1.44,0.23,97.76,29.84,1,0,0,0,MEDIUM
28.48,47.02,89.45,252.06,1.1,0.126,84.1,18.0,1,0,0,0,MEDIUM
6.02,23.23,104.93,318.76,0.15,0.132,80.59,29.02,1,0,0,0,LOW
3.37,60.42,124.52,166.99,1.08,-0.034,79.41,31.01,1,0,0,0,LOW
11.08,16.55,29.15,65.84,1.52,0.143,82.94,32.22,1,0,0,0,LOW
5.29,40.71,79.12,144.76,1.12,0.077,77.66,33.98,2,0,0,0,MEDIUM
8.03,29.33,219.82,540.79,0.84,-0.16,74.94,25.17,1,0,0,0,LOW
4.74,13.65,37.02,88.97,1.35,0.188,95.1,30.65,1,0,0,0,LOW
10.53,98.58,167.0,382.35,0.64,-0.056,73.61,24.54,1,0,0,0,MEDIUM
6.17,44.4,56.91,199.86,1.7,-0.066,70.73,21.31,2,0,0,0,MEDIUM
6.83,85.02,111.34,353.12,1.11,0.175,59.12,31.41,1,0,0,0,MEDIUM
0.91,15.22,107.02,176.99,1.64,-0.077,96.73,24.78,3,0,0,0,MEDIUM
11.98,45.69,98.98,105.42,0.34,-0.248,57.64,30.01,1,0,0,0,LOW
4.19,31.09,51.51,239.64,1.51,0.042,76.43,30.01,1,0,0,0,LOW
15.05,30.29,135.85,263.67,1.1,-0.076,57.04,25.95,1,0,0,0,LOW
10.52,46.66,135.69,217.83,1.29,0.076,86.37,28.86,1,0,0,0,LOW
0.6,31.46,46.58,117.76,1.3,0.121,83.13,30.66,3,0,2,0,MEDIUM
1.69,42.28,143.21,224.67,1.22,0.122,84.03,28.88,1,0,0,0,MEDIUM
1.51,45.85,79.09,235.48,1.25,0.072,100.0,21.2,1,0,0,0,MEDIUM
33.14,59.51,86.31,196.76,0.67,0.18,75.44,26.38,5,1,3,0,HIGH
2.95,76.21,91.64,114.03,1.11,0.099,92.86,36.08,3,0,3,0,HIGH
2.67,110.87,142.55,232.12,0.49,-0.17,84.42,30.37,1,0,0,0,LOW
7.6,36.94,84.05,136.13,0.76,0.295,82.6,31.59,2,0,0,0,MEDIUM
5.94,41.7,145.62,178.19,0.94,0.001,68.67,28.74,4,0,2,1,HIGH
11.63,34.68,67.24,98.64,0.17,0.114,72.17,38.4,3,0,0,0,LOW
9.99,29.35,136.51,271.99,0.61,-0.222,79.83,32.55,3,0,0,0,MEDIUM
1.09,14.85,75.33,149.96,1.2,0.17,78.96,28.69,1,0,0,0,LOW
18.49,70.36,97.87,210.01,1.47,-0.012,73.47,25.43,2,0,0,0,MEDIUM
8.52,33.26,120.18,166.12,1.5,-0.007,78.87,32.55,1,0,0,0,LOW
1.2,62.67,84.86,141.66,0.93,0.222,62.09,24.08,2,0,0,0,MEDIUM
10.25,42.24,106.91,130.21,0.75,0.105,79.87,25.97,2,0,0,0,MEDIUM
15.73,52.31,168.25,318.36,0.7,0.276,69.89,35.42,1,0,0,0,LOW
11.62,30.68,90.8,313.73,1.59,-0.047,93.72,27.39,1,0,0,0,MEDIUM
19.92,124.14,219.48,255.9,0.88,0.169,72.27,28.64,2,0,0,0,MEDIUM
9.7,35.67,130.75,234.7,0.96,-0.075,73.42,33.5,1,0,0,0,LOW
18.23,48.31,118.76,178.63,0.64,-0.185,78.53,31.5,2,0,0,0,LOW
13.02,72.46,144.58,188.36,1.1,-0.057,68.53,24.47,3,0,0,0,MEDIUM
17.56,47.67,102.7,284.53,0.74,-0.162,85.46,27.87,3,0,3,0,MEDIUM
21.98,62.74,85.77,122.06,2.08,-0.072,54.91,31.24,2,0,0,0,MEDIUM
14.79,43.49,71.62,84.29,0.59,-0.215,53.45,30.04,1,0,0,0,LOW
17.39,76.94,123.52,286.76,1.76,-0.265,75.92,27.39,2,0,0,0,MEDIUM
8.93,26.17,58.84,221.33,0.78,-0.081,57.72,29.57,1,0,0,0,LOW
0.16,109.82,308.78,347.29,1.08,0.028,76.55,31.79,2,0,0,0,MEDIUM
3.51,81.0,171.24,288.22,1.09,0.15,81.71,30.91,1,0,0,0,MEDIUM
6.65,83.41,202.15,430.2,1.05,-0.067,86.26,27.03,1,0,0,0,MEDIUM
8.76,35.72,128.81,177.07,0.83,0.03,81.6,30.22,3,0,0,0,MEDIUM
14.31,34.05,137.75,211.07,1.14,0.206,77.31,30.61,3,0,0,0,MEDIUM
11.53,29.86,91.41,171.59,1.14,0.092,88.82,32.21,5,2,1,0,HIGH
5.34,26.8,48.05,122.92,0.6,0.189,85.55,30.12,1,0,0,0,LOW
22.52,66.1,116.5,290.51,1.29,0.091,78.72,28.31,3,0,2,0,HIGH
3.84,58.33,157.66,168.71,0.05,0.002,89.01,29.25,1,0,0,0,LOW
3.78,76.92,88.03,261.97,1.22,-0.117,70.47,34.56,1,0,0,0,LOW
3.18,42.93,131.56,197.0,0.59,-0.206,80.51,33.5,3,0,1,0,MEDIUM
1.74,8.7,176.2,331.11,0.76,-0.063,53.97,28.22,2,0,0,0,MEDIUM
17.66,54.57,101.75,167.52,0.72,-0.227,79.24,30.52,1,0,0,0,LOW
10.82,129.97,183.72,228.67,0.88,0.282,83.31,27.76,2,0,0,0,MEDIUM
0.36,17.71,109.04,139.71,1.32,0.134,94.38,26.27,2,0,0,0,MEDIUM
3.89,19.56,56.91,74.08,0.75,0.117,63.76,30.73,1,0,0,0,LOW
0.79,21.78,83.4,208.38,0.33,0.117,82.93,32.72,3,0,3,0,MEDIUM
11.55,23.84,61.95,141.32,1.66,0.252,94.81,24.23,3,0,3,0,HIGH
9.2,94.29,203.3,374.77,1.29,0.16,75.28,33.56,1,0,0,0,MEDIUM
7.93,53.09,91.1,211.4,1.83,-0.015,94.17,26.76,1,0,0,0,MEDIUM
0.89,30.36,119.32,199.51,1.27,-0.094,79.05,27.7,1,0,0,0,LOW
11.86,42.69,227.79,292.89,0.66,-0.074,91.41,36.91,1,0,0,0,LOW
18.03,62.89,139.57,181.75,1.53,0.315,99.98,27.82,4,0,0,1,HIGH
11.99,88.66,138.36,206.71,0.17,0.015,65.36,27.94,1,0,0,0,LOW
4.13,20.93,49.08,270.79,1.5,0.047,82.13,24.61,1,0,0,0,LOW
1.74,22.79,226.08,289.56,0.75,-0.038,69.55,32.11,1,0,0,0,LOW
1.55,27.96,147.17,228.43,1.04,-0.142,75.33,26.18,4,0,1,1,MEDIUM
8.85,42.88,90.41,213.75,0.52,0.155,96.33,28.11,1,0,0,0,MEDIUM
7.96,65.53,87.03,267.57,1.34,0.083,74.23,22.16,3,0,0,0,MEDIUM
2.84,36.89,99.44,369.16,0.7,0.067,79.84,38.91,1,0,0,0,LOW
9.4,72.89,128.42,152.68,0.99,0.167,61.14,25.41,1,0,0,0,LOW
2.85,81.76,126.55,173.01,1.51,0.066,66.0,33.39,1,0,0,0,LOW
9.38,20.71,83.22,100.07,1.44,-0.091,85.45,34.09,3,0,1,0,MEDIUM
18.16,36.08,54.39,82.35,0.97,0.016,78.43,24.79,1,0,0,0,LOW
6.26,34.27,101.16,189.41,0.81,0.031,75.1,25.62,1,0,0,0,LOW
16.19,82.27,113.72,136.1,1.47,-0.056,78.72,34.25,1,0,0,0,MEDIUM
13.63,59.82,158.48,267.35,0.65,0.008,100.0,26.74,1,0,0,0,LOW
11.7,118.24,192.47,219.21,1.31,-0.048,78.7,30.82,3,0,2,0,HIGH
11.32,97.11,109.78,292.9,0.93,-0.066,74.12,31.64,1,0,0,0,LOW
10.06,28.43,138.82,199.44,0.92,-0.195,71.93,33.69,1,0,0,0,LOW
10.22,97.99,121.96,277.86,0.84,0.014,88.09,25.3,2,0,0,0,MEDIUM
3.4,51.96,190.37,226.99,0.09,0.001,68.53,29.25,1,0,0,0,LOW
3.33,124.04,160.27,324.02,0.79,-0.149,93.65,30.34,2,0,0,0,MEDIUM
9.48,18.21,21.8,152.33,1.49,-0.117,78.01,34.29,3,0,0,0,MEDIUM
12.17,29.27,53.8,87.29,0.1,0.22,83.01,33.25,2,0,0,0,LOW
1.83,37.47,99.66,177.12,0.71,0.066,73.33,29.34,1,0,0,0,LOW
0.77,13.65,83.67,109.38,1.62,-0.27,75.34,26.97,1,0,0,0,LOW
7.51,53.19,57.24,105.17,1.04,0.105,84.49,23.32,1,0,0,0,LOW
6.93,58.34,206.1,329.6,0.35,0.128,75.25,23.59,2,0,0,0,MEDIUM
24.22,85.03,170.12,218.52,0.71,-0.115,80.82,22.14,1,0,0,0,LOW
5.03,24.0,115.64,160.33,0.1,0.134,71.0,28.32,3,0,3,0,MEDIUM
9.66,38.88,52.88,180.65,0.05,0.036,64.23,32.45,1,0,0,0,LOW
27.42,51.23,160.33,282.67,1.36,0.018,85.84,30.0,1,0,0,0,MEDIUM
4.15,40.59,77.06,152.94,1.31,-0.031,62.15,21.48,3,0,3,0,MEDIUM
16.56,67.1,189.71,239.68,0.33,0.108,67.79,32.26,5,1,3,0,HIGH
4.74,30.19,54.99,149.48,0.62,0.019,70.97,24.53,1,0,0,0,LOW
15.27,139.61,273.51,423.45,0.42,-0.022,74.4,29.45,1,0,0,0,MEDIUM
8.55,61.94,74.69,139.32,1.64,-0.029,93.25,29.39,1,0,0,0,MEDIUM
4.69,19.56,32.44,104.82,0.86,-0.064,84.35,33.01,4,0,0,0,MEDIUM
7.08,9.74,116.85,223.79,1.96,0.114,65.83,33.17,1,0,0,0,MEDIUM
11.55,23.89,291.31,370.41,0.35,0.108,80.34,32.03,5,2,1,1,HIGH
18.78,99.34,177.87,251.88,1.18,-0.139,59.59,27.51,1,0,0,0,MEDIUM
6.63,72.79,104.77,162.13,1.02,0.158,79.16,26.09,4,0,1,0,MEDIUM
21.47,95.24,119.53,134.0,0.46,-0.158,82.72,33.88,3,0,3,0,MEDIUM
1.86,22.5,131.29,235.98,1.51,-0.038,100.0,30.64,4,0,0,1,HIGH
14.33,45.44,77.68,269.67,1.47,0.067,83.9,29.39,1,0,0,0,MEDIUM
11.1,33.66,68.94,118.71,1.2,-0.27,80.09,26.34,3,0,2,0,MEDIUM
4.4,30.43,85.84,177.52,1.51,0.054,100.0,29.16,1,0,0,0,MEDIUM
5.86,75.39,164.67,238.88,1.56,-0.353,69.09,29.24,1,0,0,0,MEDIUM
1.23,73.19,149.26,299.97,0.87,0.08,83.66,29.09,1,0,0,0,LOW
4.51,16.8,72.69,109.75,1.01,-0.247,74.41,35.47,1,0,0,0,LOW
22.96,31.59,71.93,142.63,1.16,0.028,82.68,33.56,5,3,0,1,HIGH
3.32,116.92,124.13,176.99,2.59,0.007,75.49,28.51,2,0,0,0,HIGH
4.66,44.02,67.89,145.08,0.8,-0.228,75.21,28.75,1,0,0,0,LOW
11.2,131.17,181.66,360.74,0.7,0.126,70.55,29.7,1,0,0,0,MEDIUM
14.57,64.76,163.89,312.3,1.39,0.127,60.07,26.52,1,0,0,0,MEDIUM
7.26,57.97,81.27,140.75,0.87,0.042,73.39,32.6,1,0,0,0,LOW
13.74,31.52,45.56,142.65,1.03,0.003,53.87,29.49,5,3,1,2,HIGH
6.21,67.85,152.46,222.05,1.0,0.191,78.3,29.02,1,0,0,0,MEDIUM
13.53,27.36,50.62,68.77,0.59,-0.015,81.97,30.95,4,0,1,1,MEDIUM
3.74,62.43,150.13,228.56,1.02,-0.178,68.48,26.95,2,0,0,0,LOW
5.2,15.0,59.57,299.8,1.46,-0.008,92.14,30.59,2,0,0,0,MEDIUM
10.78,20.65,73.17,177.69,0.31,-0.242,74.28,27.37,1,0,0,0,LOW
6.8,33.56,237.12,280.07,0.57,-0.029,69.32,24.31,3,0,2,0,MEDIUM
15.36,103.29,157.9,256.08,0.95,0.41,88.78,25.92,1,0,0,0,MEDIUM
15.12,38.5,91.18,125.0,1.33,0.272,91.07,30.16,2,0,0,0,MEDIUM
6.42,49.94,175.61,561.92,0.52,0.228,85.2,28.44,3,0,2,0,HIGH
3.82,40.03,88.69,124.48,1.02,-0.024,82.66,37.56,1,0,0,0,LOW
11.22,27.07,32.89,146.62,0.28,0.234,79.24,27.0,2,0,0,0,LOW
16.1,41.9,118.58,206.85,0.75,0.091,88.93,31.59,1,0,0,0,LOW
8.94,48.65,118.39,256.65,0.96,0.199,86.11,31.99,1,0,0,0,LOW
9.17,11.83,35.31,51.27,1.29,0.031,82.29,29.16,1,0,0,0,LOW
2.65,32.08,207.42,236.44,0.93,0.032,63.65,35.58,1,0,0,0,LOW
7.26,33.28,69.67,204.28,1.06,0.092,85.79,34.25,1,0,0,0,LOW
5.85,61.68,68.45,259.39,0.74,0.041,66.08,28.01,4,0,3,1,HIGH
2.89,17.66,72.06,220.52,1.65,0.021,67.9,29.59,3,0,0,0,MEDIUM
5.82,58.57,114.14,157.28,1.7,0.103,97.29,26.1,1,0,0,0,MEDIUM
3.07,66.23,196.55,267.6,1.18,0.029,67.99,36.66,5,3,1,1,HIGH
12.4,91.15,137.73,248.65,0.44,-0.123,76.74,31.15,1,0,0,0,LOW
16.5,42.65,136.84,235.25,1.79,-0.022,71.12,31.24,1,0,0,0,MEDIUM
9.37,39.74,97.89,255.12,0.67,0.059,72.05,31.94,4,0,0,2,HIGH
6.02,16.39,95.72,121.32,0.77,0.025,81.4,31.8,4,0,2,0,MEDIUM
7.94,43.94,170.45,269.52,1.33,0.11,69.29,26.64,1,0,0,0,MEDIUM
22.78,31.84,104.15,201.79,1.01,-0.366,70.4,30.79,1,0,0,0,LOW
2.23,21.77,30.27,173.35,1.07,0.296,82.5,33.1,2,0,0,0,MEDIUM
4.23,23.4,60.3,111.47,0.31,-0.259,76.96,29.48,1,0,0,0,LOW
3.71,35.98,54.8,203.0,1.28,0.014,75.31,29.98,1,0,0,0,LOW
11.07,65.74,151.17,244.98,0.82,0.084,54.57,30.96,1,0,0,0,LOW
9.19,43.68,257.45,477.94,0.84,0.27,73.54,31.16,1,0,0,0,MEDIUM
2.61,64.98,199.96,256.99,1.26,0.008,82.14,33.19,1,0,0,0,MEDIUM
15.49,23.56,64.56,125.22,0.26,-0.118,49.47,27.28,1,0,0,0,LOW
6.04,12.85,58.69,183.56,0.46,-0.083,82.45,20.77,4,0,0,0,MEDIUM
12.64,50.57,74.76,270.96,0.98,0.065,73.82,26.72,3,0,2,0,MEDIUM
10.13,28.44,100.02,186.23,0.27,0.029,86.25,37.43,1,0,0,0,LOW
8.24,57.39,139.88,163.84,1.82,-0.072,68.09,29.68,4,0,0,0,HIGH
4.34,89.06,277.4,417.85,0.88,-0.153,100.0,32.71,1,0,0,0,MEDIUM
9.92,52.73,88.28,100.78,0.41,-0.095,82.06,28.88,1,0,0,0,LOW
1.5,164.05,258.03,349.37,1.59,0.046,86.22,24.37,1,0,0,0,MEDIUM
16.74,46.23,100.89,258.79,0.48,-0.093,89.45,28.9,1,0,0,0,LOW
5.56,79.41,126.45,162.08,0.05,-0.031,89.86,25.56,1,0,0,0,LOW
3.26,55.82,105.83,172.35,1.69,0.244,80.53,31.69,1,0,0,0,MEDIUM
6.12,10.08,71.03,248.32,0.78,0.443,63.98,28.4,1,0,0,0,LOW
8.04,26.47,87.1,186.74,0.31,0.268,82.4,28.29,2,0,0,0,LOW
6.15,108.47,131.17,322.62,1.36,0.36,86.76,28.68,3,0,2,0,HIGH
1.34,56.45,107.35,112.71,1.11,-0.065,82.8,27.73,4,0,1,1,HIGH
14.12,46.32,126.67,246.13,1.64,-0.001,78.79,24.98,1,0,0,0,MEDIUM
15.49,36.06,197.8,254.25,0.61,-0.127,77.56,25.96,1,0,0,0,LOW
8.33,22.78,68.51,115.83,0.28,-0.029,87.75,38.37,1,0,0,0,LOW
26.5,103.88,170.01,210.61,1.28,0.083,90.77,31.02,3,0,1,0,MEDIUM
10.05,34.06,61.86,91.85,0.68,0.043,59.54,25.5,1,0,0,0,LOW
4.29,34.8,93.69,180.95,1.3,0.267,70.66,26.13,1,0,0,0,MEDIUM
8.38,49.01,128.66,222.33,1.57,0.1,75.46,25.74,5,3,0,0,HIGH
11.87,122.54,153.97,192.36,1.27,0.231,86.81,26.84,1,0,0,0,MEDIUM
5.16,20.28,106.77,155.22,0.44,-0.061,67.57,32.36,1,0,0,0,LOW
5.69,53.44,249.91,429.27,1.47,-0.077,89.05,33.64,2,0,0,0,MEDIUM
10.41,36.97,125.26,205.75,1.48,-0.14,81.56,30.2,2,0,0,0,MEDIUM
3.73,25.49,130.57,198.98,1.21,0.077,86.7,28.7,1,0,0,0,LOW
28.34,59.25,194.07,452.01,0.75,0.096,100.0,30.61,1,0,0,0,MEDIUM
1.73,18.38,31.93,106.36,0.75,-0.092,73.95,24.92,1,0,0,0,LOW
2.51,20.86,43.2,115.84,1.79,-0.001,82.33,28.85,1,0,0,0,LOW
7.34,82.3,119.34,197.57,0.89,0.164,68.72,26.64,2,0,0,0,MEDIUM
15.12,36.92,70.38,85.72,0.55,-0.037,57.28,34.7,1,0,0,0,LOW
14.04,22.44,75.58,191.6,1.42,0.287,88.99,26.75,1,0,0,0,MEDIUM
11.4,35.71,55.85,134.96,0.89,-0.118,76.7,30.91,1,0,0,0,LOW
28.31,55.82,96.41,231.57,1.23,0.125,95.91,32.83,2,0,0,0,MEDIUM
9.86,42.67,76.5,155.82,1.03,-0.011,77.28,19.65,4,0,3,0,MEDIUM
15.25,78.86,117.12,191.16,1.36,0.01,87.42,26.5,1,0,0,0,MEDIUM
7.8,29.36,84.02,523.15,0.73,0.289,99.67,28.11,4,0,1,1,HIGH
10.75,34.09,87.53,335.07,1.7,0.184,100.0,31.08,2,0,0,0,MEDIUM
8.71,31.83,123.62,256.67,1.44,0.144,60.99,32.04,1,0,0,0,MEDIUM
10.0,20.47,70.79,242.47,0.05,-0.01,82.63,37.63,4,0,0,0,MEDIUM
14.08,72.45,217.55,261.78,1.42,0.069,91.57,24.43,1,0,0,0,MEDIUM
6.33,78.75,124.47,219.63,1.07,0.388,86.97,26.17,2,0,0,0,MEDIUM
9.08,23.11,50.3,67.08,1.31,-0.058,81.68,29.27,3,0,0,0,MEDIUM
9.95,33.54,59.48,163.56,0.79,0.284,53.9,23.19,4,0,2,0,HIGH
9.18,50.5,193.69,271.87,1.55,0.077,81.86,31.69,1,0,0,0,MEDIUM
5.07,40.12,165.2,274.41,0.48,0.228,84.18,28.6,5,3,1,2,HIGH
6.32,39.78,92.06,141.72,1.52,-0.001,66.71,34.96,1,0,0,0,LOW
25.77,56.81,106.41,142.66,1.14,0.084,69.27,26.8,1,0,0,0,LOW
9.27,60.87,77.26,81.47,1.19,-0.106,66.14,27.99,2,0,0,0,LOW
4.83,23.8,70.7,169.89,1.56,-0.114,93.68,29.08,2,0,0,0,MEDIUM
3.61,23.79,85.02,147.42,0.78,-0.059,73.79,36.99,4,0,3,2,HIGH
13.13,36.27,167.71,314.87,1.26,0.151,83.33,27.64,1,0,0,0,MEDIUM
5.86,45.52,156.33,291.55,0.78,0.089,92.24,34.1,2,0,0,0,LOW
5.77,96.2,128.98,152.93,0.67,0.111,68.94,28.43,1,0,0,0,LOW
4.74,24.93,208.89,244.07,0.57,0.004,84.19,28.86,4,0,1,2,HIGH
3.21,25.69,77.27,189.09,0.67,0.04,58.95,33.15,4,0,1,0,MEDIUM
11.27,19.36,93.94,174.73,0.82,0.169,69.7,25.55,2,0,0,0,MEDIUM
5.16,38.9,84.24,177.88,1.12,0.127,86.69,32.03,2,0,0,0,MEDIUM
16.79,27.19,42.95,228.88,0.05,0.087,72.54,34.14,3,0,3,0,MEDIUM
4.81,75.58,151.28,233.79,0.74,0.251,80.68,28.35,1,0,0,0,MEDIUM
11.13,30.43,163.83,301.4,1.12,0.227,91.23,27.58,1,0,0,0,MEDIUM
22.05,33.43,185.42,271.35,0.89,-0.108,75.59,29.72,2,0,0,0,MEDIUM
3.78,26.16,99.11,316.94,0.53,-0.229,91.74,33.22,1,0,0,0,LOW
2.16,34.9,105.15,275.11,1.1,-0.123,68.97,29.27,2,0,0,0,LOW
2.19,36.71,170.68,270.9,0.8,0.127,83.54,23.06,1,0,0,0,LOW
3.67,19.15,72.14,109.0,0.38,0.05,100.0,26.87,2,0,0,0,LOW
9.77,48.41,90.05,261.64,1.21,0.012,50.38,34.8,3,0,0,0,MEDIUM
10.16,51.18,81.14,131.02,1.42,0.162,79.28,38.36,5,2,3,2,HIGH
2.99,21.19,135.95,172.57,1.34,0.013,87.6,25.16,1,0,0,0,LOW
7.58,43.69,89.01,119.16,1.69,0.124,67.34,27.29,4,0,2,1,HIGH
4.49,135.19,238.43,411.12,1.71,-0.101,67.83,35.73,1,0,0,0,MEDIUM
5.15,33.54,110.53,120.37,0.41,0.324,70.67,35.69,2,0,0,0,MEDIUM
3.04,71.23,162.13,317.36,0.63,0.116,75.94,25.45,1,0,0,0,MEDIUM
2.79,55.24,119.33,306.82,0.9,-0.047,74.03,28.75,1,0,0,0,LOW
20.32,48.84,92.91,248.02,1.37,0.129,66.05,30.5,5,2,0,2,HIGH
24.53,81.94,185.74,349.25,0.76,0.098,79.24,29.5,2,0,0,0,MEDIUM
13.45,59.27,103.28,175.52,0.96,0.204,97.01,35.95,1,0,0,0,LOW
1.16,10.24,45.15,159.31,1.18,0.255,71.9,25.33,1,0,0,0,LOW
8.56,52.97,93.43,131.68,1.47,0.095,68.36,27.95,1,0,0,0,MEDIUM
4.21,16.86,71.25,236.91,0.88,0.361,73.8,26.38,1,0,0,0,LOW
15.55,50.4,182.62,203.74,1.13,-0.044,91.3,34.0,5,1,0,2,HIGH
5.26,56.82,116.64,176.84,1.31,-0.028,73.23,29.7,1,0,0,0,MEDIUM
3.12,28.4,56.57,175.6,0.87,0.062,72.27,27.69,2,0,0,0,MEDIUM
3.79,23.09,108.74,342.18,2.23,0.012,69.03,37.89,2,0,0,0,MEDIUM
7.44,83.08,115.12,279.41,0.66,-0.081,77.64,30.52,2,0,0,0,LOW
10.81,35.56,85.65,163.44,0.41,0.123,68.14,31.73,2,0,0,0,LOW
3.89,48.04,69.4,358.11,1.61,0.114,69.34,27.51,1,0,0,0,MEDIUM
3.69,92.34,121.38,280.18,0.67,-0.023,74.97,28.92,2,0,0,0,MEDIUM
6.93,66.04,135.7,372.47,1.37,0.102,81.85,23.56,1,0,0,0,MEDIUM
12.14,37.24,54.95,141.92,0.64,0.189,71.46,31.05,1,0,0,0,LOW
3.7,38.14,199.77,294.0,1.07,0.339,61.01,32.53,3,0,1,0,HIGH
40.06,102.14,178.66,208.55,1.19,0.078,89.53,30.76,1,0,0,0,MEDIUM
15.34,65.68,87.33,207.61,1.0,-0.052,89.52,31.93,1,0,0,0,LOW
8.62,43.23,231.15,389.22,0.8,0.097,92.87,31.43,2,0,0,0,MEDIUM
14.73,56.04,84.04,133.78,0.73,-0.112,81.53,25.06,1,0,0,0,LOW
2.82,34.21,94.34,135.81,0.85,0.278,62.44,28.7,1,0,0,0,LOW
8.83,42.04,99.49,180.35,1.0,0.166,99.33,28.7,1,0,0,0,LOW
2.6,72.56,100.25,162.53,1.36,0.013,74.14,33.36,1,0,0,0,MEDIUM
2.34,46.61,123.15,229.89,1.41,0.07,92.67,25.42,3,0,2,0,HIGH
3.7,20.08,69.25,142.37,1.23,0.106,72.51,27.24,3,0,0,0,MEDIUM
0.73,26.92,68.93,136.56,1.62,-0.103,78.77,30.22,2,0,0,0,MEDIUM
5.64,32.2,79.84,208.99,1.15,0.05,66.06,29.11,3,0,0,0,MEDIUM
27.2,40.88,115.13,271.43,1.21,0.013,69.98,30.01,1,0,0,0,LOW
8.76,23.82,83.59,141.77,0.53,0.324,84.55,30.55,1,0,0,0,LOW
13.08,46.97,219.68,260.36,0.97,0.195,79.2,25.54,3,0,0,0,MEDIUM
4.54,67.24,153.42,319.66,1.05,0.324,69.33,22.49,1,0,0,0,MEDIUM
29.42,69.0,104.65,407.23,0.14,0.183,75.8,27.03,1,0,0,0,MEDIUM
10.11,57.34,91.63,214.93,2.05,0.054,70.22,25.09,3,0,2,0,HIGH
3.7,50.37,77.66,100.77,1.64,0.136,74.75,36.13,4,0,3,0,HIGH
20.68,47.1,87.69,121.2,0.49,0.116,79.14,30.14,1,0,0,0,LOW
8.99,69.71,123.3,215.49,1.13,-0.155,77.81,21.24,1,0,0,0,MEDIUM
6.16,17.89,173.96,189.69,1.22,-0.024,74.28,30.25,1,0,0,0,LOW
3.56,27.7,68.06,92.62,1.26,-0.112,72.31,30.61,1,0,0,0,LOW
4.4,22.05,191.64,335.27,0.19,-0.216,76.93,29.76,3,0,0,0,LOW
4.3,22.81,53.8,227.68,0.34,-0.067,55.33,29.66,3,0,2,0,LOW
18.03,29.23,99.43,169.01,0.98,0.169,56.69,27.46,4,0,3,2,HIGH
3.13,8.1,53.21,155.6,0.7,-0.109,81.1,24.12,1,0,0,0,LOW
4.54,32.46,110.15,280.25,1.19,-0.117,84.38,28.57,1,0,0,0,LOW
13.31,123.85,171.23,352.73,1.69,0.075,71.03,28.72,1,0,0,0,MEDIUM
17.36,56.07,91.79,144.99,0.32,-0.213,87.72,25.7,1,0,0,0,LOW
8.11,46.49,89.04,107.3,1.45,-0.121,81.28,25.7,5,2,2,1,HIGH
34.22,88.73,141.19,273.46,0.69,-0.064,75.12,29.18,1,0,0,0,MEDIUM
5.72,46.53,97.38,172.06,0.52,-0.106,65.68,24.76,1,0,0,0,LOW
7.98,28.14,169.78,517.68,1.31,0.221,87.04,31.29,4,0,3,2,HIGH
10.6,82.84,106.38,315.59,0.91,-0.135,91.77,30.47,3,0,3,0,MEDIUM
8.6,104.53,184.54,321.19,0.36,-0.188,81.27,29.44,2,0,0,0,MEDIUM
4.93,31.76,67.12,144.56,2.15,0.089,75.18,37.7,1,0,0,0,MEDIUM
3.98,78.38,179.22,254.59,1.26,0.212,64.13,27.23,1,0,0,0,MEDIUM
9.77,68.84,96.63,118.09,0.53,0.265,75.15,25.46,2,0,0,0,MEDIUM
15.23,32.71,68.63,166.69,0.99,0.141,65.01,37.51,1,0,0,0,LOW
25.96,78.42,271.99,416.41,1.1,-0.014,90.7,38.45,3,0,3,0,HIGH
12.42,63.12,73.81,243.56,1.04,0.029,69.55,26.94,1,0,0,0,LOW
4.98,60.54,151.39,173.12,0.62,0.024,83.72,29.37,3,0,2,0,MEDIUM
5.19,52.08,67.63,148.39,0.85,-0.058,72.68,29.64,2,0,0,0,LOW
10.84,33.9,96.2,154.97,1.47,-0.044,81.52,24.24,1,0,0,0,MEDIUM
5.1,41.74,133.86,165.74,0.11,-0.013,68.29,23.99,2,0,0,0,LOW
0.98,26.49,75.15,423.76,1.46,0.062,66.3,29.31,1,0,0,0,LOW
5.08,21.36,41.65,142.88,0.79,0.213,83.12,28.59,1,0,0,0,LOW
2.07,19.93,168.36,332.98,1.24,-0.043,91.77,24.18,1,0,0,0,LOW
3.79,45.63,138.17,288.67,0.61,0.327,75.42,28.0,3,0,2,0,HIGH
5.76,22.69,51.7,106.34,1.54,-0.088,78.14,22.53,1,0,0,0,LOW
2.62,26.54,59.56,113.71,1.43,0.11,53.32,28.64,1,0,0,0,LOW
8.89,77.68,139.33,283.96,1.35,-0.117,96.17,31.3,1,0,0,0,MEDIUM
15.28,41.64,66.31,318.63,0.83,-0.19,65.76,30.07,3,0,1,0,MEDIUM
11.24,109.76,170.23,301.56,1.26,0.214,42.04,27.91,1,0,0,0,MEDIUM
2.57,36.53,103.15,235.3,1.88,-0.02,64.16,32.79,3,0,2,0,HIGH
2.78,83.83,117.61,152.01,1.08,0.109,79.7,28.03,1,0,0,0,MEDIUM
28.93,63.29,92.79,323.95,1.73,0.193,68.93,28.73,2,0,0,0,MEDIUM
7.34,20.64,150.17,204.49,0.4,0.147,63.53,28.51,2,0,0,0,LOW
3.34,9.33,44.55,127.15,0.6,0.151,68.25,28.4,3,0,3,0,MEDIUM
3.36,29.46,89.23,106.49,0.97,0.087,69.15,28.81,1,0,0,0,LOW
18.34,69.99,206.19,275.44,1.16,0.079,83.19,28.19,5,1,0,2,HIGH
12.84,83.44,123.79,235.69,0.47,0.325,84.36,29.5,4,0,0,0,HIGH
8.24,23.39,75.02,279.22,1.16,0.233,76.38,32.87,1,0,0,0,MEDIUM
8.42,35.13,207.42,239.53,1.18,0.033,75.3,26.59,4,0,3,0,HIGH
6.0,51.71,158.79,257.1,0.52,-0.024,73.98,25.2,1,0,0,0,LOW
1.91,33.2,71.65,107.31,0.84,-0.123,77.0,33.43,2,0,0,0,LOW
10.12,51.28,104.96,172.12,1.19,-0.036,88.94,25.72,1,0,0,0,LOW
7.61,90.1,108.07,344.41,1.59,0.021,91.82,28.65,1,0,0,0,MEDIUM
10.15,49.45,109.76,142.91,0.89,0.088,66.87,31.61,1,0,0,0,LOW
7.66,20.58,123.75,322.73,0.99,-0.174,71.84,31.02,2,0,0,0,LOW
9.6,79.09,175.49,224.64,1.21,-0.363,77.98,30.43,2,0,0,0,MEDIUM
15.26,31.43,125.29,513.27,0.65,0.404,79.98,34.67,2,0,0,0,MEDIUM
6.13,32.5,42.61,232.98,1.72,-0.215,62.54,26.73,4,0,1,0,MEDIUM
2.26,66.03,82.77,141.79,0.27,0.036,86.42,26.33,5,1,1,1,HIGH
2.91,93.49,142.66,338.79,1.09,0.068,60.86,35.1,4,0,2,2,HIGH
2.09,93.16,182.28,240.15,0.52,-0.009,69.27,31.7,1,0,0,0,LOW
8.07,28.25,207.66,299.64,0.41,-0.144,75.03,26.12,1,0,0,0,LOW
5.19,60.21,90.09,112.78,0.95,-0.114,61.24,32.54,1,0,0,0,LOW
2.36,91.25,139.1,275.77,0.62,0.102,79.5,29.72,1,0,0,0,LOW
5.96,39.51,170.92,289.81,1.19,0.023,87.5,27.13,1,0,0,0,MEDIUM
3.87,63.33,123.44,342.86,0.05,-0.142,77.38,28.3,1,0,0,0,LOW
14.56,61.47,88.02,148.69,0.92,0.183,78.02,30.51,4,0,0,0,MEDIUM
19.43,64.65,112.27,138.56,1.38,0.041,89.97,33.76,1,0,0,0,MEDIUM
5.93,60.4,237.23,254.93,1.19,0.168,94.53,24.82,4,0,3,0,HIGH
1.98,23.42,94.61,139.62,1.1,0.179,60.64,20.91,1,0,0,0,LOW
16.43,69.33,78.53,151.49,0.86,0.069,78.69,29.7,1,0,0,0,LOW
9.2,63.78,85.93,210.12,2.04,0.0,77.97,28.48,2,0,0,0,MEDIUM
16.35,71.74,194.9,281.72,1.14,0.068,85.27,26.95,4,0,3,1,HIGH
5.8,35.68,63.63,214.6,1.15,0.086,91.4,35.18,3,0,1,0,MEDIUM
7.95,68.1,261.65,532.65,1.1,-0.174,83.77,29.15,1,0,0,0,MEDIUM
5.32,94.5,152.26,189.76,1.24,0.03,69.29,28.88,4,0,1,1,HIGH
11.81,51.8,165.51,442.29,0.9,0.288,96.76,29.84,4,0,1,2,HIGH
18.6,58.17,90.31,126.15,0.54,-0.062,84.85,30.09,1,0,0,0,LOW
2.1,33.6,58.18,197.51,0.56,0.095,71.92,27.55,2,0,0,0,LOW
1.18,41.05,77.43,271.02,1.22,-0.277,86.58,33.14,1,0,0,0,LOW
15.37,22.57,43.51,78.18,1.2,-0.111,96.02,35.58,3,0,0,0,MEDIUM
10.47,75.1,111.91,244.96,0.96,0.042,93.49,31.58,1,0,0,0,MEDIUM
5.47,28.31,74.3,128.31,0.86,-0.047,63.87,31.5,1,0,0,0,LOW
7.49,15.87,67.63,249.9,0.31,-0.229,69.96,24.68,3,0,1,0,MEDIUM
3.45,5.2,53.26,229.07,1.31,-0.008,92.69,33.24,1,0,0,0,LOW
1.68,51.48,233.66,503.7,0.76,-0.154,87.99,29.71,1,0,0,0,MEDIUM
16.26,79.81,92.49,120.08,1.62,-0.041,61.54,29.89,2,0,0,0,MEDIUM
8.45,29.37,140.92,261.64,1.1,0.001,76.06,32.13,1,0,0,0,LOW
18.85,42.0,180.0,310.79,1.05,-0.06,71.99,31.27,2,0,0,0,MEDIUM
1.32,3.18,26.58,110.83,1.2,0.062,58.8,24.25,2,0,0,0,LOW
19.6,80.14,124.94,177.37,0.82,0.206,68.53,29.25,2,0,0,0,MEDIUM
6.17,44.35,206.42,241.99,0.71,-0.026,87.86,29.11,2,0,0,0,MEDIUM
4.62,57.92,133.64,340.86,1.46,0.13,59.37,29.21,1,0,0,0,MEDIUM
4.9,48.59,91.58,228.56,1.63,0.158,85.11,20.8,4,0,2,1,HIGH
6.05,11.66,68.82,186.28,0.62,-0.122,85.66,23.64,2,0,0,0,LOW
6.62,19.36,47.76,177.85,0.86,0.108,78.43,30.66,5,1,1,0,HIGH
4.29,33.22,148.62,244.99,0.61,-0.113,81.83,26.76,3,0,0,0,MEDIUM
5.58,70.72,101.85,112.89,0.78,-0.028,79.04,20.14,1,0,0,0,LOW
2.41,76.48,166.04,359.15,0.87,0.034,81.32,28.31,3,0,3,0,MEDIUM
6.11,19.4,96.84,140.16,1.25,-0.113,84.4,26.8,3,0,2,0,MEDIUM
8.08,60.75,134.51,195.65,0.12,-0.03,67.6,25.64,1,0,0,0,LOW
4.81,52.54,86.54,201.14,0.62,-0.108,93.18,32.24,5,1,3,1,HIGH
7.89,69.09,135.77,542.62,0.62,0.131,73.92,29.13,4,0,2,1,HIGH
3.77,50.44,84.26,310.15,0.55,-0.158,68.51,23.27,3,0,2,0,MEDIUM
2.76,29.63,98.34,160.97,1.23,-0.066,87.43,28.03,1,0,0,0,LOW
1.38,26.62,186.51,273.73,0.41,0.363,72.31,33.15,1,0,0,0,LOW
6.84,29.26,147.01,157.54,0.8,-0.142,87.3,23.57,1,0,0,0,LOW
23.55,43.11,82.75,133.54,0.88,0.053,69.44,27.1,1,0,0,0,LOW
17.27,43.73,197.51,364.94,0.75,-0.066,93.54,25.96,3,0,0,0,MEDIUM
24.72,66.72,75.88,219.7,0.2,0.151,98.58,31.75,4,0,2,2,HIGH
11.31,73.2,323.47,347.6,0.86,-0.08,90.23,30.05,4,0,3,2,HIGH
3.3,114.81,130.42,172.48,0.65,-0.002,76.98,29.62,3,0,0,0,MEDIUM
10.18,83.71,116.42,217.22,0.79,0.108,83.1,22.54,1,0,0,0,LOW
10.02,61.24,109.43,202.83,0.12,0.176,55.55,32.94,1,0,0,0,LOW
3.6,10.44,83.99,193.65,0.38,0.098,71.42,22.57,1,0,0,0,LOW
2.94,5.45,92.57,384.49,1.1,-0.232,79.92,25.71,1,0,0,0,LOW
1.22,42.66,94.5,114.87,0.18,-0.143,91.28,25.89,2,0,0,0,LOW
2.9,57.44,104.73,112.42,0.44,0.065,73.3,32.6,1,0,0,0,LOW
2.93,17.41,120.11,275.04,1.92,0.145,83.25,29.94,1,0,0,0,MEDIUM
8.47,88.91,156.96,163.34,1.92,0.111,86.13,22.8,2,0,0,0,MEDIUM
4.29,35.89,166.24,399.45,1.13,0.128,58.66,26.05,5,3,1,0,HIGH
6.84,63.75,157.98,239.28,1.49,-0.142,93.27,28.53,2,0,0,0,MEDIUM
11.85,37.08,107.69,282.35,1.45,-0.23,76.1,35.03,1,0,0,0,LOW
9.35,73.25,84.18,196.48,1.02,-0.06,78.63,34.22,3,0,3,0,MEDIUM
2.49,25.53,129.16,360.53,1.75,-0.078,86.36,31.68,2,0,0,0,MEDIUM
2.87,61.9,143.23,327.21,1.64,-0.093,67.59,33.95,1,0,0,0,LOW
5.09,12.85,77.04,149.67,1.16,-0.124,69.69,28.28,1,0,0,0,LOW
8.99,56.62,69.82,270.74,1.8,-0.07,82.27,27.65,1,0,0,0,MEDIUM
5.69,17.3,226.79,334.52,0.96,-0.03,92.65,24.68,1,0,0,0,MEDIUM
28.9,70.26,203.89,229.67,1.13,-0.055,63.11,20.76,1,0,0,0,MEDIUM
8.58,33.27,65.17,76.75,1.55,-0.028,86.64,26.39,5,3,1,1,HIGH
4.39,75.77,115.44,241.67,0.52,-0.104,78.5,25.04,1,0,0,0,LOW
4.15,36.11,184.34,272.16,0.84,-0.083,62.22,26.92,1,0,0,0,LOW
9.59,89.47,105.38,549.11,1.19,-0.016,66.07,29.91,2,0,0,0,MEDIUM
1.77,23.38,48.76,101.72,0.89,0.15,50.38,21.23,1,0,0,0,LOW
19.76,100.07,149.22,323.98,0.81,0.067,71.46,40.0,1,0,0,0,LOW
14.17,98.44,191.67,291.27,1.1,-0.134,82.9,32.65,2,0,0,0,MEDIUM
7.59,55.93,95.48,211.79,0.63,0.036,99.63,29.33,1,0,0,0,LOW
3.89,17.94,80.28,175.95,1.29,0.11,79.04,31.51,3,0,2,0,MEDIUM
15.36,22.67,159.68,387.89,1.44,0.22,66.44,28.59,1,0,0,0,MEDIUM
6.16,17.08,40.42,170.09,0.87,0.088,73.67,29.4,4,0,3,0,HIGH
8.67,47.11,104.72,209.05,0.14,0.106,67.61,22.73,1,0,0,0,LOW
13.02,43.94,76.41,83.48,0.39,-0.032,69.6,30.47,1,0,0,0,LOW
46.76,66.62,83.8,96.66,0.6,0.105,70.15,32.8,1,0,0,0,LOW
26.73,65.9,204.42,260.22,1.56,-0.156,60.36,28.94,3,0,2,0,HIGH
1.37,14.02,53.09,388.83,1.12,-0.009,75.37,33.91,1,0,0,0,LOW
1.35,90.43,165.79,235.05,0.24,0.197,66.64,24.55,2,0,0,0,MEDIUM
7.15,54.93,104.09,196.9,0.72,0.016,61.58,24.81,1,0,0,0,LOW
8.06,43.83,79.51,138.74,0.98,0.101,80.21,28.21,4,0,0,0,MEDIUM
6.13,49.92,51.84,160.71,0.88,0.0,58.68,26.96,1,0,0,0,LOW
18.97,33.34,112.86,182.86,0.84,-0.029,68.26,29.66,1,0,0,0,LOW
9.02,61.71,103.98,252.67,1.32,-0.034,81.34,29.75,1,0,0,0,LOW
3.93,64.11,89.11,193.56,0.99,-0.074,81.83,26.73,1,0,0,0,LOW
32.22,72.43,102.0,257.54,0.83,0.265,76.12,29.4,3,0,3,0,HIGH
22.24,64.5,103.3,143.72,0.99,-0.02,83.7,25.96,1,0,0,0,LOW
8.9,93.84,121.23,151.44,0.7,-0.253,86.22,27.62,1,0,0,0,LOW
5.98,45.54,273.03,281.21,1.19,-0.266,74.97,23.62,3,0,0,0,MEDIUM
12.21,119.71,246.42,291.49,0.28,0.193,54.69,30.76,1,0,0,0,MEDIUM
3.71,39.73,113.92,189.63,0.94,-0.145,69.98,32.35,4,0,0,2,HIGH
11.39,37.25,134.2,334.67,0.95,0.047,98.19,24.1,1,0,0,0,LOW
11.93,46.19,146.04,270.8,1.26,0.287,82.95,33.01,2,0,0,0,MEDIUM
4.06,36.67,122.84,285.49,1.08,-0.422,78.67,26.75,4,0,3,1,HIGH
5.31,35.14,119.59,229.7,0.59,-0.069,82.47,26.02,1,0,0,0,LOW
5.61,32.13,135.0,312.47,1.14,-0.044,85.57,28.93,1,0,0,0,LOW
13.67,66.29,109.11,341.97,1.57,-0.07,73.88,33.88,4,0,1,2,HIGH
3.91,50.73,67.42,170.72,0.36,-0.154,78.5,28.65,1,0,0,0,LOW
10.97,47.32,81.21,130.3,0.75,0.062,78.1,30.59,1,0,0,0,LOW
14.79,38.94,77.22,159.15,1.25,0.008,73.51,26.79,1,0,0,0,LOW
8.76,98.87,181.42,212.3,0.55,-0.006,80.82,29.7,1,0,0,0,LOW
3.1,38.74,90.77,153.68,1.6,0.021,76.05,29.27,1,0,0,0,LOW
8.68,55.23,103.27,219.18,0.72,-0.133,81.26,26.08,3,0,2,0,MEDIUM
11.35,76.76,185.53,380.97,0.93,0.089,85.94,33.84,1,0,0,0,MEDIUM
5.75,37.51,83.42,166.23,1.16,-0.081,87.69,30.48,1,0,0,0,LOW
13.37,134.29,203.62,314.93,1.37,0.117,86.49,31.84,1,0,0,0,MEDIUM
17.5,62.19,101.68,113.46,1.7,-0.009,87.14,23.63,3,0,2,0,HIGH
13.82,31.71,104.05,317.76,0.77,0.067,57.89,28.96,2,0,0,0,MEDIUM
3.05,70.36,97.76,210.78,1.33,0.149,100.0,21.08,4,0,0,1,HIGH
4.34,28.42,112.07,126.78,0.58,0.084,78.07,32.3,4,0,1,1,MEDIUM
0.39,49.66,202.18,387.14,1.14,0.023,63.86,32.34,1,0,0,0,MEDIUM
11.41,33.23,132.17,306.7,1.09,-0.053,60.27,30.87,1,0,0,0,LOW
10.22,50.74,143.96,274.27,0.76,0.116,89.45,22.39,4,0,2,2,HIGH
1.96,13.43,113.98,334.36,1.34,-0.078,78.33,29.94,4,0,2,0,HIGH
14.34,63.69,233.0,370.16,0.96,-0.051,70.07,28.76,4,0,0,0,HIGH
9.33,43.51,176.05,429.5,0.38,-0.028,100.0,25.85,1,0,0,0,LOW
14.45,43.52,56.11,107.73,0.88,-0.174,75.86,26.42,2,0,0,0,LOW
2.77,20.68,137.96,239.88,1.13,0.064,73.26,26.66,1,0,0,0,LOW
3.48,61.09,78.72,88.48,1.5,0.034,67.65,32.62,2,0,0,0,MEDIUM
4.35,98.07,144.28,231.4,0.66,0.135,88.92,24.39,2,0,0,0,MEDIUM
5.67,31.57,55.09,71.22,0.72,0.074,84.71,27.7,4,0,2,0,MEDIUM
2.58,39.27,85.89,207.5,1.7,0.184,65.8,31.57,1,0,0,0,MEDIUM
11.1,35.32,142.04,419.6,1.33,0.091,89.0,31.22,1,0,0,0,MEDIUM
4.69,49.38,71.41,282.39,1.41,-0.092,83.15,33.56,1,0,0,0,LOW
9.8,87.35,168.03,244.19,1.44,0.064,96.98,28.26,5,1,3,2,HIGH
1.11,63.95,137.43,216.92,0.77,0.017,70.84,29.59,1,0,0,0,LOW
19.76,29.78,121.42,253.81,1.36,0.033,68.58,26.7,2,0,0,0,MEDIUM
4.43,37.49,62.22,203.68,0.89,0.164,81.87,26.2,1,0,0,0,LOW
2.87,37.21,51.32,209.21,0.05,0.068,66.68,30.69,1,0,0,0,LOW
8.43,61.63,211.61,346.2,0.9,-0.028,83.29,28.77,1,0,0,0,MEDIUM
23.0,31.11,81.34,220.02,0.73,-0.056,76.11,30.81,2,0,0,0,LOW
23.89,77.42,123.91,188.26,0.53,-0.212,94.73,23.5,1,0,0,0,LOW
5.92,19.02,44.26,81.39,1.5,0.074,75.76,33.37,1,0,0,0,LOW
6.88,15.97,52.81,81.06,1.01,0.241,84.58,29.21,2,0,0,0,MEDIUM
6.44,26.2,85.82,128.68,0.71,0.129,85.66,25.15,4,0,0,2,HIGH
4.9,28.41,60.19,125.49,1.21,-0.036,74.0,25.66,4,0,0,2,HIGH
4.76,68.87,210.12,236.63,0.99,0.202,91.42,30.43,2,0,0,0,MEDIUM
1.4,15.81,196.69,302.0,1.44,0.162,85.61,33.3,5,2,0,2,HIGH
0.36,43.99,94.98,277.15,0.26,0.267,78.65,29.01,1,0,0,0,LOW
11.79,36.9,90.37,214.19,1.52,0.134,93.92,24.7,3,0,1,0,HIGH
3.65,36.85,104.72,302.23,1.31,-0.208,81.86,30.93,5,1,1,1,HIGH
2.76,42.52,74.22,199.24,1.3,0.248,81.25,31.11,1,0,0,0,MEDIUM
18.84,69.83,109.19,191.86,1.54,-0.157,87.35,27.14,1,0,0,0,LOW
7.55,91.0,130.92,247.17,1.19,0.097,61.56,27.03,1,0,0,0,MEDIUM
6.7,40.57,80.73,89.62,0.91,0.196,88.08,27.61,1,0,0,0,LOW
4.18,46.0,66.7,299.97,0.87,-0.067,56.44,28.87,1,0,0,0,LOW
13.74,108.21,281.47,464.29,1.16,0.181,65.7,31.09,5,2,2,2,HIGH
17.37,48.5,72.79,187.73,0.34,-0.148,70.56,29.1,3,0,2,0,MEDIUM
5.75,82.22,128.56,285.97,0.84,0.124,90.77,36.93,1,0,0,0,MEDIUM
2.12,41.64,113.72,253.12,1.02,0.14,83.92,30.11,1,0,0,0,LOW
6.16,44.89,248.53,500.44,1.11,0.164,100.0,23.51,1,0,0,0,MEDIUM
32.78,58.36,83.61,218.49,0.48,-0.007,84.27,23.35,1,0,0,0,LOW
8.52,33.03,93.0,118.18,0.89,-0.096,85.15,31.28,2,0,0,0,LOW
20.52,50.84,120.41,310.62,1.18,0.074,76.0,27.2,1,0,0,0,MEDIUM
9.39,36.76,226.49,311.67,0.26,0.407,68.11,27.27,1,0,0,0,MEDIUM
7.03,22.51,40.74,80.57,0.45,-0.173,53.87,28.94,3,0,3,0,LOW
4.72,78.09,157.28,264.84,1.56,-0.409,79.81,21.7,2,0,0,0,MEDIUM
16.2,77.52,151.73,403.73,1.51,0.289,66.35,28.78,4,0,0,0,HIGH
10.21,31.47,88.3,214.85,1.35,-0.053,100.0,32.71,1,0,0,0,LOW
12.7,121.17,221.98,465.63,1.42,0.171,96.55,30.22,1,0,0,0,MEDIUM
8.89,54.37,62.94,167.35,0.64,-0.007,100.0,31.74,1,0,0,0,LOW
2.98,38.92,127.59,145.41,0.47,-0.005,75.2,30.49,4,0,2,1,HIGH
0.4,33.86,94.97,182.26,0.47,0.082,96.97,30.73,1,0,0,0,LOW
10.02,16.96,137.1,305.25,1.44,0.031,88.86,25.93,1,0,0,0,MEDIUM
2.79,20.45,58.94,143.74,2.03,0.03,51.29,27.53,3,0,3,0,HIGH
5.81,39.6,50.73,231.92,0.73,-0.146,74.03,26.5,4,0,0,0,MEDIUM
6.18,19.64,44.69,88.74,1.47,0.059,70.08,28.68,1,0,0,0,LOW
33.71,38.88,82.59,174.02,1.18,-0.094,73.95,22.06,1,0,0,0,LOW
6.36,28.87,113.63,349.45,1.42,0.029,87.16,32.93,1,0,0,0,LOW
13.43,17.14,63.4,184.45,0.79,0.094,54.51,29.63,1,0,0,0,LOW
10.72,54.31,141.68,198.64,0.05,0.267,87.58,32.53,5,3,3,0,HIGH
9.13,34.43,98.26,353.46,1.03,0.073,86.87,28.52,4,0,1,2,HIGH
9.92,114.16,207.82,322.56,1.36,0.06,89.88,28.94,1,0,0,0,MEDIUM
17.46,90.98,119.53,194.61,1.63,0.117,70.17,26.17,1,0,0,0,MEDIUM
11.27,41.5,120.66,148.9,0.92,0.117,83.89,25.7,5,2,1,1,HIGH
7.13,20.23,32.87,127.38,0.26,0.02,77.07,24.25,2,0,0,0,LOW
15.63,53.72,190.95,229.84,0.92,0.024,77.86,26.13,1,0,0,0,LOW
29.1,84.2,225.23,338.09,0.18,0.106,88.5,24.4,4,0,3,2,HIGH
16.49,88.62,192.53,308.1,1.43,-0.091,79.34,27.38,3,0,0,0,MEDIUM
15.65,74.75,177.41,344.55,1.47,0.139,81.51,31.25,1,0,0,0,MEDIUM
4.29,45.74,103.75,165.37,2.01,0.072,95.54,34.42,1,0,0,0,MEDIUM
6.2,59.15,101.01,222.13,0.96,0.334,49.18,26.95,1,0,0,0,MEDIUM
4.91,87.61,102.17,240.91,1.03,0.067,70.16,33.06,1,0,0,0,LOW
8.3,67.55,99.46,230.92,1.09,0.063,87.33,31.44,1,0,0,0,LOW
9.04,46.17,132.53,333.89,1.0,0.003,83.15,31.12,2,0,0,0,MEDIUM
13.43,47.39,194.69,479.79,0.05,-0.145,80.4,28.46,1,0,0,0,LOW
12.88,54.38,86.58,181.89,0.05,-0.183,90.65,30.54,1,0,0,0,LOW
7.26,44.52,99.04,344.31,1.67,0.011,71.17,36.69,1,0,0,0,LOW
12.42,35.73,47.98,149.49,0.56,0.403,90.01,27.8,1,0,0,0,LOW
6.46,25.23,108.91,326.47,0.64,0.048,79.56,25.47,4,0,0,0,MEDIUM
0.5,91.64,172.73,510.99,0.89,0.119,62.8,27.25,3,0,3,0,HIGH
11.98,20.05,67.41,448.51,0.52,0.022,82.57,35.38,3,0,0,0,MEDIUM
13.13,88.47,231.36,380.27,0.38,0.087,66.76,34.42,1,0,0,0,LOW
2.02,15.94,183.26,295.39,1.67,0.146,74.91,32.47,1,0,0,0,MEDIUM
8.96,51.28,131.79,181.56,1.09,-0.086,86.23,27.33,2,0,0,0,MEDIUM
3.99,40.54,77.74,192.2,0.93,-0.008,68.56,32.91,1,0,0,0,LOW
7.18,124.22,152.79,323.32,1.47,0.029,78.48,26.98,1,0,0,0,MEDIUM
6.78,147.89,202.32,243.23,0.89,0.055,78.51,31.95,2,0,0,0,MEDIUM
2.38,13.96,80.46,373.26,1.0,-0.018,87.3,31.96,4,0,3,1,HIGH
16.08,67.98,121.01,192.93,1.34,0.085,74.87,32.11,4,0,0,0,MEDIUM
22.41,54.12,89.27,106.41,0.67,-0.175,57.38,26.01,2,0,0,0,LOW
15.78,170.42,188.42,296.56,1.15,0.1,90.29,28.09,2,0,0,0,HIGH
2.5,43.72,191.04,239.09,1.46,-0.053,90.11,27.2,2,0,0,0,MEDIUM
30.76,60.05,77.32,229.87,1.23,0.164,71.49,37.1,4,0,3,1,HIGH
9.3,58.33,162.01,503.84,0.23,-0.091,86.57,29.5,1,0,0,0,LOW
2.19,9.97,58.31,107.18,0.49,0.055,69.54,25.87,1,0,0,0,LOW
5.7,34.92,108.09,127.96,1.73,0.08,78.57,29.66,1,0,0,0,MEDIUM
6.88,106.29,123.03,138.0,2.28,0.016,88.98,29.72,3,0,2,0,HIGH
3.32,96.61,136.82,431.72,1.11,-0.043,58.7,29.75,5,2,3,1,HIGH
8.32,83.42,173.31,236.97,0.56,0.186,90.78,28.1,2,0,0,0,MEDIUM
21.99,30.0,51.34,188.96,1.55,0.099,73.57,31.24,2,0,0,0,MEDIUM
8.23,15.57,48.11,140.23,0.99,0.089,66.13,26.67,2,0,0,0,LOW
13.14,58.34,83.21,168.19,0.39,0.123,89.51,30.36,1,0,0,0,LOW
8.64,70.21,210.8,282.9,0.94,0.194,74.24,26.98,2,0,0,0,MEDIUM
1.58,24.87,55.48,73.6,1.13,-0.024,82.65,25.49,1,0,0,0,LOW
9.4,15.12,45.8,229.36,0.62,-0.066,67.22,29.25,1,0,0,0,LOW
5.44,67.36,93.32,121.7,0.81,-0.049,83.38,30.14,4,0,0,2,HIGH
19.29,31.25,97.68,138.75,0.32,0.005,85.85,24.73,1,0,0,0,LOW
5.28,45.38,133.27,207.94,0.47,0.095,69.84,32.56,1,0,0,0,LOW
21.97,107.33,175.0,225.77,0.57,-0.056,82.26,23.32,5,1,0,0,HIGH
6.95,39.97,127.27,202.68,0.49,0.194,62.16,23.11,1,0,0,0,LOW
19.44,49.47,245.51,332.81,1.13,0.049,92.06,28.04,2,0,0,0,MEDIUM
3.37,87.94,133.05,406.2,1.06,-0.05,80.27,32.84,4,0,3,2,HIGH
3.59,31.37,84.14,162.7,0.53,-0.082,83.98,29.54,4,0,3,2,HIGH
10.65,70.77,336.03,395.34,0.84,-0.207,81.23,29.13,2,0,0,0,MEDIUM
9.94,42.35,145.32,320.66,0.55,-0.312,76.47,26.24,1,0,0,0,LOW
6.8,35.29,62.81,259.34,0.42,0.094,90.25,30.07,2,0,0,0,LOW
4.73,48.03,234.44,320.25,1.21,-0.067,79.85,30.44,1,0,0,0,MEDIUM
1.2,11.27,147.45,274.8,2.11,0.103,100.0,30.89,1,0,0,0,MEDIUM
2.89,127.11,180.93,337.74,0.89,0.154,90.99,24.4,1,0,0,0,MEDIUM
7.93,58.57,86.58,174.92,0.4,-0.302,62.85,33.81,3,0,0,0,LOW
6.19,35.83,68.01,71.64,1.25,-0.254,82.14,29.12,1,0,0,0,LOW
8.11,20.39,103.18,271.41,0.44,-0.154,73.83,33.65,1,0,0,0,LOW
1.49,47.13,148.11,218.73,0.84,0.201,93.76,32.15,2,0,0,0,MEDIUM
2.08,60.6,118.6,214.91,0.79,0.125,74.09,29.58,2,0,0,0,MEDIUM
2.85,46.15,70.64,175.3,1.64,0.339,84.59,30.29,1,0,0,0,MEDIUM
15.05,84.36,151.21,315.01,1.38,-0.13,87.53,27.77,2,0,0,0,MEDIUM
2.43,26.4,62.54,83.69,0.68,-0.305,41.45,26.13,1,0,0,0,LOW
14.75,49.06,84.13,133.39,0.82,-0.183,75.58,33.44,3,0,1,0,MEDIUM
6.59,27.02,92.74,289.48,0.91,-0.167,95.25,29.35,1,0,0,0,LOW
18.29,26.78,144.76,211.12,1.76,-0.157,79.11,27.77,1,0,0,0,MEDIUM
9.51,56.95,94.04,170.37,1.82,0.037,79.54,23.56,1,0,0,0,MEDIUM
7.68,87.73,192.65,225.23,1.17,0.095,81.35,23.32,1,0,0,0,MEDIUM
4.05,72.21,91.9,515.32,1.15,0.049,75.62,31.03,1,0,0,0,MEDIUM
8.13,57.8,179.25,261.19,0.63,0.025,86.18,29.78,4,0,0,0,MEDIUM
3.09,64.65,92.56,206.13,0.71,-0.135,63.45,37.22,1,0,0,0,LOW
5.11,9.7,110.62,213.3,0.8,-0.027,86.4,26.15,1,0,0,0,LOW
7.13,12.53,55.88,223.22,1.14,-0.206,84.04,26.09,1,0,0,0,LOW
6.73,22.7,49.18,65.15,1.04,0.123,96.17,23.67,1,0,0,0,LOW
17.11,55.18,97.04,279.64,0.86,0.05,74.39,26.34,1,0,0,0,LOW
5.6,64.53,101.29,228.04,1.78,-0.116,86.41,28.95,1,0,0,0,MEDIUM
16.07,41.0,179.01,425.19,0.42,0.055,74.5,30.03,2,0,0,0,MEDIUM
8.82,73.53,161.23,230.76,0.93,0.148,87.55,30.72,1,0,0,0,LOW
8.39,67.92,95.64,197.4,0.76,0.023,75.8,25.27,3,0,1,0,MEDIUM
2.5,31.06,89.49,167.29,1.05,0.156,81.61,26.24,2,0,0,0,MEDIUM
7.32,43.18,97.32,237.43,1.4,-0.177,89.96,29.47,4,0,1,1,MEDIUM
9.79,114.55,141.94,245.84,0.37,-0.216,75.15,25.99,2,0,0,0,MEDIUM
8.61,25.11,70.84,94.98,1.54,-0.011,68.93,34.92,3,0,0,0,MEDIUM
9.62,48.64,130.08,166.01,0.05,-0.002,60.54,26.78,1,0,0,0,LOW
4.89,32.81,86.14,130.31,0.29,0.057,85.34,28.42,5,2,0,0,HIGH
6.98,116.3,178.08,253.66,1.04,0.168,84.17,26.42,1,0,0,0,MEDIUM
16.03,46.54,107.76,301.68,0.55,-0.024,89.28,35.65,1,0,0,0,LOW
10.8,56.01,151.98,337.58,1.59,-0.05,78.28,26.45,1,0,0,0,MEDIUM
12.51,32.82,142.38,246.28,0.6,-0.179,47.5,27.33,3,0,0,0,MEDIUM
7.8,44.62,83.57,219.79,1.29,-0.063,73.94,32.07,1,0,0,0,LOW
13.21,67.46,117.17,287.98,2.01,-0.091,73.55,31.97,1,0,0,0,MEDIUM
11.88,40.6,121.53,241.04,0.39,-0.022,89.64,30.11,2,0,0,0,LOW
13.64,86.49,123.69,513.95,0.97,0.005,85.71,32.95,4,0,1,0,HIGH
37.36,89.28,125.96,251.92,1.23,-0.011,78.16,29.01,1,0,0,0,MEDIUM
6.46,35.53,59.23,297.07,1.17,0.014,100.0,29.41,2,0,0,0,MEDIUM
12.1,104.48,258.69,386.43,0.57,0.123,85.91,30.2,2,0,0,0,MEDIUM
11.07,47.85,177.76,274.18,1.52,-0.076,56.3,30.23,5,2,1,0,HIGH
11.46,33.34,125.55,210.41,0.17,0.075,100.0,33.11,3,0,2,0,MEDIUM
5.17,9.54,166.74,339.56,0.91,-0.097,80.95,36.52,1,0,0,0,LOW
11.02,51.49,87.6,264.72,0.72,0.062,74.25,28.89,2,0,0,0,MEDIUM
17.18,31.16,44.22,115.21,1.55,0.154,79.05,26.86,5,2,2,2,HIGH
15.12,57.09,117.32,267.56,1.89,-0.0,98.85,28.24,1,0,0,0,MEDIUM
4.36,40.51,54.48,104.4,0.54,0.047,80.98,34.1,2,0,0,0,LOW
17.8,42.88,85.05,271.14,0.05,0.078,94.22,30.62,1,0,0,0,LOW
12.67,67.68,89.08,180.46,0.54,0.08,81.48,28.2,1,0,0,0,LOW
2.45,17.62,42.93,97.89,1.49,0.186,86.72,30.09,1,0,0,0,LOW
0.99,17.38,67.98,227.76,0.67,-0.023,82.45,28.44,1,0,0,0,LOW
7.16,49.93,68.35,130.27,0.99,0.022,96.5,32.49,2,0,0,0,MEDIUM
20.05,55.23,73.79,116.97,2.21,0.098,74.78,28.64,1,0,0,0,MEDIUM
2.17,29.45,78.03,202.78,1.12,-0.03,56.33,34.58,1,0,0,0,LOW
10.75,187.52,197.18,276.23,0.9,0.03,80.04,24.34,1,0,0,0,MEDIUM
10.75,68.05,141.0,224.05,0.89,0.032,98.25,27.18,1,0,0,0,MEDIUM
3.14,46.86,93.03,205.38,1.13,-0.076,100.0,29.13,2,0,0,0,LOW
5.23,57.47,116.31,252.04,0.63,-0.01,97.47,30.65,1,0,0,0,LOW
17.06,76.41,101.37,183.46,0.72,0.028,75.65,30.22,4,0,0,1,MEDIUM
19.93,104.53,240.71,295.31,1.77,0.281,75.82,23.08,1,0,0,0,HIGH
9.8,76.29,211.29,387.19,1.03,0.099,77.17,30.2,1,0,0,0,MEDIUM
5.55,40.06,220.38,293.22,1.18,0.174,99.12,24.85,5,2,0,2,HIGH
10.38,79.15,186.39,405.0,1.12,-0.034,78.99,26.76,2,0,0,0,MEDIUM
2.29,31.77,51.77,87.35,0.77,0.133,77.41,33.87,1,0,0,0,LOW
3.48,11.36,108.79,319.11,1.02,0.146,74.45,28.91,3,0,2,0,MEDIUM
7.79,20.7,56.25,249.32,1.2,0.023,80.53,28.72,1,0,0,0,LOW
24.53,63.34,154.07,243.77,1.33,-0.002,100.0,22.5,3,0,3,0,HIGH
6.39,33.06,58.72,137.93,1.25,0.2,81.53,25.36,1,0,0,0,LOW
20.55,57.98,110.35,166.35,0.73,-0.097,77.28,33.67,3,0,2,0,MEDIUM
1.66,91.81,151.48,289.05,1.47,-0.011,82.05,32.8,2,0,0,0,MEDIUM
10.88,49.17,72.1,130.04,0.59,-0.13,92.39,32.33,2,0,0,0,LOW
15.44,32.56,104.29,207.76,0.83,0.093,72.39,29.27,1,0,0,0,LOW
1.1,16.31,53.17,128.29,0.15,0.191,81.46,27.73,4,0,2,1,MEDIUM
2.91,47.82,119.66,218.65,1.19,0.168,81.65,31.74,1,0,0,0,MEDIUM
9.54,67.71,122.15,204.54,1.37,0.004,74.27,26.9,1,0,0,0,MEDIUM
6.78,9.83,63.8,124.76,1.36,-0.035,67.18,29.26,1,0,0,0,LOW
4.12,40.61,192.45,413.07,1.01,-0.094,88.73,32.7,1,0,0,0,LOW
2.3,42.42,75.97,116.09,1.13,-0.051,71.34,25.72,2,0,0,0,MEDIUM
12.41,22.66,127.67,188.43,0.39,0.156,72.71,27.51,1,0,0,0,LOW
4.42,22.1,104.92,166.55,0.93,-0.048,82.56,26.31,1,0,0,0,LOW
0.21,27.7,197.0,221.26,1.31,-0.133,63.34,26.61,3,0,0,0,MEDIUM
5.47,82.8,127.02,192.44,1.2,0.087,75.46,27.5,5,3,2,1,HIGH
14.58,57.32,84.36,178.86,1.29,0.008,79.44,31.6,1,0,0,0,LOW
7.78,32.49,84.94,149.38,1.18,-0.192,68.04,40.0,1,0,0,0,LOW
6.39,40.53,199.81,241.48,1.12,-0.254,88.21,27.24,3,0,0,0,MEDIUM
2.99,25.71,115.51,196.05,1.57,-0.27,82.5,30.01,1,0,0,0,LOW
7.68,41.45,86.69,197.38,1.93,-0.034,76.24,29.12,1,0,0,0,LOW
2.43,52.82,175.15,462.58,0.8,-0.135,76.03,24.2,1,0,0,0,LOW
13.28,53.18,152.75,224.36,1.22,0.014,85.16,28.25,3,0,3,0,HIGH
7.06,89.82,232.87,258.81,1.13,0.134,74.9,34.25,1,0,0,0,MEDIUM
2.77,28.63,164.38,251.57,1.27,0.11,85.2,34.15,2,0,0,0,MEDIUM
13.7,80.99,128.53,237.33,0.84,-0.085,77.43,30.23,4,0,0,1,HIGH
8.75,147.45,213.7,331.21,0.78,0.053,96.5,31.36,3,0,1,0,HIGH
7.75,19.09,62.79,97.9,0.5,-0.035,74.1,29.69,1,0,0,0,LOW
25.89,57.01,141.2,266.58,0.73,0.15,88.0,34.95,3,0,0,0,MEDIUM
4.87,7.59,89.39,169.43,1.17,-0.311,70.68,28.33,1,0,0,0,LOW
8.77,36.61,77.09,374.35,1.23,0.033,73.03,24.34,1,0,0,0,LOW
7.43,39.59,151.52,220.13,1.76,0.1,87.0,38.09,4,0,1,2,HIGH
10.33,39.34,73.81,81.23,0.48,-0.158,73.86,33.91,1,0,0,0,LOW
6.02,25.15,87.14,175.4,0.33,-0.124,74.38,21.37,2,0,0,0,LOW
6.85,45.56,161.08,243.32,1.67,0.018,78.98,34.47,1,0,0,0,MEDIUM
5.16,44.18,104.81,175.56,0.48,0.002,80.12,26.7,1,0,0,0,LOW
4.3,19.99,76.76,151.06,0.28,-0.107,78.12,23.39,1,0,0,0,LOW
17.38,84.54,139.74,162.01,0.4,-0.138,47.27,29.27,1,0,0,0,LOW
3.26,13.65,160.26,219.72,1.24,-0.14,92.4,29.48,1,0,0,0,LOW
20.91,46.28,55.2,114.21,1.02,-0.015,69.67,29.61,1,0,0,0,LOW
11.51,28.52,43.83,85.84,0.77,0.041,98.03,27.73,3,0,3,0,MEDIUM
11.32,23.67,132.14,162.59,0.9,-0.098,52.33,28.35,1,0,0,0,LOW
5.8,26.92,80.92,259.52,1.26,-0.141,63.06,30.26,1,0,0,0,LOW
18.58,61.43,205.12,265.24,1.23,-0.101,78.7,28.88,2,0,0,0,MEDIUM
15.38,62.87,163.86,299.13,1.32,-0.037,79.23,31.23,1,0,0,0,LOW
6.89,94.06,185.67,263.02,1.11,0.026,78.05,27.36,2,0,0,0,MEDIUM
24.95,68.32,140.07,224.93,1.0,-0.054,69.26,31.0,1,0,0,0,LOW
14.38,45.77,64.05,138.9,1.26,0.007,81.51,33.83,1,0,0,0,LOW
20.36,71.35,131.57,177.8,0.42,0.078,88.05,23.87,1,0,0,0,LOW
2.04,47.23,70.47,165.21,0.79,0.216,77.41,25.07,1,0,0,0,LOW
4.71,37.74,44.04,74.49,1.48,0.31,69.47,21.78,1,0,0,0,MEDIUM
6.5,29.44,173.27,238.46,0.41,0.521,84.12,28.76,1,0,0,0,MEDIUM
12.23,74.07,114.42,303.21,1.32,-0.093,72.88,31.21,2,0,0,0,MEDIUM
4.39,28.82,99.72,165.99,1.09,0.057,100.0,30.02,5,3,3,2,HIGH
1.27,5.34,22.01,48.17,0.86,0.117,90.22,31.02,1,0,0,0,LOW
8.34,63.41,78.5,252.35,1.25,-0.004,75.48,29.7,3,0,0,0,MEDIUM
6.44,69.01,181.39,252.56,1.27,-0.135,71.66,22.72,1,0,0,0,MEDIUM
4.43,19.3,125.69,172.6,0.37,0.21,100.0,35.06,4,0,0,0,MEDIUM
3.91,17.15,46.28,276.68,0.68,0.113,71.95,31.95,3,0,1,0,MEDIUM
8.64,16.21,118.43,147.72,0.78,-0.124,57.81,30.59,1,0,0,0,LOW
15.21,52.01,126.97,138.09,0.39,0.067,61.2,31.35,1,0,0,0,LOW
1.04,50.28,78.87,233.26,0.51,0.077,87.6,28.56,1,0,0,0,LOW
4.69,33.82,71.78,307.34,1.43,0.339,83.67,31.68,1,0,0,0,LOW
26.03,78.84,170.44,381.83,1.4,-0.145,71.05,33.88,4,0,0,2,HIGH
7.77,25.62,70.95,278.2,0.81,-0.102,69.22,25.4,1,0,0,0,LOW
9.6,50.13,56.96,156.44,1.42,0.283,79.3,21.14,1,0,0,0,MEDIUM
4.19,11.87,23.27,157.01,1.71,-0.016,85.44,26.29,2,0,0,0,MEDIUM
10.76,41.76,112.6,253.95,0.64,-0.028,76.87,34.07,1,0,0,0,LOW
26.41,62.37,69.17,189.74,0.76,-0.328,78.39,19.33,1,0,0,0,LOW
4.23,44.5,80.26,119.14,1.42,0.045,67.93,28.95,1,0,0,0,LOW
8.0,70.07,83.87,239.32,1.26,0.093,70.34,27.17,1,0,0,0,MEDIUM
10.97,86.25,150.12,356.11,1.17,-0.013,78.96,33.34,2,0,0,0,MEDIUM
3.75,33.9,70.42,162.65,1.26,0.063,69.91,29.71,3,0,2,0,MEDIUM
15.59,38.62,179.59,192.69,1.08,-0.028,81.74,27.36,4,0,3,1,HIGH
7.33,46.74,49.99,110.67,0.57,0.062,63.11,28.81,2,0,0,0,LOW
2.44,14.52,140.56,187.79,0.57,-0.228,73.45,28.47,1,0,0,0,LOW
5.19,42.82,76.95,251.25,0.81,-0.246,65.58,29.67,2,0,0,0,LOW
11.25,40.06,135.09,246.3,0.34,0.136,81.59,25.15,1,0,0,0,LOW
5.8,33.6,130.32,327.11,0.89,0.143,79.98,24.42,3,0,2,0,MEDIUM
4.09,37.18,83.18,217.03,0.52,-0.03,76.34,30.46,4,0,2,2,HIGH
8.31,36.97,88.48,133.25,0.71,0.075,67.4,30.58,1,0,0,0,LOW
8.09,49.44,123.94,241.19,1.27,-0.026,72.32,27.75,2,0,0,0,MEDIUM
21.29,41.92,155.91,163.87,0.8,0.009,92.87,32.44,1,0,0,0,LOW
17.55,65.57,102.24,241.62,0.33,-0.036,72.45,31.39,1,0,0,0,LOW
9.87,27.86,46.16,128.72,1.87,0.171,70.93,29.64,2,0,0,0,MEDIUM
4.68,74.09,80.88,140.29,1.68,-0.01,67.83,27.1,5,1,2,2,HIGH
8.7,30.0,83.87,120.86,0.91,0.038,92.31,32.17,1,0,0,0,LOW
12.58,34.99,50.99,69.44,0.94,-0.006,92.13,25.34,5,1,1,0,HIGH
6.39,49.8,93.91,139.81,0.79,-0.017,81.39,27.51,3,0,1,0,MEDIUM
6.43,34.21,92.83,164.17,1.93,0.079,68.23,23.17,1,0,0,0,MEDIUM
6.95,74.0,82.09,110.67,1.86,0.136,69.65,33.25,1,0,0,0,LOW
13.28,40.46,215.63,308.76,0.85,-0.156,70.19,28.56,3,0,2,0,MEDIUM
6.02,27.25,177.34,286.28,1.98,0.041,74.09,31.88,1,0,0,0,MEDIUM
6.92,23.89,112.02,210.42,1.54,-0.212,71.88,29.12,2,0,0,0,LOW
5.56,18.51,34.11,342.94,1.44,-0.0,74.43,27.8,2,0,0,0,MEDIUM
2.52,38.67,127.27,259.06,1.42,0.008,84.23,25.71,4,0,3,2,HIGH
4.04,26.61,99.68,148.72,0.75,-0.128,78.25,34.66,1,0,0,0,LOW
14.23,64.69,113.28,164.12,0.2,-0.05,90.38,25.6,3,0,3,0,MEDIUM
3.41,25.94,46.05,285.47,1.85,-0.023,90.11,27.07,4,0,0,2,HIGH
21.62,75.2,109.07,235.47,1.1,0.126,81.58,27.04,4,0,1,1,HIGH
8.43,79.96,91.91,208.15,0.4,-0.043,64.96,35.62,1,0,0,0,LOW
2.11,14.68,65.0,248.29,1.08,-0.048,76.25,35.35,4,0,1,2,HIGH
13.77,58.68,89.03,104.6,1.85,-0.245,86.1,23.43,1,0,0,0,LOW
6.21,18.0,52.64,164.36,1.0,-0.228,86.1,27.21,3,0,0,0,MEDIUM
14.45,42.25,65.46,80.67,1.04,0.019,62.86,29.59,1,0,0,0,LOW
29.03,91.77,114.68,161.35,0.78,-0.128,79.5,33.39,3,0,2,0,MEDIUM
20.39,63.75,98.77,235.42,1.36,0.13,66.85,22.78,4,0,2,1,HIGH
6.04,47.51,92.43,167.05,1.08,-0.008,69.45,29.38,1,0,0,0,LOW
8.03,107.27,170.37,284.05,1.72,-0.087,79.29,26.38,2,0,0,0,MEDIUM
9.01,30.41,154.78,266.7,1.35,-0.119,69.83,32.96,3,0,2,0,MEDIUM
8.08,47.91,102.99,165.23,1.12,0.092,76.88,27.83,1,0,0,0,LOW
9.54,43.81,81.72,174.22,1.13,-0.018,81.06,32.67,2,0,0,0,MEDIUM
5.02,49.49,198.69,362.67,0.23,0.127,84.41,31.41,2,0,0,0,MEDIUM
28.78,45.2,83.89,158.51,0.92,0.074,90.72,33.72,4,0,3,1,HIGH
9.32,38.83,68.35,148.61,1.04,0.119,80.95,33.27,4,0,1,0,MEDIUM
23.54,77.85,102.28,238.2,0.05,-0.276,65.97,28.39,4,0,3,2,HIGH
2.84,60.37,89.4,141.89,0.7,0.237,58.48,29.11,2,0,0,0,MEDIUM
14.54,17.0,37.25,314.42,1.55,0.071,81.54,25.39,5,2,1,1,HIGH
5.75,95.65,113.92,201.2,0.98,0.12,80.16,27.33,3,0,2,0,MEDIUM
3.65,63.65,133.89,236.51,1.18,-0.073,77.37,20.65,4,0,0,2,HIGH
9.61,50.56,69.07,90.89,1.08,0.005,72.15,27.88,1,0,0,0,LOW
8.89,86.39,135.05,202.03,0.89,0.27,96.71,20.58,1,0,0,0,MEDIUM
10.5,42.05,101.77,172.93,0.42,0.057,71.54,33.54,1,0,0,0,LOW
11.89,41.85,65.14,126.32,0.11,-0.01,73.28,27.64,1,0,0,0,LOW
13.13,46.38,214.99,275.49,0.38,0.058,61.16,26.32,3,0,0,0,MEDIUM
1.1,37.02,163.32,270.5,1.18,0.281,89.64,32.15,1,0,0,0,MEDIUM
1.71,40.07,102.94,300.26,0.44,0.138,71.48,26.59,1,0,0,0,LOW
17.49,35.47,58.94,149.04,1.01,-0.088,96.71,26.15,1,0,0,0,LOW
18.01,30.61,124.86,208.51,1.04,-0.023,68.53,26.34,1,0,0,0,LOW
3.35,52.05,100.47,232.7,1.59,-0.112,71.24,29.17,3,0,3,0,HIGH
0.46,37.32,89.79,159.53,1.39,0.17,65.61,30.46,4,0,2,2,HIGH
10.68,29.33,163.98,253.78,1.23,0.16,84.41,34.46,4,0,1,2,HIGH
7.08,56.75,134.34,386.69,0.81,0.112,72.74,29.2,3,0,3,0,HIGH
9.45,14.6,79.56,128.07,1.14,-0.139,78.78,25.35,2,0,0,0,LOW
1.74,11.73,121.02,203.49,1.29,0.064,79.06,24.51,4,0,1,0,HIGH
11.05,52.58,96.99,146.22,1.11,-0.075,86.4,33.67,5,2,0,0,HIGH
18.49,77.14,168.31,323.68,1.19,0.036,85.73,25.24,1,0,0,0,MEDIUM
17.38,60.87,91.09,135.31,1.3,-0.032,57.59,32.97,1,0,0,0,LOW
17.03,46.91,121.47,197.12,1.0,-0.112,78.05,31.46,1,0,0,0,LOW
5.0,40.75,84.31,106.92,0.89,0.099,85.43,22.29,1,0,0,0,LOW
19.12,98.33,135.82,221.37,1.1,0.285,99.04,27.43,3,0,2,0,HIGH
2.55,59.61,108.61,162.67,1.35,-0.139,89.84,31.68,4,0,3,1,HIGH
4.77,74.25,127.33,364.27,0.38,0.091,90.01,30.63,1,0,0,0,LOW
2.16,8.15,83.21,173.63,0.98,0.026,90.7,26.46,2,0,0,0,MEDIUM
2.98,54.74,129.18,342.32,0.35,-0.205,86.18,30.55,1,0,0,0,LOW
0.86,14.15,73.47,153.5,0.98,0.11,71.65,30.75,1,0,0,0,LOW
5.62,36.24,40.46,253.46,0.79,0.193,84.05,35.33,1,0,0,0,LOW
4.77,27.04,90.08,235.12,1.44,-0.146,73.84,28.0,4,0,1,0,MEDIUM
6.39,48.56,113.75,306.51,1.21,0.05,89.61,30.8,5,2,1,0,HIGH
5.16,55.2,78.93,227.27,1.55,-0.298,76.04,27.59,1,0,0,0,LOW
8.53,15.87,36.25,63.55,1.63,0.177,77.26,28.59,2,0,0,0,MEDIUM
35.95,51.43,164.24,263.96,0.48,0.037,84.2,37.16,1,0,0,0,LOW
3.07,41.18,105.16,240.94,1.14,0.299,86.88,23.68,4,0,0,1,HIGH
14.0,85.54,106.85,163.02,0.71,-0.022,77.93,31.12,1,0,0,0,LOW
4.2,73.87,80.8,150.71,1.2,0.263,76.03,33.38,1,0,0,0,MEDIUM
1.84,13.02,40.49,188.1,0.46,-0.103,77.74,29.2,2,0,0,0,LOW
3.37,19.77,100.82,269.82,1.25,0.003,65.36,29.68,1,0,0,0,LOW
1.85,40.93,75.9,186.11,1.47,0.265,92.69,30.37,4,0,3,1,HIGH
3.82,34.43,157.35,308.94,0.59,0.042,75.11,30.07,1,0,0,0,LOW
1.47,22.82,61.48,158.31,0.72,-0.175,100.0,29.43,1,0,0,0,LOW
10.54,44.8,90.94,126.59,1.22,-0.165,68.6,32.29,1,0,0,0,LOW
9.7,48.49,103.66,295.19,0.84,0.183,91.54,32.46,4,0,0,2,HIGH
10.45,33.17,55.85,154.85,0.83,0.256,85.13,28.21,3,0,2,0,MEDIUM
3.1,70.75,134.48,300.29,1.52,0.263,100.0,26.71,1,0,0,0,MEDIUM
26.47,41.51,83.25,110.41,0.84,-0.01,89.72,27.06,4,0,1,2,HIGH
1.03,21.75,76.64,129.67,1.19,0.069,99.08,24.94,1,0,0,0,LOW
19.35,127.32,254.7,517.89,0.09,-0.009,76.92,33.05,2,0,0,0,MEDIUM
3.83,22.83,67.92,106.81,0.8,-0.043,55.79,30.4,1,0,0,0,LOW
15.26,23.46,39.12,122.73,0.61,-0.027,85.27,28.92,1,0,0,0,LOW
19.61,31.29,71.81,104.14,0.22,-0.128,64.93,28.29,2,0,0,0,LOW
10.63,44.11,68.25,164.26,1.05,-0.057,64.95,18.9,1,0,0,0,LOW
7.51,37.39,128.13,212.94,0.49,-0.201,73.03,30.48,3,0,3,0,MEDIUM
0.88,48.59,153.09,223.04,1.4,0.12,78.83,32.18,1,0,0,0,MEDIUM
10.57,44.48,83.86,261.79,0.86,0.063,98.28,28.64,2,0,0,0,MEDIUM
3.87,62.22,98.74,182.64,1.57,-0.041,84.6,28.34,4,0,2,1,HIGH
8.38,71.63,89.52,139.35,1.21,0.193,68.04,28.49,1,0,0,0,MEDIUM
2.11,55.89,107.6,154.11,1.41,-0.118,86.76,28.5,1,0,0,0,LOW
2.72,8.75,54.67,111.52,0.52,0.046,76.42,29.11,1,0,0,0,LOW
7.38,45.15,120.23,255.21,1.48,-0.009,86.68,26.06,2,0,0,0,MEDIUM
5.64,58.37,197.46,224.63,1.72,0.097,66.57,29.07,2,0,0,0,MEDIUM
6.54,18.35,49.99,169.44,1.62,0.049,59.77,31.12,1,0,0,0,LOW
5.91,93.11,211.06,333.4,1.22,-0.074,99.76,34.26,2,0,0,0,MEDIUM
21.5,30.62,59.99,70.12,0.26,0.323,84.96,27.75,1,0,0,0,LOW
0.23,23.9,191.45,305.19,1.64,-0.193,72.9,30.25,2,0,0,0,MEDIUM
7.12,39.76,65.01,115.03,0.05,-0.216,82.9,23.02,1,0,0,0,LOW
5.89,19.51,128.47,391.24,1.72,-0.04,87.81,28.85,1,0,0,0,MEDIUM
8.31,48.98,124.14,217.69,1.28,0.144,74.31,21.66,3,0,3,0,HIGH
3.45,37.11,113.39,153.16,1.5,0.043,70.05,29.72,5,1,1,0,HIGH
5.49,15.92,37.76,143.34,1.35,0.082,83.76,28.78,2,0,0,0,LOW
1.12,18.22,61.93,72.82,1.45,-0.083,47.91,24.38,2,0,0,0,LOW
8.77,30.48,118.93,174.54,1.13,0.027,74.06,32.13,1,0,0,0,LOW
2.62,27.23,167.93,268.76,0.48,0.041,64.43,27.72,3,0,1,0,MEDIUM
10.72,83.12,104.91,236.57,0.86,-0.175,67.29,22.27,1,0,0,0,LOW
15.13,28.16,156.75,214.27,1.25,-0.166,79.48,25.52,1,0,0,0,LOW
12.68,53.53,256.07,392.8,1.35,0.101,63.23,31.77,3,0,1,0,HIGH
8.66,34.01,138.19,224.05,1.31,-0.14,73.58,33.57,1,0,0,0,LOW
9.0,56.29,95.19,429.69,0.83,0.039,91.05,31.44,2,0,0,0,MEDIUM
6.78,46.21,128.25,238.49,1.03,0.257,78.31,27.02,2,0,0,0,MEDIUM
1.83,26.37,33.27,104.99,0.54,-0.263,76.19,32.41,2,0,0,0,LOW
5.68,104.11,135.98,298.09,1.08,0.147,45.8,30.9,5,3,2,2,HIGH
4.65,46.1,164.58,301.03,0.96,0.032,86.09,30.81,1,0,0,0,LOW
7.75,55.45,217.33,294.1,1.36,-0.047,60.21,30.23,2,0,0,0,MEDIUM
4.94,26.07,150.59,195.1,1.07,-0.047,80.4,32.54,1,0,0,0,LOW
3.86,39.34,72.07,370.89,0.9,0.043,83.22,31.26,2,0,0,0,MEDIUM
1.49,60.54,101.78,295.85,1.25,0.037,70.91,28.6,4,0,2,0,HIGH
10.21,69.6,132.18,172.69,1.85,-0.011,84.88,29.14,1,0,0,0,MEDIUM
2.11,11.98,114.16,178.82,0.05,0.095,57.91,29.69,1,0,0,0,LOW
10.97,26.58,63.6,152.13,0.49,-0.117,71.51,29.13,2,0,0,0,LOW
2.94,64.13,167.72,373.65,1.15,0.016,61.48,28.27,5,2,0,0,HIGH
15.96,46.05,73.01,160.2,0.7,-0.079,81.84,27.72,2,0,0,0,LOW
9.17,95.42,174.62,211.67,1.06,-0.124,89.21,38.22,2,0,0,0,MEDIUM
20.04,83.6,165.67,310.18,1.07,0.052,92.17,29.87,2,0,0,0,MEDIUM
9.95,25.1,214.74,522.9,0.6,0.181,85.72,30.01,1,0,0,0,LOW
15.85,43.43,273.74,286.78,0.59,-0.172,80.2,25.58,1,0,0,0,LOW
9.73,57.57,94.63,171.36,0.49,-0.07,76.39,34.05,1,0,0,0,LOW
2.23,23.14,183.64,201.55,1.27,-0.162,77.93,23.25,1,0,0,0,LOW
8.0,43.19,68.61,155.62,0.67,0.12,78.83,30.37,1,0,0,0,LOW
3.39,28.86,47.41,134.25,1.01,0.054,72.05,32.95,1,0,0,0,LOW
8.51,30.17,76.02,412.66,0.48,-0.023,87.07,31.89,5,1,2,0,HIGH
27.7,50.22,173.68,261.26,1.05,0.005,79.84,23.76,2,0,0,0,MEDIUM
3.62,53.94,66.95,109.27,1.33,-0.185,92.48,26.76,1,0,0,0,LOW
2.81,52.68,77.02,235.73,1.1,0.137,93.9,32.19,1,0,0,0,LOW
9.55,26.11,114.34,166.87,1.13,-0.159,78.25,30.15,1,0,0,0,LOW
4.74,39.27,77.42,395.46,1.27,-0.272,77.28,26.5,1,0,0,0,LOW
16.74,31.94,77.58,260.05,1.01,0.09,86.71,31.77,1,0,0,0,LOW
14.74,33.5,70.87,126.62,0.61,-0.175,88.5,23.94,1,0,0,0,LOW
18.14,118.72,159.8,221.39,1.08,0.189,80.91,33.99,1,0,0,0,MEDIUM
0.85,24.43,86.16,158.56,1.32,0.185,69.92,28.38,1,0,0,0,LOW
21.3,31.13,78.73,150.83,1.49,0.034,52.4,29.43,2,0,0,0,MEDIUM
17.18,41.37,292.19,376.16,1.79,-0.062,60.77,25.58,4,0,1,0,HIGH
2.38,12.43,14.26,217.3,1.23,-0.144,88.49,26.19,1,0,0,0,LOW
2.59,5.1,147.25,190.36,0.62,0.021,79.1,32.58,4,0,0,1,MEDIUM
5.8,73.83,82.72,197.96,0.99,0.024,83.24,30.75,1,0,0,0,LOW
11.47,69.85,101.68,141.67,0.32,-0.153,75.43,37.76,1,0,0,0,LOW
5.49,11.55,69.14,134.55,1.35,0.088,79.86,31.91,1,0,0,0,LOW
6.77,29.73,119.29,186.02,1.08,0.139,71.85,26.19,2,0,0,0,MEDIUM
2.13,24.16,89.32,162.08,1.3,-0.134,65.35,25.2,1,0,0,0,LOW
2.43,35.82,53.27,175.57,0.6,0.063,73.89,24.99,1,0,0,0,LOW
0.9,45.15,177.02,214.26,1.74,-0.158,76.65,27.72,1,0,0,0,LOW
6.57,36.21,107.96,143.72,1.19,0.108,77.02,28.83,1,0,0,0,LOW
4.93,23.02,30.17,157.63,0.71,0.216,71.14,32.11,4,0,3,0,HIGH
4.92,31.45,146.98,242.06,0.05,0.093,72.96,35.78,2,0,0,0,LOW
10.43,66.76,76.46,177.56,1.13,0.14,86.55,27.01,1,0,0,0,MEDIUM
2.96,45.85,99.8,113.48,1.38,-0.143,63.59,30.78,1,0,0,0,LOW
4.78,37.86,99.93,242.16,1.14,0.144,73.18,24.83,4,0,2,0,HIGH
12.09,68.5,76.71,185.76,0.95,0.082,60.78,28.04,1,0,0,0,LOW
33.69,55.02,136.55,167.38,0.76,-0.159,79.43,37.4,4,0,1,2,HIGH
1.73,7.34,28.76,103.67,1.74,0.086,81.83,30.7,1,0,0,0,LOW
0.63,65.08,159.31,400.97,1.09,0.006,61.79,31.85,2,0,0,0,MEDIUM
26.37,71.95,141.33,272.88,1.15,-0.098,81.83,26.16,2,0,0,0,MEDIUM
5.7,53.92,194.25,413.45,0.45,0.003,82.23,27.04,3,0,1,0,MEDIUM
13.27,28.07,45.37,101.24,0.9,-0.081,88.73,29.79,1,0,0,0,LOW
4.29,51.39,120.52,244.92,0.97,-0.069,92.32,28.86,4,0,2,2,HIGH
16.6,68.83,110.68,373.88,1.69,0.199,91.98,23.07,2,0,0,0,MEDIUM
20.3,30.72,145.14,232.56,1.29,-0.024,74.08,32.25,3,0,2,0,MEDIUM
3.91,26.21,220.09,318.73,0.15,0.015,96.67,30.1,1,0,0,0,LOW
28.05,86.15,144.22,253.2,1.32,0.114,86.69,31.67,3,0,0,0,MEDIUM
9.23,103.56,126.16,205.45,0.28,-0.08,85.28,28.55,2,0,0,0,LOW
16.26,181.06,228.61,415.36,1.5,0.083,68.81,30.25,1,0,0,0,MEDIUM
1.9,7.38,102.93,173.71,0.88,0.181,87.64,24.3,4,0,3,0,HIGH
9.2,21.32,192.21,217.39,1.5,-0.007,77.8,26.03,1,0,0,0,MEDIUM
3.94,29.82,151.37,363.38,1.39,-0.045,88.28,27.84,1,0,0,0,LOW
6.44,11.08,91.84,306.0,1.05,0.19,79.56,26.46,2,0,0,0,MEDIUM
5.09,27.34,97.7,149.79,0.95,0.163,77.06,29.89,2,0,0,0,MEDIUM
11.81,13.91,82.21,257.92,1.11,0.126,74.3,31.05,3,0,0,0,MEDIUM
13.42,39.85,246.49,425.07,1.24,-0.122,70.96,31.33,4,0,1,2,HIGH
14.74,59.92,143.21,264.55,1.2,0.278,69.52,29.55,3,0,0,0,MEDIUM
1.4,52.48,82.92,116.66,1.44,-0.193,81.29,21.93,3,0,3,0,MEDIUM
0.24,24.43,89.95,435.95,1.62,0.209,77.91,32.04,1,0,0,0,MEDIUM
2.35,49.4,127.99,230.09,0.72,0.211,61.27,31.66,3,0,1,0,MEDIUM
10.91,81.04,85.27,202.32,1.82,0.034,86.01,26.11,1,0,0,0,MEDIUM
12.68,57.53,79.25,115.55,0.98,0.187,66.32,28.47,1,0,0,0,LOW
8.38,28.28,101.08,154.01,1.23,-0.164,79.54,34.99,1,0,0,0,LOW
5.6,97.26,236.63,259.97,1.17,0.203,62.25,30.73,1,0,0,0,MEDIUM
1.42,70.49,131.21,181.65,0.13,0.041,70.3,25.53,1,0,0,0,LOW
11.12,17.45,31.99,155.87,1.02,0.029,64.42,27.29,2,0,0,0,LOW
19.16,30.58,77.71,138.95,1.37,-0.021,81.72,23.28,3,0,1,0,MEDIUM
4.07,82.42,132.54,188.85,1.0,-0.146,70.2,31.29,1,0,0,0,LOW
8.62,67.45,84.26,170.02,0.45,0.008,77.78,29.4,4,0,0,1,MEDIUM
9.2,71.06,104.48,160.15,1.31,0.135,82.69,30.58,1,0,0,0,MEDIUM
22.45,50.25,149.06,332.15,0.33,-0.064,93.33,25.89,1,0,0,0,LOW
0.87,24.55,68.83,244.63,1.58,0.19,71.99,30.48,1,0,0,0,MEDIUM
6.17,45.04,137.13,255.64,1.12,-0.027,86.65,30.4,1,0,0,0,LOW
1.72,40.49,74.97,166.43,0.94,0.083,71.97,25.21,1,0,0,0,LOW
3.59,62.26,129.68,499.43,0.39,-0.053,73.57,36.52,5,2,0,2,HIGH
2.49,72.22,190.93,215.55,0.45,0.156,83.84,33.51,5,2,3,2,HIGH
10.71,27.58,127.49,203.35,1.06,0.262,78.34,26.79,2,0,0,0,MEDIUM
8.25,31.41,67.2,94.01,1.06,0.048,79.85,23.32,1,0,0,0,LOW
3.33,39.58,160.84,272.87,1.08,0.243,77.5,22.7,1,0,0,0,MEDIUM
13.33,132.89,200.48,280.71,1.31,0.117,63.82,25.95,4,0,3,1,HIGH
31.67,72.58,109.88,204.17,1.65,0.186,69.62,26.81,2,0,0,0,MEDIUM
4.2,43.58,60.85,131.8,1.03,0.077,68.89,25.0,1,0,0,0,LOW
5.17,64.09,186.72,236.7,0.72,0.317,97.9,28.16,1,0,0,0,MEDIUM
2.72,40.7,59.67,116.83,1.96,-0.044,78.11,29.04,3,0,1,0,MEDIUM
12.72,121.42,244.08,309.88,1.82,0.241,79.68,31.19,2,0,0,0,HIGH
6.53,47.47,86.6,171.83,0.89,0.102,69.37,27.12,1,0,0,0,LOW
18.81,30.26,85.48,179.5,0.42,0.034,98.28,29.7,2,0,0,0,LOW
19.21,51.45,94.37,119.02,1.26,0.03,77.66,30.3,1,0,0,0,LOW
1.04,16.59,124.63,159.34,0.58,0.207,79.18,24.68,1,0,0,0,LOW
53.6,97.14,178.21,260.2,0.79,0.301,83.68,23.13,2,0,0,0,HIGH
15.95,74.09,83.6,139.18,0.25,0.123,74.0,37.23,1,0,0,0,LOW
4.98,80.57,186.9,223.9,2.16,0.177,100.0,24.9,3,0,3,0,HIGH
18.56,148.26,182.31,274.37,0.71,-0.045,80.0,30.78,2,0,0,0,MEDIUM
2.53,13.33,33.12,242.73,1.98,-0.051,77.57,26.12,1,0,0,0,LOW
1.41,66.21,155.4,315.3,0.78,-0.003,78.76,30.31,4,0,0,0,MEDIUM
4.97,30.67,79.55,187.01,1.34,0.135,68.78,30.62,1,0,0,0,LOW
0.76,34.69,71.7,177.05,0.43,0.102,65.87,22.87,1,0,0,0,LOW
8.59,25.83,71.61,125.62,1.74,0.125,87.0,33.05,1,0,0,0,LOW
4.96,13.62,30.21,74.77,0.68,0.165,68.59,31.35,4,0,0,0,MEDIUM
2.44,5.19,67.51,181.48,0.8,-0.15,67.64,31.31,2,0,0,0,LOW
7.75,34.41,201.56,238.25,1.06,0.091,78.84,29.16,1,0,0,0,MEDIUM
3.13,34.96,63.09,145.48,0.83,0.036,95.52,29.31,1,0,0,0,LOW
1.74,40.92,80.73,200.45,0.87,-0.205,79.84,30.03,1,0,0,0,LOW
2.99,14.32,135.77,256.54,0.79,0.186,78.88,21.45,3,0,1,0,MEDIUM
6.1,82.76,123.3,202.42,1.19,0.016,86.02,33.26,1,0,0,0,MEDIUM
10.23,29.18,91.35,177.46,0.92,0.225,90.24,30.95,1,0,0,0,MEDIUM
2.52,4.46,29.62,118.2,0.51,0.348,73.39,27.34,2,0,0,0,LOW
8.75,53.78,282.81,457.7,0.82,-0.077,86.85,33.36,2,0,0,0,MEDIUM
9.91,83.94,178.78,654.05,0.94,-0.245,64.3,31.26,1,0,0,0,MEDIUM
10.79,39.16,117.3,151.63,1.0,0.005,67.54,29.5,1,0,0,0,LOW
8.52,30.32,53.54,170.57,0.78,-0.067,63.49,32.22,4,0,1,1,MEDIUM
5.09,102.52,114.38,153.02,0.61,0.273,66.82,31.31,1,0,0,0,LOW
3.49,35.81,58.68,86.75,0.86,-0.198,58.86,28.84,1,0,0,0,LOW
0.74,28.48,103.88,112.88,0.8,0.069,86.56,29.59,1,0,0,0,LOW
15.48,86.94,133.71,223.23,0.98,0.218,90.5,28.57,1,0,0,0,MEDIUM
21.36,35.19,140.81,196.55,0.98,-0.15,60.84,29.39,5,1,2,2,HIGH
11.82,48.09,104.42,171.18,0.96,-0.067,69.99,24.08,3,0,2,0,MEDIUM
5.85,22.74,82.05,149.01,1.36,-0.079,89.68,26.77,1,0,0,0,LOW
5.08,10.35,52.91,180.07,1.03,0.11,76.57,26.19,4,0,1,0,MEDIUM
18.16,50.83,73.68,237.35,0.73,-0.024,61.61,29.07,1,0,0,0,LOW
13.88,43.96,120.85,361.74,0.63,0.1,87.56,30.88,2,0,0,0,MEDIUM
13.76,87.13,197.55,236.17,1.17,0.256,77.33,27.19,1,0,0,0,MEDIUM
12.8,44.15,105.33,151.08,0.6,0.033,71.83,24.4,1,0,0,0,LOW
3.18,33.47,207.76,385.32,0.95,-0.099,66.16,27.22,1,0,0,0,LOW
12.17,38.13,72.01,181.81,0.92,0.215,68.49,28.36,1,0,0,0,LOW
13.48,55.64,80.03,189.97,1.12,-0.205,78.25,34.33,1,0,0,0,LOW
2.89,53.05,221.47,280.95,1.26,-0.082,71.75,26.07,2,0,0,0,MEDIUM
10.93,20.68,59.55,185.7,0.78,-0.112,86.01,22.45,1,0,0,0,LOW
1.11,7.08,20.84,213.83,1.16,-0.037,80.19,23.6,3,0,3,0,MEDIUM
14.25,46.7,109.57,197.98,1.61,-0.104,85.17,24.82,2,0,0,0,MEDIUM
7.16,37.13,46.13,90.64,0.72,0.047,90.39,30.12,3,0,1,0,MEDIUM
1.36,34.09,106.88,432.64,0.66,0.386,67.72,28.05,1,0,0,0,MEDIUM
15.21,43.62,275.63,345.6,0.63,-0.289,59.07,26.25,3,0,2,0,MEDIUM
13.48,51.23,222.79,348.06,0.92,0.137,73.53,36.98,5,2,3,2,HIGH
8.02,67.74,184.07,423.74,0.05,-0.006,57.96,25.68,2,0,0,0,MEDIUM
7.97,37.01,54.22,209.2,0.12,0.084,69.68,31.39,4,0,3,0,MEDIUM
13.32,54.69,131.0,218.06,0.05,-0.055,82.92,29.53,4,0,1,1,MEDIUM
10.56,103.53,193.69,239.89,0.37,0.099,75.21,36.18,1,0,0,0,LOW
17.17,48.73,267.96,340.51,0.58,-0.196,58.56,30.31,2,0,0,0,LOW
16.53,32.79,211.15,231.89,0.34,-0.002,84.61,26.26,1,0,0,0,LOW
15.44,42.11,200.95,433.05,0.87,-0.079,70.54,35.07,1,0,0,0,LOW
18.23,81.67,134.22,189.05,1.08,0.075,65.56,30.0,1,0,0,0,MEDIUM
2.35,157.66,310.76,502.4,0.3,0.128,77.86,24.63,4,0,2,0,HIGH
9.86,43.86,93.72,175.02,2.37,-0.144,85.4,32.22,1,0,0,0,MEDIUM
7.26,23.01,62.5,130.87,1.35,0.036,80.3,28.71,1,0,0,0,LOW
3.62,20.26,109.87,196.05,1.41,0.25,92.44,31.63,4,0,2,0,HIGH
5.3,64.87,108.87,171.21,0.93,0.198,84.31,31.48,1,0,0,0,MEDIUM
9.03,36.51,86.29,213.68,0.88,0.214,70.29,25.29,1,0,0,0,LOW
2.72,35.21,137.74,246.28,0.26,-0.218,65.44,24.19,3,0,1,0,LOW
12.47,63.54,70.43,137.93,0.6,0.05,56.28,24.29,2,0,0,0,MEDIUM
4.9,95.97,156.72,239.89,0.76,-0.011,83.41,28.55,1,0,0,0,LOW
0.55,32.15,48.44,438.37,0.1,0.033,73.07,26.6,2,0,0,0,LOW
7.47,20.33,26.09,111.87,1.28,0.048,86.7,30.92,1,0,0,0,LOW
19.5,25.46,139.35,185.01,1.31,0.163,81.23,30.94,1,0,0,0,MEDIUM
10.47,18.9,70.1,121.08,1.29,-0.266,85.01,23.11,2,0,0,0,LOW
5.36,23.69,129.76,242.7,1.22,0.218,78.1,30.11,1,0,0,0,LOW
0.84,16.91,82.35,197.06,0.53,0.179,69.02,29.33,1,0,0,0,LOW
5.86,66.1,135.94,218.88,1.21,-0.01,76.01,27.05,3,0,2,0,HIGH
2.68,87.4,256.84,349.62,0.56,0.007,86.18,30.0,1,0,0,0,MEDIUM
4.16,33.63,66.4,103.6,1.4,-0.086,63.17,32.42,1,0,0,0,LOW
3.33,80.97,87.12,153.13,0.45,-0.042,71.43,36.37,2,0,0,0,LOW
27.74,55.33,77.4,146.98,1.26,-0.053,70.8,29.59,4,0,1,1,HIGH
2.95,25.38,78.0,233.92,1.15,-0.118,56.71,27.94,2,0,0,0,LOW
6.7,40.7,125.57,169.72,0.99,0.04,82.91,28.47,1,0,0,0,LOW
2.84,57.71,111.59,175.56,1.06,-0.126,70.42,28.38,2,0,0,0,LOW
12.77,38.15,129.26,233.08,1.4,-0.144,87.26,31.39,1,0,0,0,LOW
12.71,56.97,80.14,201.66,0.91,0.004,89.59,20.18,1,0,0,0,LOW
5.51,6.72,145.84,210.45,1.35,0.209,67.01,23.35,1,0,0,0,LOW
11.74,58.89,147.55,385.4,1.26,0.17,76.18,26.44,3,0,3,0,HIGH
15.11,24.65,113.62,228.59,0.71,-0.131,93.69,30.38,4,0,0,0,MEDIUM
3.72,9.12,177.17,273.88,0.76,0.028,66.81,28.35,4,0,1,0,MEDIUM
6.3,17.15,86.75,187.09,0.94,0.042,79.88,29.12,1,0,0,0,LOW
7.47,31.95,99.82,238.0,0.55,-0.099,58.45,27.12,1,0,0,0,LOW
10.45,33.09,170.18,199.76,1.04,0.245,57.16,28.56,1,0,0,0,MEDIUM
0.96,15.42,74.42,98.31,1.29,-0.162,97.39,27.18,1,0,0,0,LOW
1.83,6.91,35.81,133.7,0.77,-0.098,72.95,36.76,1,0,0,0,LOW
5.97,74.62,148.27,154.32,1.24,0.16,74.59,27.84,3,0,0,0,MEDIUM
7.36,49.26,56.21,134.05,0.93,-0.205,68.93,30.3,2,0,0,0,LOW
6.32,35.42,105.43,202.22,0.7,-0.019,74.83,26.19,1,0,0,0,LOW
2.0,32.29,64.99,298.3,1.22,-0.085,61.79,25.79,3,0,0,0,MEDIUM
15.42,90.01,101.19,263.01,0.05,-0.069,63.43,28.68,1,0,0,0,LOW
3.5,42.89,128.36,286.38,1.3,0.042,86.89,31.14,1,0,0,0,MEDIUM
23.95,61.87,172.16,280.29,1.23,0.136,100.0,26.27,1,0,0,0,MEDIUM
1.6,4.67,45.51,206.32,1.67,0.098,69.1,31.92,1,0,0,0,LOW
4.12,90.84,128.28,152.4,1.16,-0.002,77.08,31.37,1,0,0,0,MEDIUM
3.67,20.37,200.76,251.4,1.5,-0.021,92.81,29.63,1,0,0,0,MEDIUM
12.23,50.63,187.75,377.49,1.68,0.26,99.27,26.16,2,0,0,0,HIGH
17.64,66.94,84.77,272.03,0.51,-0.088,69.83,36.13,2,0,0,0,LOW
7.33,28.3,73.74,151.37,0.65,0.144,85.23,32.83,3,0,2,0,MEDIUM
10.31,25.35,58.65,295.13,1.19,0.015,73.86,31.1,4,0,2,0,MEDIUM
3.22,37.17,129.8,203.53,0.94,-0.088,75.89,25.04,1,0,0,0,LOW
5.83,131.68,171.83,224.57,0.11,0.213,75.8,25.63,3,0,3,0,HIGH
12.19,28.28,38.23,80.5,2.14,0.21,79.6,24.96,3,0,2,0,HIGH
7.35,45.55,91.88,210.97,0.49,-0.262,83.82,30.89,4,0,0,0,MEDIUM
1.67,12.74,137.25,199.38,0.17,0.113,73.63,26.32,1,0,0,0,LOW
29.53,73.69,108.09,146.33,1.53,0.061,77.12,28.46,2,0,0,0,MEDIUM
22.52,84.42,146.35,187.33,1.85,-0.099,94.15,29.24,1,0,0,0,MEDIUM
17.43,60.86,143.67,414.62,1.18,0.184,73.78,31.65,5,3,3,2,HIGH
6.8,10.5,113.08,188.08,1.0,-0.162,85.61,24.88,1,0,0,0,LOW
22.13,43.22,129.22,138.26,0.71,-0.157,83.51,28.72,1,0,0,0,LOW
20.03,35.4,58.42,151.65,1.05,0.039,70.48,30.68,1,0,0,0,LOW
24.4,31.58,147.63,216.83,0.5,-0.022,83.62,27.36,1,0,0,0,LOW
13.57,63.08,214.76,332.7,0.92,0.004,73.35,23.88,2,0,0,0,MEDIUM
4.21,57.46,132.4,157.64,1.02,0.025,91.52,28.72,1,0,0,0,LOW
10.85,45.19,142.62,360.93,0.77,0.111,85.17,27.6,1,0,0,0,LOW
22.34,54.12,162.11,410.67,1.03,0.245,62.73,28.53,4,0,1,2,HIGH
4.09,21.95,81.18,105.51,1.95,0.039,81.58,33.4,3,0,2,0,MEDIUM
9.23,55.49,85.02,397.72,0.68,0.013,94.24,30.98,2,0,0,0,MEDIUM
10.57,34.07,121.21,195.34,1.54,-0.116,78.37,27.61,3,0,2,0,MEDIUM
6.2,18.01,78.33,302.88,0.43,-0.177,66.66,33.91,5,1,3,2,HIGH
3.13,62.45,95.82,315.07,1.06,-0.117,86.32,33.2,2,0,0,0,LOW
10.13,16.91,112.28,231.83,1.19,0.023,75.79,27.56,1,0,0,0,LOW
11.35,28.89,143.96,207.17,1.04,-0.033,64.48,26.99,1,0,0,0,LOW
9.92,37.46,70.1,259.66,1.29,0.05,68.58,27.99,4,0,1,2,HIGH
6.91,22.81,40.48,108.39,0.75,0.127,73.8,25.11,1,0,0,0,LOW
2.95,42.9,81.76,177.76,1.69,-0.026,80.63,26.55,1,0,0,0,MEDIUM
2.26,21.59,62.18,96.63,0.61,0.057,83.95,24.83,1,0,0,0,LOW
1.1,40.61,129.18,189.93,1.15,0.064,80.05,27.59,1,0,0,0,LOW
14.34,102.53,244.76,457.11,1.49,0.209,89.21,26.25,3,0,0,0,HIGH
1.78,44.08,72.8,283.24,1.73,-0.16,79.37,29.46,1,0,0,0,LOW
3.96,77.54,100.59,175.51,2.06,0.26,78.68,34.78,4,0,0,0,HIGH
2.8,10.14,43.84,62.36,0.42,-0.11,81.0,29.79,2,0,0,0,LOW
7.37,39.78,212.58,231.25,0.51,-0.105,74.48,32.88,1,0,0,0,LOW
11.43,25.12,125.94,304.77,1.62,0.058,95.31,27.33,3,0,0,0,HIGH
8.53,57.9,281.31,337.37,1.16,0.035,80.68,25.14,1,0,0,0,MEDIUM
9.6,62.61,86.76,218.15,0.8,0.131,84.73,22.2,5,3,0,2,HIGH
7.75,63.89,140.57,193.34,0.74,-0.025,68.68,29.07,2,0,0,0,MEDIUM
8.65,27.09,57.5,310.22,0.46,-0.335,70.66,28.19,1,0,0,0,LOW
10.11,34.48,124.58,197.4,1.21,-0.103,68.1,29.32,1,0,0,0,LOW
6.99,8.8,87.33,184.04,0.49,-0.263,84.3,31.04,4,0,1,1,MEDIUM
0.27,39.42,48.0,84.23,0.83,0.075,79.72,31.28,1,0,0,0,LOW
10.72,20.18,60.81,74.77,0.67,-0.092,73.67,26.4,1,0,0,0,LOW
6.82,35.37,98.32,183.62,1.02,0.09,78.42,30.94,1,0,0,0,LOW
2.07,41.68,78.46,204.79,0.37,-0.142,64.7,29.43,1,0,0,0,LOW
11.5,32.74,153.79,233.35,1.95,0.202,87.8,30.29,2,0,0,0,MEDIUM
11.22,53.32,180.93,297.8,0.76,0.27,91.19,27.47,1,0,0,0,MEDIUM
16.82,63.93,74.27,151.58,0.8,-0.0,65.68,28.32,1,0,0,0,LOW
3.25,86.79,144.95,301.53,1.18,0.023,90.53,35.74,1,0,0,0,LOW
0.94,43.51,72.46,163.96,2.04,-0.02,80.97,25.86,1,0,0,0,MEDIUM
6.21,100.16,159.03,251.54,1.4,0.098,86.16,24.27,1,0,0,0,MEDIUM
11.57,20.09,88.19,236.86,1.13,0.213,65.97,33.83,1,0,0,0,LOW
3.6,24.32,161.98,258.47,1.36,0.159,83.26,34.12,1,0,0,0,LOW
2.84,90.25,115.57,159.85,1.24,-0.093,83.72,33.95,4,0,3,0,HIGH
15.58,37.73,59.77,214.18,1.02,-0.07,75.15,31.91,1,0,0,0,LOW
4.9,27.92,111.65,218.46,0.47,0.055,81.92,28.1,1,0,0,0,LOW
6.35,19.37,217.24,401.79,0.66,-0.312,78.33,24.1,1,0,0,0,LOW
2.9,42.09,54.29,143.0,0.95,0.119,83.16,31.47,1,0,0,0,LOW
7.21,96.17,192.77,289.59,0.9,-0.058,76.82,31.43,1,0,0,0,LOW
14.72,51.99,164.63,369.4,0.53,0.174,88.93,25.13,2,0,0,0,MEDIUM
2.88,49.81,131.1,202.64,1.79,0.28,85.28,26.01,1,0,0,0,MEDIUM
0.44,9.96,58.51,285.44,0.7,-0.031,70.19,27.38,4,0,1,0,MEDIUM
1.65,67.96,150.92,189.57,1.3,0.0,90.06,31.23,3,0,1,0,MEDIUM
11.3,29.55,72.28,306.98,0.68,0.18,65.71,30.67,2,0,0,0,MEDIUM
2.12,64.38,141.49,267.32,1.37,-0.114,74.97,26.99,3,0,1,0,MEDIUM
5.56,9.98,34.62,306.93,0.83,-0.009,79.47,35.76,1,0,0,0,LOW
3.72,11.83,76.77,179.13,1.47,-0.045,93.71,27.96,1,0,0,0,LOW
14.75,52.41,105.56,200.26,1.19,-0.131,88.37,28.09,1,0,0,0,LOW
2.88,57.93,80.2,161.2,1.36,-0.076,82.79,37.07,1,0,0,0,LOW
17.65,79.22,191.43,276.51,0.92,0.181,82.52,26.8,1,0,0,0,MEDIUM
7.67,78.86,99.81,219.43,1.31,0.083,89.83,28.49,1,0,0,0,MEDIUM
11.8,35.73,104.29,149.14,1.44,0.047,54.7,36.09,3,0,1,0,MEDIUM
16.95,58.09,118.18,181.79,0.35,-0.013,85.52,30.8,1,0,0,0,LOW
9.2,49.4,85.18,267.39,1.18,0.128,52.28,28.67,2,0,0,0,MEDIUM
3.9,19.14,109.96,221.75,0.5,0.329,77.53,27.81,1,0,0,0,LOW
17.12,49.58,183.06,269.58,1.17,-0.222,100.0,27.05,3,0,2,0,HIGH
1.4,16.28,51.12,78.81,0.44,-0.137,98.84,31.79,1,0,0,0,LOW
27.03,72.23,97.77,213.9,2.06,-0.242,87.39,25.71,5,1,1,1,HIGH
9.01,25.5,117.21,161.61,0.5,0.133,79.2,28.37,1,0,0,0,LOW
20.8,135.05,235.15,420.4,1.68,0.152,79.94,29.15,1,0,0,0,MEDIUM
5.82,38.97,56.6,111.25,0.5,-0.158,61.11,29.37,3,0,3,0,MEDIUM
4.64,36.51,177.25,284.52,1.37,0.26,75.41,29.39,1,0,0,0,MEDIUM
2.49,27.84,118.77,185.43,0.62,0.247,79.97,31.53,1,0,0,0,LOW
8.03,31.93,92.99,222.39,0.6,0.156,62.04,28.4,4,0,3,1,HIGH
6.1,27.89,104.76,227.13,0.48,-0.128,82.24,28.61,4,0,0,1,MEDIUM
12.34,34.65,75.98,190.46,1.04,0.118,63.99,29.68,2,0,0,0,MEDIUM
16.28,91.52,115.33,181.98,1.22,-0.009,99.29,28.99,1,0,0,0,MEDIUM
4.16,72.99,278.41,348.72,1.73,0.068,86.45,31.26,2,0,0,0,MEDIUM
6.76,71.28,173.11,222.36,0.73,-0.1,71.43,24.55,1,0,0,0,LOW
7.23,47.16,89.22,206.29,0.39,0.008,78.23,25.57,1,0,0,0,LOW
2.18,41.58,70.07,116.22,0.3,-0.223,81.78,26.69,1,0,0,0,LOW
13.56,67.59,85.35,241.2,0.97,0.12,72.97,35.99,1,0,0,0,LOW
2.18,37.24,73.6,137.3,0.72,0.028,75.83,24.02,2,0,0,0,LOW
1.06,19.64,153.47,294.88,0.71,0.041,64.89,24.63,1,0,0,0,LOW
7.94,40.43,97.24,182.63,0.98,-0.128,76.0,23.31,1,0,0,0,LOW
5.63,10.78,46.92,79.59,1.04,0.294,62.38,33.84,3,0,3,0,MEDIUM
5.17,55.24,126.98,499.04,1.22,0.041,56.92,33.49,2,0,0,0,MEDIUM
16.0,86.47,192.58,233.97,0.5,0.261,95.57,28.69,1,0,0,0,MEDIUM
2.73,40.19,158.41,338.49,1.53,0.056,94.09,31.14,3,0,2,0,HIGH
19.9,35.1,130.75,252.61,1.04,0.133,90.79,25.28,1,0,0,0,MEDIUM
4.0,43.3,57.47,170.92,0.54,0.096,73.22,23.9,1,0,0,0,LOW
19.1,68.15,72.85,202.32,0.97,-0.055,73.73,28.72,5,2,1,1,HIGH
2.75,38.73,157.09,170.66,0.79,-0.067,68.18,27.45,1,0,0,0,LOW
4.67,46.98,53.01,109.35,0.42,-0.064,71.57,27.43,5,1,1,1,HIGH
34.66,49.32,271.94,625.68,0.16,0.22,84.0,29.38,1,0,0,0,MEDIUM
13.61,29.59,120.11,222.79,0.58,-0.062,75.52,27.16,1,0,0,0,LOW
1.8,44.39,106.32,123.5,0.28,0.259,88.23,31.82,4,0,3,2,HIGH
2.53,72.04,148.71,273.57,0.65,0.024,80.2,28.92,1,0,0,0,LOW
9.82,52.89,95.24,235.47,1.0,0.024,61.65,30.49,2,0,0,0,LOW
14.3,45.27,143.37,202.04,1.76,0.021,89.33,26.26,1,0,0,0,MEDIUM
10.9,18.58,27.57,207.72,1.02,0.166,93.99,27.25,1,0,0,0,LOW
3.92,11.14,19.31,152.32,1.19,-0.149,90.69,25.83,2,0,0,0,LOW
2.88,129.31,172.76,287.2,1.4,-0.27,84.98,31.67,2,0,0,0,MEDIUM
8.75,64.25,153.47,252.61,0.65,0.038,78.15,29.39,1,0,0,0,LOW
13.64,50.94,59.96,245.62,0.81,0.026,65.02,33.17,2,0,0,0,MEDIUM
8.66,34.74,186.86,338.44,1.7,0.101,64.88,30.81,1,0,0,0,MEDIUM
6.66,25.29,88.29,164.22,0.46,-0.115,60.36,31.25,1,0,0,0,LOW
1.46,37.26,125.0,183.95,1.27,-0.029,62.57,26.54,1,0,0,0,LOW
16.79,58.48,205.23,327.33,0.78,0.13,71.14,26.1,1,0,0,0,MEDIUM
0.84,27.57,59.87,154.19,0.88,0.243,80.02,25.26,1,0,0,0,LOW
1.37,67.21,100.61,379.79,0.31,0.212,89.35,27.88,2,0,0,0,MEDIUM
17.9,28.02,89.44,174.68,1.25,-0.239,91.19,28.88,1,0,0,0,LOW
7.98,73.25,105.04,135.99,0.88,-0.085,83.06,32.71,2,0,0,0,LOW
0.65,29.13,111.86,172.86,1.47,-0.051,80.9,31.02,1,0,0,0,LOW
1.39,47.52,185.35,278.11,1.28,0.243,83.32,21.7,1,0,0,0,MEDIUM
20.28,97.64,179.76,606.82,0.62,-0.074,88.1,33.67,1,0,0,0,MEDIUM
20.13,43.94,111.77,331.75,1.19,-0.063,61.59,22.96,1,0,0,0,MEDIUM
13.39,26.65,77.99,157.61,0.54,0.21,65.01,32.57,1,0,0,0,LOW
5.07,109.79,165.76,240.24,0.17,-0.025,86.99,27.71,4,0,3,2,HIGH
8.18,34.28,83.83,224.32,0.93,-0.162,80.6,30.52,1,0,0,0,LOW
3.5,37.23,98.85,155.15,0.93,-0.134,98.46,34.68,2,0,0,0,LOW
2.86,117.27,179.73,201.34,0.27,-0.034,69.44,25.07,1,0,0,0,LOW
17.29,78.72,168.37,282.97,1.49,-0.106,85.71,32.26,1,0,0,0,MEDIUM
10.69,125.41,213.44,305.01,1.58,-0.032,73.2,27.17,2,0,0,0,MEDIUM
6.72,53.27,79.35,127.15,0.6,0.005,85.05,24.31,1,0,0,0,LOW
9.51,38.11,89.82,266.06,0.68,-0.075,86.28,30.62,2,0,0,0,LOW
3.41,59.91,78.65,169.73,0.93,-0.184,73.26,22.87,4,0,0,1,MEDIUM
0.44,30.04,45.43,308.59,0.83,0.139,87.86,26.49,4,0,3,0,HIGH
11.22,84.52,192.31,469.57,0.8,0.058,85.6,33.6,1,0,0,0,MEDIUM
4.87,26.47,176.67,253.74,1.81,0.334,57.14,33.92,2,0,0,0,MEDIUM
14.58,26.96,96.02,171.35,2.15,0.102,87.97,32.71,5,2,3,1,HIGH
14.34,83.39,226.35,537.92,0.88,0.055,74.97,25.76,1,0,0,0,MEDIUM
23.55,83.58,287.23,448.86,1.42,-0.189,82.99,30.45,3,0,3,0,HIGH
0.59,16.97,25.18,293.05,2.16,0.125,100.0,29.54,1,0,0,0,MEDIUM
8.3,55.05,151.94,228.14,0.64,0.013,87.93,32.89,4,0,1,1,HIGH
11.96,14.7,43.41,130.35,0.65,-0.137,59.75,31.28,1,0,0,0,LOW
8.35,36.28,60.59,104.12,1.01,0.096,86.26,29.36,2,0,0,0,LOW
12.67,39.58,64.75,145.75,1.22,0.12,69.56,23.59,1,0,0,0,MEDIUM
6.82,55.0,85.44,130.42,0.7,-0.266,66.36,32.06,4,0,1,0,MEDIUM
11.37,87.34,233.39,359.6,0.67,-0.154,91.77,31.31,1,0,0,0,MEDIUM
6.79,43.07,96.19,118.28,1.51,0.035,81.09,27.94,2,0,0,0,MEDIUM
8.23,26.42,92.49,336.86,1.05,-0.126,66.18,26.61,4,0,1,2,HIGH
8.03,47.15,115.24,172.9,1.26,-0.145,72.82,30.4,1,0,0,0,LOW
11.02,41.6,60.88,197.78,0.62,-0.024,88.92,26.25,1,0,0,0,LOW
2.65,22.39,132.58,330.73,0.13,0.023,76.99,31.56,1,0,0,0,LOW
0.06,36.43,72.92,230.05,0.58,0.356,76.84,34.29,1,0,0,0,LOW
2.16,58.11,100.25,112.02,1.6,0.107,65.92,29.36,1,0,0,0,LOW
6.41,32.96,211.6,300.08,1.02,-0.008,77.32,26.34,1,0,0,0,LOW
15.14,50.97,55.92,73.79,0.2,-0.145,68.88,25.22,3,0,2,0,LOW
11.96,32.81,55.27,103.91,1.13,0.105,65.78,30.54,1,0,0,0,LOW
1.71,54.45,129.59,167.46,1.18,-0.009,80.45,22.8,1,0,0,0,LOW
2.87,30.54,73.12,182.35,0.93,0.274,81.02,24.98,1,0,0,0,LOW
5.52,10.66,96.67,171.4,0.91,0.318,89.02,29.54,1,0,0,0,LOW
13.58,46.97,76.24,227.12,0.64,-0.058,89.82,26.12,1,0,0,0,LOW
8.83,69.4,271.95,275.05,1.29,-0.034,99.55,31.18,2,0,0,0,MEDIUM
4.1,122.44,212.58,273.27,0.11,0.154,65.58,24.98,1,0,0,0,LOW
9.93,55.68,99.98,214.58,1.12,-0.155,81.72,27.07,1,0,0,0,LOW
4.34,24.49,152.99,241.55,0.34,-0.093,73.12,34.27,2,0,0,0,LOW
8.51,12.03,184.68,219.73,0.71,0.115,87.49,30.32,5,2,1,1,HIGH
4.98,30.2,161.71,263.34,0.63,-0.148,76.55,28.31,2,0,0,0,LOW
2.49,31.19,50.52,80.04,0.8,-0.222,56.4,27.28,1,0,0,0,LOW
10.69,29.6,78.64,133.01,0.44,0.008,80.3,27.66,1,0,0,0,LOW
18.58,23.12,80.29,227.48,0.84,0.175,80.38,27.9,1,0,0,0,LOW
12.11,120.87,202.69,266.37,1.46,0.075,94.83,30.57,2,0,0,0,HIGH
2.24,6.29,146.76,192.57,1.31,0.014,79.51,25.93,1,0,0,0,LOW
5.89,43.2,76.16,92.3,1.05,0.065,78.52,28.02,1,0,0,0,LOW
12.42,151.22,209.25,345.9,1.48,-0.068,89.69,26.95,2,0,0,0,MEDIUM
9.96,53.66,110.87,231.05,0.28,-0.296,58.4,19.95,2,0,0,0,LOW
5.78,105.39,247.55,303.68,0.47,-0.177,74.31,22.8,2,0,0,0,MEDIUM
4.61,44.28,130.09,186.48,0.1,0.225,80.09,23.87,1,0,0,0,LOW
0.32,13.33,24.01,89.09,1.57,0.167,67.34,38.89,3,0,1,0,MEDIUM
14.24,99.48,105.79,240.59,0.9,0.09,88.16,24.68,2,0,0,0,MEDIUM
9.06,38.99,144.52,273.36,1.05,0.009,77.79,20.69,1,0,0,0,LOW
0.34,94.51,142.2,233.88,1.43,0.227,95.33,26.72,3,0,2,0,HIGH
6.57,25.6,136.72,243.97,0.56,-0.005,78.23,30.22,1,0,0,0,LOW
17.38,58.49,158.8,193.79,1.18,-0.066,75.09,28.28,4,0,0,2,HIGH
4.03,32.31,166.64,202.2,1.56,-0.149,63.83,28.6,1,0,0,0,LOW
1.99,46.9,121.11,217.69,0.78,0.241,66.48,30.43,1,0,0,0,LOW
3.29,64.26,184.55,246.28,1.12,-0.001,94.65,28.05,2,0,0,0,MEDIUM
3.13,23.14,69.36,145.51,0.83,0.083,81.42,29.82,2,0,0,0,LOW
20.5,31.31,86.74,143.05,0.78,-0.193,74.88,31.09,5,2,3,1,HIGH
23.08,64.96,117.56,244.1,0.88,-0.106,69.0,21.84,1,0,0,0,LOW
10.22,30.04,125.9,248.54,1.37,0.279,93.02,25.85,1,0,0,0,MEDIUM
1.71,35.89,173.73,309.71,0.05,-0.109,82.95,33.97,4,0,3,2,HIGH
5.27,35.39,99.67,435.98,0.73,0.099,92.03,28.04,1,0,0,0,LOW
16.64,32.48,74.76,278.64,1.29,-0.041,76.7,29.49,1,0,0,0,LOW
4.93,11.13,78.39,162.93,0.96,-0.045,84.5,32.33,1,0,0,0,LOW
23.76,115.96,193.47,350.41,0.13,0.139,68.46,29.94,1,0,0,0,MEDIUM
14.72,20.77,80.34,143.81,1.79,-0.342,89.33,28.13,2,0,0,0,MEDIUM
25.77,67.09,79.16,231.47,1.87,-0.116,80.17,24.7,1,0,0,0,MEDIUM
1.42,25.63,130.52,138.9,1.28,-0.058,86.59,27.92,2,0,0,0,LOW
9.82,26.31,71.6,136.31,0.71,0.183,87.65,30.49,4,0,0,2,HIGH
25.02,33.45,79.77,124.3,0.92,-0.023,89.18,31.09,4,0,2,0,HIGH
6.25,73.94,152.65,243.61,1.46,-0.293,89.79,32.34,1,0,0,0,MEDIUM
16.18,80.94,127.78,263.09,0.54,0.15,75.36,25.47,1,0,0,0,LOW
12.22,48.41,96.44,223.48,0.78,0.095,70.97,35.05,3,0,0,0,MEDIUM
0.95,72.62,177.04,279.94,0.62,-0.231,87.38,28.87,3,0,3,0,MEDIUM
2.48,28.55,75.4,171.51,1.09,-0.083,90.5,31.17,3,0,0,0,MEDIUM
3.05,19.26,38.86,80.7,1.2,-0.132,74.07,24.08,2,0,0,0,LOW
5.95,86.78,109.24,241.57,0.56,-0.082,79.26,29.6,1,0,0,0,LOW
10.39,57.01,160.85,237.19,1.45,0.148,79.64,28.98,2,0,0,0,MEDIUM
6.2,55.47,213.14,318.95,1.43,-0.12,77.64,27.84,3,0,2,0,HIGH
5.48,36.04,108.06,180.16,0.49,-0.02,90.89,29.81,3,0,2,0,MEDIUM
15.96,70.86,242.06,412.23,1.06,-0.001,89.46,35.7,5,2,3,1,HIGH
30.59,52.75,100.11,224.32,0.65,0.168,71.87,31.47,1,0,0,0,LOW
0.72,7.53,230.85,344.42,1.78,-0.027,92.69,29.32,4,0,3,2,HIGH
25.28,53.21,190.19,355.47,1.92,0.048,88.84,29.44,1,0,0,0,MEDIUM
7.61,34.81,82.96,166.35,0.61,0.166,78.71,33.18,1,0,0,0,LOW
7.65,46.02,75.38,239.26,1.85,0.267,96.42,32.66,1,0,0,0,MEDIUM
26.35,51.89,212.41,518.69,1.5,0.079,98.41,29.46,2,0,0,0,MEDIUM
8.33,24.11,185.81,202.35,0.4,0.259,73.73,24.37,4,0,1,1,HIGH
11.53,60.15,118.06,187.48,2.1,0.246,81.59,21.95,4,0,3,1,HIGH
13.98,29.72,86.92,294.62,0.31,0.022,100.0,30.57,4,0,3,2,HIGH
1.13,31.07,140.96,389.24,1.37,0.05,73.5,27.17,5,3,2,1,HIGH
1.83,51.12,130.65,378.42,2.09,0.18,58.54,25.41,2,0,0,0,MEDIUM
9.12,24.12,77.13,98.04,0.61,0.05,61.05,23.99,4,0,0,2,HIGH
2.17,5.35,151.36,184.09,0.86,-0.019,76.13,29.66,3,0,3,0,MEDIUM
8.23,26.23,40.96,95.99,0.9,0.032,82.31,30.83,1,0,0,0,LOW
2.52,42.62,51.48,327.8,1.8,-0.153,72.35,34.49,4,0,2,1,HIGH
3.03,55.45,118.51,198.41,0.92,0.185,77.79,26.68,1,0,0,0,LOW
3.45,15.97,31.58,259.13,1.39,0.009,76.18,31.67,2,0,0,0,LOW
24.47,44.76,60.54,104.1,0.23,0.178,75.38,28.02,1,0,0,0,LOW
11.94,42.71,123.9,184.34,0.44,0.234,79.5,27.64,1,0,0,0,LOW
2.26,54.39,59.65,111.16,0.59,-0.11,97.84,28.7,3,0,0,0,MEDIUM
4.88,23.93,77.07,181.16,1.45,-0.079,71.9,30.44,2,0,0,0,MEDIUM
1.46,19.14,114.1,328.82,0.7,0.212,82.21,31.81,3,0,2,0,MEDIUM
13.68,69.69,135.03,292.85,0.05,-0.18,84.95,30.41,2,0,0,0,LOW
8.64,14.3,57.87,89.47,0.15,0.098,89.95,26.1,3,0,0,0,LOW
8.64,31.45,77.82,285.03,1.17,0.087,71.98,29.25,2,0,0,0,MEDIUM
23.06,167.59,192.84,298.88,0.59,0.126,68.4,33.58,1,0,0,0,MEDIUM
16.19,37.82,56.67,122.39,0.86,0.179,68.97,32.28,5,3,2,2,HIGH
10.77,33.8,142.73,352.97,0.92,0.029,95.39,29.75,1,0,0,0,LOW
4.14,31.94,86.48,175.85,0.67,0.02,93.04,34.37,3,0,1,0,MEDIUM
20.63,59.88,171.99,249.22,0.79,0.26,84.54,23.38,2,0,0,0,MEDIUM
2.12,49.47,96.43,170.35,1.15,-0.203,81.66,27.16,1,0,0,0,LOW
3.38,54.9,197.25,211.83,0.55,0.203,52.24,25.02,5,1,1,1,HIGH
6.6,39.11,58.92,78.64,0.78,-0.054,59.9,24.18,4,0,3,0,MEDIUM
10.82,65.61,152.26,200.8,1.27,-0.099,96.39,32.13,1,0,0,0,MEDIUM
11.67,42.86,47.77,247.76,1.11,-0.067,74.27,27.07,2,0,0,0,LOW
6.22,15.93,69.93,94.01,1.87,0.234,80.45,29.65,4,0,3,0,HIGH
4.31,55.09,208.76,324.42,0.42,0.14,73.39,25.44,2,0,0,0,MEDIUM
11.47,55.47,132.03,164.88,0.56,-0.118,69.66,29.24,2,0,0,0,LOW
10.37,70.47,102.65,110.68,0.57,0.167,86.93,29.44,3,0,2,0,MEDIUM
6.1,25.4,190.09,242.53,1.48,-0.246,60.08,26.41,3,0,1,0,MEDIUM
1.38,49.21,135.71,194.88,0.84,-0.048,82.21,31.44,1,0,0,0,LOW
7.56,61.97,123.69,271.6,1.42,0.208,90.12,34.07,4,0,0,0,HIGH
10.78,71.14,151.65,232.22,1.02,-0.133,74.09,24.37,1,0,0,0,LOW
7.05,27.15,142.74,227.28,0.73,-0.048,69.02,27.57,1,0,0,0,LOW
10.2,98.44,335.18,398.03,1.01,-0.02,79.56,33.35,3,0,2,0,HIGH
3.92,57.81,109.59,168.07,0.42,-0.057,62.97,29.26,4,0,1,2,HIGH
9.82,55.81,72.94,145.91,0.81,-0.049,92.23,30.37,1,0,0,0,LOW
11.78,41.32,105.49,240.53,0.84,-0.029,55.75,35.39,4,0,0,0,MEDIUM
6.37,71.06,115.46,393.12,2.14,0.136,85.29,29.94,3,0,0,0,HIGH
7.76,59.37,167.06,177.65,1.04,0.262,83.63,30.54,1,0,0,0,LOW
1.97,8.29,79.29,238.71,1.22,0.036,54.91,26.32,3,0,3,0,MEDIUM
6.09,29.99,92.89,189.47,1.17,0.116,83.33,27.57,2,0,0,0,MEDIUM
2.16,53.9,120.29,243.13,1.15,-0.161,82.0,21.95,1,0,0,0,LOW
5.5,38.45,106.35,217.79,0.77,-0.107,94.49,24.93,1,0,0,0,LOW
9.71,27.26,86.64,237.49,0.7,0.152,64.0,26.71,4,0,3,1,HIGH
21.1,50.45,59.22,307.65,2.28,0.159,82.65,29.35,2,0,0,0,MEDIUM
15.43,78.88,172.64,323.2,1.15,-0.268,86.79,28.07,1,0,0,0,LOW
10.66,58.09,103.31,227.51,1.24,-0.079,63.36,32.29,2,0,0,0,MEDIUM
6.6,69.88,111.48,193.79,1.87,0.084,88.72,32.51,1,0,0,0,MEDIUM
4.41,42.12,79.26,139.93,1.01,0.047,47.68,21.33,1,0,0,0,LOW
8.81,13.84,39.68,60.61,0.61,0.005,58.79,34.0,1,0,0,0,LOW
9.23,31.97,113.54,147.08,1.28,0.364,92.64,28.24,1,0,0,0,MEDIUM
13.49,37.18,240.08,289.4,0.76,0.005,75.46,23.91,1,0,0,0,MEDIUM
3.25,46.12,50.77,187.19,0.57,0.109,63.06,25.73,1,0,0,0,LOW
4.04,38.53,169.3,192.63,0.84,0.03,56.96,23.7,1,0,0,0,LOW
1.67,86.06,120.42,187.29,1.55,-0.069,81.55,29.36,1,0,0,0,LOW
12.99,32.04,188.36,370.15,0.26,0.013,77.51,28.46,2,0,0,0,MEDIUM
7.07,41.73,69.66,183.72,0.97,0.239,63.69,33.51,2,0,0,0,MEDIUM
5.73,45.46,66.86,131.73,0.92,0.18,56.1,24.04,4,0,0,0,MEDIUM
20.66,85.47,202.49,294.68,2.17,0.304,76.99,28.4,1,0,0,0,HIGH
4.0,44.16,155.55,330.44,1.73,0.126,93.67,30.34,3,0,1,0,HIGH
27.45,36.93,143.32,310.94,1.01,-0.138,60.86,34.61,1,0,0,0,LOW
21.15,54.46,132.45,176.69,0.81,0.314,94.89,29.97,3,0,2,0,MEDIUM
4.77,43.09,61.25,336.29,0.58,0.034,67.36,27.9,4,0,1,2,HIGH
2.9,24.73,74.5,174.71,0.69,0.042,67.71,27.65,4,0,0,0,MEDIUM
12.11,15.06,169.68,271.92,1.45,-0.209,70.14,31.5,1,0,0,0,LOW
3.85,10.71,62.45,195.49,0.57,0.179,85.93,30.96,1,0,0,0,LOW
6.46,42.07,171.39,213.57,0.32,0.059,61.57,27.59,1,0,0,0,LOW
6.41,23.18,43.73,71.68,0.85,0.037,63.24,27.98,1,0,0,0,LOW
3.14,14.24,152.62,286.71,0.67,0.031,68.17,28.89,2,0,0,0,LOW
22.85,78.21,185.8,244.14,1.41,0.041,64.31,24.23,1,0,0,0,MEDIUM
5.39,43.92,94.97,135.4,1.65,0.074,85.98,25.28,4,0,0,0,HIGH
2.71,15.53,88.51,297.33,0.91,0.107,74.22,26.59,2,0,0,0,MEDIUM
14.65,45.6,121.37,280.68,0.79,-0.005,72.88,24.23,1,0,0,0,LOW
17.41,21.72,149.85,178.85,1.14,0.034,74.76,24.45,3,0,2,0,MEDIUM
9.12,42.0,174.63,251.23,0.64,-0.01,65.72,33.08,3,0,1,0,MEDIUM
9.71,67.72,121.23,204.52,1.02,-0.21,71.23,28.04,1,0,0,0,LOW
8.53,37.2,189.22,220.76,0.32,0.318,84.76,35.43,2,0,0,0,MEDIUM
6.5,17.6,78.14,223.79,1.54,0.032,85.58,32.95,4,0,3,2,HIGH
5.98,65.15,80.49,132.22,1.51,0.25,82.79,31.9,1,0,0,0,MEDIUM
12.52,37.49,80.57,108.04,0.74,0.206,67.62,26.19,1,0,0,0,LOW
7.31,40.6,82.63,145.42,0.88,0.162,80.22,26.57,2,0,0,0,MEDIUM
6.41,69.65,108.64,193.34,1.47,0.246,79.33,31.24,1,0,0,0,MEDIUM
11.12,34.74,126.9,206.45,1.79,-0.055,81.17,27.28,1,0,0,0,LOW
3.33,26.27,78.99,185.16,0.99,0.087,67.63,23.36,2,0,0,0,MEDIUM
2.58,82.63,181.61,350.06,1.08,-0.075,72.75,26.36,2,0,0,0,MEDIUM
6.7,25.65,47.24,116.19,0.75,0.1,80.86,22.67,1,0,0,0,LOW
10.66,18.65,76.91,329.43,1.74,-0.01,61.49,30.49,1,0,0,0,LOW
12.35,34.18,70.05,145.14,0.33,-0.028,84.32,27.06,2,0,0,0,LOW
9.11,48.66,62.49,177.41,1.08,-0.447,96.39,26.57,4,0,3,0,MEDIUM
13.26,32.36,129.22,270.78,0.05,0.199,98.31,30.25,3,0,1,0,MEDIUM
4.44,53.94,119.44,127.62,0.96,0.181,70.48,30.36,2,0,0,0,MEDIUM
11.68,34.92,102.14,179.36,1.44,0.096,86.5,26.53,1,0,0,0,MEDIUM
13.04,50.0,81.16,207.4,2.15,0.29,80.8,30.24,3,0,2,0,HIGH
8.64,96.99,242.37,301.5,1.01,0.241,87.72,31.14,1,0,0,0,MEDIUM
3.42,12.52,38.27,272.88,0.72,-0.095,65.15,24.5,2,0,0,0,LOW
7.71,96.45,106.17,247.9,0.58,0.149,72.55,29.84,2,0,0,0,MEDIUM
5.45,27.99,59.35,165.24,1.17,-0.107,81.86,27.16,4,0,0,2,HIGH
0.29,23.84,49.32,177.84,1.03,0.096,79.08,31.84,3,0,1,0,MEDIUM
26.34,38.49,125.02,168.21,0.95,0.228,70.36,31.4,1,0,0,0,LOW
3.28,11.88,151.54,237.97,0.05,0.256,100.0,30.12,4,0,3,2,HIGH
8.45,32.03,92.18,246.89,1.09,-0.049,76.96,25.06,1,0,0,0,LOW
8.84,75.17,146.74,202.1,0.31,0.182,81.33,23.69,5,3,0,2,HIGH
4.61,71.77,203.39,272.76,0.15,-0.073,79.45,29.49,5,3,1,0,HIGH
4.49,57.16,172.92,262.5,1.14,0.173,92.91,22.16,1,0,0,0,MEDIUM
2.7,51.02,64.81,147.74,0.67,-0.151,75.6,35.04,1,0,0,0,LOW
5.5,74.16,87.03,188.43,0.91,0.078,82.93,31.23,1,0,0,0,LOW
0.58,14.41,104.38,225.34,0.94,-0.102,71.3,29.85,2,0,0,0,LOW
13.67,68.69,167.34,343.97,0.08,0.061,83.77,26.27,1,0,0,0,LOW
12.97,54.8,146.92,194.05,1.21,0.165,93.25,26.64,1,0,0,0,MEDIUM
8.87,51.28,145.5,184.4,1.09,-0.047,86.59,33.81,1,0,0,0,LOW
0.71,52.97,75.22,403.58,1.72,-0.122,76.19,26.39,1,0,0,0,MEDIUM
7.45,33.17,159.52,168.32,2.09,-0.07,92.43,29.03,3,0,1,0,MEDIUM
9.07,11.01,117.21,239.32,0.84,-0.012,66.86,32.99,1,0,0,0,LOW
12.31,85.48,127.6,265.91,1.43,0.119,81.3,24.39,1,0,0,0,MEDIUM
3.75,20.95,119.36,192.18,0.98,0.239,87.35,35.21,1,0,0,0,LOW
22.57,64.27,97.67,350.31,1.17,-0.003,73.93,26.03,4,0,0,2,HIGH
20.88,61.08,115.2,216.78,1.0,-0.41,100.0,28.59,3,0,0,0,MEDIUM
2.05,38.73,113.09,288.5,0.21,0.13,71.99,31.66,1,0,0,0,LOW
2.04,70.21,81.41,177.26,1.42,0.296,83.09,28.09,1,0,0,0,MEDIUM
33.69,55.55,77.91,95.97,1.19,0.016,65.88,35.68,3,0,0,0,MEDIUM
7.9,67.66,126.02,168.6,0.47,0.04,79.53,23.26,1,0,0,0,LOW
5.38,39.14,205.91,256.15,1.22,-0.005,91.37,29.63,1,0,0,0,LOW
8.1,39.54,106.95,127.45,1.0,0.097,66.04,30.42,3,0,2,0,MEDIUM
2.71,85.83,123.51,220.28,0.36,-0.008,84.13,27.81,3,0,0,0,MEDIUM
2.52,44.74,169.18,330.68,1.22,0.134,68.95,27.27,1,0,0,0,LOW
8.4,45.05,94.79,260.22,0.37,0.246,68.47,27.11,1,0,0,0,LOW
4.28,78.94,162.17,204.08,1.26,0.305,84.48,31.87,4,0,1,1,HIGH
6.56,20.8,53.57,111.39,0.52,0.05,81.19,26.08,1,0,0,0,LOW
14.4,59.57,94.4,130.08,0.94,0.252,72.21,31.35,3,0,1,0,MEDIUM
2.54,15.88,101.4,141.28,0.61,0.211,75.12,25.23,1,0,0,0,LOW
1.67,47.33,94.0,329.86,0.63,0.125,71.9,32.54,1,0,0,0,LOW
2.41,43.11,73.31,90.64,1.23,-0.148,64.24,30.94,1,0,0,0,LOW
13.22,127.06,172.67,238.2,1.56,-0.083,68.62,26.35,1,0,0,0,MEDIUM
7.32,56.34,369.38,406.27,1.47,0.149,94.7,19.41,1,0,0,0,MEDIUM
2.63,23.52,119.99,165.46,1.43,-0.172,87.47,24.59,3,0,2,0,MEDIUM
11.06,34.36,133.81,311.69,1.21,0.268,79.67,30.21,2,0,0,0,MEDIUM
17.41,48.1,118.56,282.66,0.51,-0.02,100.0,31.38,2,0,0,0,MEDIUM
12.22,97.16,169.69,216.76,1.39,0.081,51.69,28.69,1,0,0,0,MEDIUM
3.23,21.73,103.94,215.5,1.18,-0.144,67.51,26.4,2,0,0,0,LOW
28.37,57.46,149.98,210.94,1.72,-0.111,68.25,25.56,2,0,0,0,MEDIUM
3.82,58.61,106.89,131.89,0.22,-0.154,76.52,33.66,2,0,0,0,LOW
5.27,17.34,109.46,279.15,0.62,-0.084,74.01,30.9,1,0,0,0,LOW
2.21,106.23,126.46,206.2,1.2,0.233,68.88,29.8,2,0,0,0,MEDIUM
18.06,89.39,143.5,210.52,0.67,-0.025,65.03,22.53,3,0,0,0,MEDIUM
8.43,58.0,155.64,182.35,1.13,0.054,60.49,38.37,5,2,3,0,HIGH
14.26,22.27,50.52,102.83,1.11,-0.019,83.23,27.22,3,0,0,0,MEDIUM
2.53,23.15,153.76,207.54,1.35,0.246,69.42,28.45,1,0,0,0,MEDIUM
0.42,46.92,135.81,299.82,1.12,0.139,72.91,31.16,1,0,0,0,LOW
11.44,144.22,184.93,225.94,1.12,0.087,66.49,26.2,1,0,0,0,MEDIUM
13.88,65.99,99.67,244.24,0.92,-0.03,87.0,34.63,1,0,0,0,LOW
11.96,77.58,139.92,347.35,0.95,-0.042,94.14,28.88,2,0,0,0,MEDIUM
2.11,27.78,96.7,136.6,0.71,-0.184,79.4,30.09,1,0,0,0,LOW
18.28,49.3,109.43,180.46,0.8,0.054,65.68,33.44,1,0,0,0,LOW
11.07,18.63,164.98,399.51,0.45,-0.227,57.64,30.6,1,0,0,0,LOW
8.1,64.05,125.57,205.33,0.55,-0.075,83.11,31.2,1,0,0,0,LOW
3.86,75.6,92.48,248.5,0.89,0.004,82.6,26.06,2,0,0,0,MEDIUM
3.33,59.27,107.06,333.0,1.34,-0.052,93.77,31.83,1,0,0,0,LOW
13.85,19.88,58.26,148.78,1.28,0.079,63.63,30.62,1,0,0,0,LOW
13.35,51.97,109.31,227.39,1.3,0.127,78.78,29.93,1,0,0,0,MEDIUM
8.74,34.49,90.29,318.03,1.28,0.049,76.43,34.2,3,0,2,0,MEDIUM
3.96,55.54,82.24,187.76,1.02,0.089,80.29,29.92,5,2,2,0,HIGH
13.79,24.53,153.74,215.66,0.87,0.145,65.88,25.65,2,0,0,0,MEDIUM
33.67,66.84,101.47,191.4,0.52,-0.071,98.68,26.14,3,0,1,0,MEDIUM
7.54,74.59,119.31,282.51,1.15,0.059,96.28,28.19,3,0,1,0,MEDIUM
9.09,17.26,80.83,102.1,1.43,0.302,63.01,29.54,1,0,0,0,LOW
9.88,29.69,125.89,202.61,1.19,-0.122,87.03,28.11,3,0,1,0,MEDIUM
5.71,44.89,96.92,122.7,0.75,0.038,79.1,31.96,1,0,0,0,LOW
9.07,23.35,95.88,186.56,0.88,-0.031,71.69,25.54,1,0,0,0,LOW
4.09,11.77,212.86,485.38,1.26,0.018,63.91,31.97,1,0,0,0,MEDIUM
5.76,67.67,152.28,279.44,1.03,0.026,81.12,38.74,1,0,0,0,LOW
15.22,106.33,164.09,345.7,1.17,-0.063,83.85,32.53,5,2,2,2,HIGH
16.53,23.13,80.52,157.17,0.63,-0.198,71.93,27.57,3,0,3,0,MEDIUM
22.2,64.25,147.62,340.52,1.28,0.026,67.28,24.84,4,0,2,1,HIGH
3.8,27.67,100.52,202.34,0.91,0.231,76.2,26.88,4,0,0,0,MEDIUM
4.15,17.85,79.91,318.33,0.94,0.16,73.12,28.23,1,0,0,0,LOW
4.05,23.88,80.73,290.88,0.62,-0.099,68.65,24.99,2,0,0,0,LOW
0.45,23.83,29.38,113.31,0.32,0.073,63.29,27.93,1,0,0,0,LOW
2.11,10.29,54.1,160.54,1.28,0.058,88.81,37.89,4,0,0,2,HIGH
4.91,19.75,77.86,210.55,0.76,0.053,74.85,34.02,1,0,0,0,LOW
3.59,53.01,105.08,122.0,0.98,0.016,86.8,31.35,4,0,0,1,MEDIUM
7.0,43.48,191.75,338.62,1.25,0.296,58.19,26.1,1,0,0,0,MEDIUM
12.9,49.02,106.32,225.5,1.37,-0.214,85.0,30.08,1,0,0,0,LOW
1.55,49.39,121.84,253.23,0.19,-0.16,99.93,29.55,1,0,0,0,LOW
4.05,11.04,28.16,296.0,1.09,-0.123,76.86,27.94,1,0,0,0,LOW
2.24,30.41,40.14,145.54,1.15,0.25,100.0,23.84,1,0,0,0,LOW
1.55,10.55,59.47,166.04,1.4,0.04,72.14,25.39,3,0,0,0,MEDIUM
5.06,33.97,150.15,200.63,1.15,0.008,73.57,33.92,1,0,0,0,LOW
14.91,57.58,183.54,288.1,0.58,0.152,69.92,26.75,3,0,1,0,MEDIUM
4.32,48.72,179.11,269.67,0.94,-0.162,76.15,31.37,2,0,0,0,MEDIUM
3.77,37.58,94.51,156.58,1.13,0.218,80.09,24.51,2,0,0,0,MEDIUM
8.1,35.58,114.34,219.91,1.17,0.094,84.72,30.75,1,0,0,0,LOW
3.62,71.8,154.47,306.41,1.38,-0.312,69.58,30.03,1,0,0,0,LOW
9.35,16.46,75.19,167.03,1.19,0.119,94.77,26.82,1,0,0,0,LOW
1.9,60.23,80.45,184.15,0.96,0.042,67.76,29.61,1,0,0,0,LOW
26.46,54.7,104.84,154.15,0.98,0.124,95.64,29.27,2,0,0,0,MEDIUM
0.31,51.15,76.24,225.03,0.8,0.056,87.87,30.16,4,0,2,0,MEDIUM
13.37,24.9,96.44,183.46,0.99,-0.113,69.58,24.72,1,0,0,0,LOW
1.91,7.68,24.42,139.25,0.34,0.067,82.96,29.28,5,1,0,2,HIGH
6.09,39.83,58.35,140.45,1.53,0.14,74.78,19.29,1,0,0,0,MEDIUM
8.54,94.55,228.41,344.86,0.77,-0.061,78.4,27.38,5,2,3,0,HIGH
4.01,40.03,95.25,195.5,1.35,0.017,86.28,22.68,1,0,0,0,MEDIUM
5.09,83.62,113.93,261.73,0.79,-0.01,87.37,27.47,1,0,0,0,LOW
20.08,75.55,194.63,316.96,1.14,0.092,86.51,29.12,1,0,0,0,MEDIUM
5.99,22.3,62.33,205.17,0.68,0.012,80.42,27.02,1,0,0,0,LOW
24.9,61.43,137.6,190.74,1.24,0.164,79.7,32.52,2,0,0,0,MEDIUM
17.95,31.35,235.48,512.81,0.98,-0.169,86.33,27.79,1,0,0,0,MEDIUM
6.89,21.0,33.54,71.16,1.47,0.249,74.42,35.94,1,0,0,0,LOW
8.34,43.73,64.49,205.2,0.84,0.064,86.27,29.9,3,0,0,0,MEDIUM
5.85,46.68,58.22,143.81,1.17,0.162,65.11,30.15,2,0,0,0,MEDIUM
6.99,75.33,238.17,306.66,1.05,0.045,61.42,29.83,1,0,0,0,MEDIUM
4.97,102.82,293.85,342.27,1.03,0.092,86.04,36.27,1,0,0,0,MEDIUM
2.97,47.64,103.68,376.0,0.71,-0.052,62.59,21.25,1,0,0,0,LOW
4.42,50.51,88.19,153.24,2.17,0.064,87.53,33.75,2,0,0,0,MEDIUM
29.48,68.25,97.65,134.42,0.38,0.316,87.32,33.63,2,0,0,0,MEDIUM
5.86,83.71,217.9,341.89,0.45,0.014,87.05,29.91,5,2,3,2,HIGH
8.32,22.82,28.66,58.77,0.05,-0.017,72.48,30.4,4,0,2,2,MEDIUM
4.33,34.61,123.5,195.67,1.16,-0.042,84.23,32.96,5,2,0,2,HIGH
9.58,32.19,93.76,186.29,0.6,0.157,97.67,29.86,2,0,0,0,LOW
13.75,31.86,96.25,231.1,0.32,0.099,82.68,34.64,1,0,0,0,LOW
3.71,26.23,88.79,272.41,0.94,0.081,65.17,28.73,1,0,0,0,LOW
12.12,35.2,76.96,138.76,1.32,0.082,75.36,31.7,1,0,0,0,LOW
0.34,16.57,113.37,163.98,1.31,-0.027,52.43,33.49,1,0,0,0,LOW
5.83,64.5,87.66,212.33,0.59,0.024,76.77,28.11,1,0,0,0,LOW
4.42,86.57,171.75,464.48,0.97,0.03,78.86,28.48,3,0,0,0,MEDIUM
2.87,75.9,109.23,156.56,1.58,-0.073,81.18,34.81,1,0,0,0,LOW
2.9,96.7,277.58,385.34,1.61,0.208,84.4,29.13,1,0,0,0,MEDIUM
17.01,48.45,154.67,214.36,0.64,-0.308,72.14,30.58,1,0,0,0,LOW
18.02,86.43,333.03,599.41,1.26,-0.314,63.14,29.3,4,0,1,2,HIGH
1.35,77.31,154.94,346.68,0.38,0.01,92.71,27.15,1,0,0,0,LOW
32.1,88.56,166.88,212.59,0.56,0.152,73.24,26.01,5,2,1,1,HIGH
12.02,23.63,52.29,195.34,1.53,-0.057,89.71,24.18,1,0,0,0,LOW
16.87,59.85,160.4,193.05,0.95,-0.078,79.35,28.97,4,0,2,1,HIGH
3.59,122.54,178.51,210.12,2.29,0.075,76.02,33.32,4,0,1,0,HIGH
10.31,28.67,121.97,211.86,1.05,0.054,74.66,29.86,2,0,0,0,MEDIUM
12.18,46.96,70.9,155.21,1.0,0.025,69.89,31.03,3,0,1,0,MEDIUM
2.14,39.3,128.33,184.06,0.71,-0.131,96.06,34.24,1,0,0,0,LOW
3.86,30.74,83.77,356.16,0.74,-0.211,79.47,28.2,1,0,0,0,LOW
12.27,27.36,42.17,200.46,1.16,-0.307,96.65,33.32,1,0,0,0,LOW
7.68,9.65,74.16,184.02,0.87,0.011,85.39,22.6,2,0,0,0,MEDIUM
12.3,47.0,203.05,404.65,1.41,-0.033,90.04,32.26,2,0,0,0,MEDIUM
23.11,65.1,113.7,285.35,1.62,0.02,68.11,28.02,1,0,0,0,MEDIUM
4.41,116.45,184.54,270.64,1.18,-0.032,87.23,29.85,1,0,0,0,MEDIUM
4.89,41.74,122.52,176.89,0.34,0.033,77.79,31.74,1,0,0,0,LOW
4.02,26.79,66.55,125.95,0.72,-0.089,82.49,26.14,4,0,3,0,MEDIUM
5.75,25.51,88.75,116.55,1.49,-0.114,67.89,31.89,1,0,0,0,LOW
4.04,43.63,57.47,182.81,0.71,0.017,79.86,29.15,1,0,0,0,LOW
14.8,48.6,128.95,381.43,1.21,0.053,77.01,27.72,1,0,0,0,MEDIUM
25.46,31.3,219.71,323.8,1.48,0.104,84.44,24.47,1,0,0,0,MEDIUM
8.27,39.92,137.04,229.13,1.51,0.093,64.96,32.29,3,0,0,0,MEDIUM
6.7,86.24,118.13,187.25,0.09,-0.072,89.38,23.09,3,0,1,0,MEDIUM
14.4,61.7,134.22,324.32,1.52,0.104,67.5,27.57,1,0,0,0,MEDIUM
2.37,44.7,63.41,141.19,0.8,-0.121,75.15,33.04,3,0,3,0,MEDIUM
5.94,67.25,121.25,210.88,0.36,0.286,89.39,26.04,3,0,3,0,MEDIUM
12.26,157.26,378.88,428.37,1.44,0.107,96.01,25.5,1,0,0,0,HIGH
3.15,33.99,108.14,241.12,1.09,-0.078,92.39,25.77,1,0,0,0,LOW
7.59,82.9,92.23,124.4,0.84,0.045,89.6,33.88,2,0,0,0,LOW
19.48,129.68,133.55,246.09,0.05,-0.144,68.75,28.47,1,0,0,0,LOW
9.24,38.29,88.05,242.63,0.7,0.181,78.21,26.1,2,0,0,0,MEDIUM
12.95,18.93,56.37,131.18,1.97,0.106,69.58,34.57,2,0,0,0,MEDIUM
6.21,22.21,90.66,153.58,0.23,-0.032,96.58,30.7,2,0,0,0,LOW
5.28,66.41,92.1,217.74,0.4,0.173,85.86,22.51,5,1,3,2,HIGH
4.04,101.82,231.05,394.61,0.89,0.089,97.39,30.38,1,0,0,0,MEDIUM
12.33,27.75,65.18,225.99,0.99,0.089,83.7,31.44,2,0,0,0,MEDIUM
1.08,46.7,110.53,216.99,1.01,0.191,76.36,29.03,2,0,0,0,MEDIUM
11.28,41.58,114.2,321.42,1.22,0.008,94.86,30.22,1,0,0,0,MEDIUM
3.92,15.2,152.38,266.19,0.05,-0.132,77.95,27.82,1,0,0,0,LOW
1.03,60.82,75.96,129.47,0.56,-0.072,98.92,28.0,4,0,2,2,HIGH
16.27,40.27,72.12,163.49,1.07,0.286,69.61,26.26,4,0,2,2,HIGH
1.35,33.91,68.82,136.33,0.97,0.12,70.41,25.85,4,0,2,2,HIGH
17.7,97.85,193.44,205.15,0.31,-0.051,69.75,29.81,2,0,0,0,MEDIUM
5.85,60.31,75.2,146.8,1.17,-0.021,86.94,28.98,1,0,0,0,LOW
9.87,68.77,133.55,154.7,1.42,-0.101,65.63,30.85,1,0,0,0,LOW
4.92,37.5,58.94,126.08,1.03,0.229,67.32,32.33,1,0,0,0,LOW
16.45,69.66,83.58,171.58,0.98,0.118,81.32,27.02,1,0,0,0,LOW
7.17,49.87,65.32,107.8,0.91,0.088,82.02,30.98,1,0,0,0,LOW
12.87,25.27,122.5,164.4,1.23,-0.052,84.95,30.98,1,0,0,0,LOW
7.8,33.94,85.24,130.04,1.48,0.196,68.14,29.86,1,0,0,0,MEDIUM
4.52,14.41,148.42,258.93,0.8,0.218,74.08,27.06,3,0,2,0,MEDIUM
3.98,42.06,57.55,138.59,0.73,0.03,71.83,36.06,3,0,1,0,MEDIUM
1.59,23.27,154.57,253.06,0.9,0.188,67.43,23.53,1,0,0,0,LOW
8.77,43.84,73.99,297.54,0.75,-0.034,65.99,31.12,5,3,0,0,HIGH
8.08,56.12,143.4,222.8,0.87,0.343,62.0,32.53,1,0,0,0,MEDIUM
4.95,18.23,123.22,210.63,0.75,-0.029,73.58,23.23,1,0,0,0,LOW
4.74,13.44,44.3,103.48,0.97,0.283,66.96,24.79,2,0,0,0,MEDIUM
15.52,51.81,126.3,396.67,1.09,0.273,98.12,30.51,1,0,0,0,MEDIUM
15.14,37.95,47.53,183.59,1.55,0.061,77.45,31.0,1,0,0,0,LOW
6.18,87.2,207.71,273.09,0.7,0.019,70.95,21.51,4,0,3,2,HIGH
25.36,91.53,143.83,182.35,0.48,-0.028,87.85,33.87,1,0,0,0,LOW
8.35,73.34,110.85,191.39,0.96,-0.041,88.67,25.23,4,0,3,0,HIGH
1.23,24.67,219.23,291.26,0.85,0.027,100.0,27.06,1,0,0,0,LOW
4.3,26.72,117.6,491.69,0.69,-0.02,92.11,28.53,3,0,3,0,MEDIUM
5.2,50.44,234.36,278.22,1.13,0.009,80.47,32.45,1,0,0,0,LOW
7.91,36.57,96.27,221.93,0.58,0.025,81.16,21.64,3,0,1,0,MEDIUM
5.56,52.38,89.96,147.81,1.44,0.057,70.22,24.1,1,0,0,0,LOW
1.96,72.5,163.4,309.75,1.34,-0.046,75.43,28.18,2,0,0,0,MEDIUM
10.22,23.33,133.67,251.76,0.8,0.121,78.41,26.47,1,0,0,0,LOW
10.53,47.65,99.33,301.24,1.16,-0.236,67.69,30.77,3,0,1,0,MEDIUM
11.43,45.5,254.4,351.65,0.81,0.118,85.08,30.23,1,0,0,0,LOW
17.74,83.39,123.39,213.94,0.25,0.136,74.38,32.44,3,0,2,0,MEDIUM
1.74,37.35,59.25,92.01,1.03,0.295,80.68,28.41,1,0,0,0,LOW
3.39,52.45,92.53,480.98,1.76,-0.001,84.08,28.42,2,0,0,0,MEDIUM
9.57,50.82,90.94,261.41,0.66,-0.144,67.03,29.61,3,0,0,0,MEDIUM
19.52,45.59,92.53,284.68,1.39,0.016,86.3,26.63,1,0,0,0,MEDIUM
9.36,47.82,104.43,188.95,1.86,-0.203,90.23,28.8,2,0,0,0,MEDIUM
2.75,68.56,158.24,235.4,1.26,-0.011,75.32,33.51,2,0,0,0,MEDIUM
14.92,92.67,118.48,328.85,0.46,0.252,67.85,33.51,1,0,0,0,MEDIUM
11.25,21.17,94.14,293.69,1.73,0.048,74.34,28.01,2,0,0,0,MEDIUM
11.81,20.86,24.65,152.69,0.63,0.015,81.62,30.27,2,0,0,0,LOW
18.38,44.91,129.22,183.39,1.35,0.038,67.14,30.63,3,0,1,0,MEDIUM
21.04,53.78,108.38,330.34,1.0,0.156,72.25,26.25,3,0,0,0,MEDIUM
11.98,22.99,44.58,117.56,0.73,-0.179,73.13,29.49,1,0,0,0,LOW
5.11,18.57,77.42,148.19,1.68,0.07,93.18,31.06,1,0,0,0,LOW
6.16,67.64,121.57,214.86,0.83,-0.119,89.39,28.57,1,0,0,0,LOW
11.71,113.7,276.93,461.5,0.95,-0.088,93.84,25.25,1,0,0,0,MEDIUM
8.05,49.69,88.44,126.94,1.14,0.077,50.32,27.47,1,0,0,0,LOW
2.76,21.01,94.94,145.82,0.72,-0.07,77.7,26.6,1,0,0,0,LOW
24.42,143.18,222.34,366.3,0.9,0.087,82.1,31.42,4,0,1,0,HIGH
4.86,37.71,112.06,228.94,0.8,-0.069,74.83,33.46,1,0,0,0,LOW
4.02,51.62,117.81,168.23,0.58,-0.241,85.72,26.54,1,0,0,0,LOW
21.71,75.59,116.39,215.96,0.93,0.076,92.53,25.8,1,0,0,0,MEDIUM
1.85,78.99,123.6,239.05,1.65,-0.03,100.0,24.5,2,0,0,0,HIGH
5.2,232.52,302.8,413.06,1.1,-0.104,79.9,33.76,4,0,0,1,HIGH
20.77,71.06,113.88,166.25,0.99,0.148,87.79,25.0,1,0,0,0,MEDIUM
7.11,25.63,33.29,135.25,0.84,0.166,90.33,27.7,2,0,0,0,MEDIUM
10.95,39.09,71.03,152.61,1.22,-0.234,66.84,37.95,1,0,0,0,LOW
3.92,64.5,138.09,219.14,0.59,-0.058,86.27,30.34,1,0,0,0,LOW
12.97,49.22,180.2,238.04,1.18,0.106,100.0,33.29,2,0,0,0,MEDIUM
7.58,84.32,163.91,179.94,1.58,0.014,75.63,32.98,1,0,0,0,MEDIUM
3.25,63.17,96.39,130.98,1.75,0.089,66.59,27.79,3,0,1,0,MEDIUM
12.75,89.89,137.72,211.96,0.86,0.288,71.37,28.95,2,0,0,0,MEDIUM
1.12,7.49,63.85,188.94,1.16,0.293,80.47,25.77,1,0,0,0,LOW
0.27,8.0,202.58,222.99,1.56,0.297,84.97,33.5,1,0,0,0,MEDIUM
5.01,37.74,131.07,156.62,1.07,0.045,83.13,25.98,2,0,0,0,MEDIUM
4.95,15.59,33.3,84.2,1.34,-0.017,80.49,28.22,2,0,0,0,LOW
6.27,81.15,93.9,168.92,1.88,0.127,58.17,28.16,1,0,0,0,MEDIUM
9.81,72.05,122.46,202.46,1.26,0.186,57.9,26.67,1,0,0,0,LOW
2.68,32.29,72.93,130.01,1.35,-0.083,74.22,31.16,1,0,0,0,LOW
0.48,56.53,206.25,473.41,0.98,-0.092,93.66,30.4,1,0,0,0,MEDIUM
2.41,48.43,133.31,317.07,0.9,-0.102,69.9,25.82,2,0,0,0,LOW
13.06,45.52,137.99,159.08,0.7,0.141,81.12,32.18,1,0,0,0,LOW
19.78,22.71,58.82,327.17,0.99,-0.133,81.96,33.18,2,0,0,0,MEDIUM
2.91,30.17,77.25,168.06,1.8,0.234,80.58,30.06,2,0,0,0,MEDIUM
4.13,41.43,148.99,281.31,0.97,0.078,71.84,25.17,1,0,0,0,LOW
3.87,61.44,153.12,191.49,0.67,0.006,73.12,27.62,2,0,0,0,MEDIUM
12.37,60.48,80.81,163.58,1.85,-0.136,76.35,30.22,1,0,0,0,MEDIUM
6.04,68.64,103.6,139.49,1.18,-0.118,78.36,28.86,1,0,0,0,LOW
7.52,38.62,122.73,269.97,1.36,0.018,68.58,25.7,1,0,0,0,LOW
13.07,73.53,152.59,221.14,1.26,-0.005,89.89,26.73,2,0,0,0,MEDIUM
11.96,32.15,151.49,199.03,1.29,0.017,84.26,25.99,1,0,0,0,LOW
0.76,17.17,80.66,100.61,0.91,-0.048,81.94,29.53,1,0,0,0,LOW
12.71,55.53,186.38,318.14,1.13,0.037,100.0,29.94,1,0,0,0,MEDIUM
14.77,30.98,88.53,150.17,1.12,-0.199,93.24,28.3,4,0,1,0,MEDIUM
5.84,122.95,130.01,211.95,1.84,-0.237,92.23,32.66,1,0,0,0,MEDIUM
0.59,80.01,112.27,258.57,0.79,0.308,78.46,31.92,1,0,0,0,LOW
1.93,67.81,222.73,271.8,0.55,0.069,61.63,27.15,2,0,0,0,MEDIUM
9.86,25.84,41.54,68.21,0.83,0.163,81.58,24.44,1,0,0,0,LOW
3.46,84.45,103.45,452.71,0.39,0.107,64.49,27.73,1,0,0,0,LOW
15.77,60.13,157.23,288.53,0.64,0.049,92.56,33.36,1,0,0,0,LOW
6.2,61.14,172.8,406.19,1.59,0.084,75.61,29.19,1,0,0,0,MEDIUM
13.23,92.41,131.58,219.25,1.13,0.086,83.73,28.05,1,0,0,0,MEDIUM
17.79,30.26,31.04,122.67,0.82,0.151,100.0,29.44,2,0,0,0,LOW
10.43,20.73,60.44,180.96,1.29,0.112,72.44,34.92,3,0,2,0,MEDIUM
14.11,36.4,70.89,201.77,0.05,0.209,85.17,28.0,2,0,0,0,LOW
7.45,13.95,78.01,123.66,1.06,0.138,64.37,30.06,4,0,1,1,HIGH
14.57,34.2,120.56,175.9,0.63,0.35,85.34,31.73,2,0,0,0,MEDIUM
0.47,14.52,24.15,255.61,1.72,-0.057,95.88,34.92,2,0,0,0,MEDIUM
11.28,32.4,42.85,189.05,1.37,0.289,82.38,27.42,3,0,1,0,MEDIUM
1.68,76.31,123.13,224.24,1.04,0.03,72.36,32.16,2,0,0,0,MEDIUM
5.9,82.01,127.25,313.5,0.37,-0.252,80.9,33.39,1,0,0,0,LOW
6.19,39.97,53.69,58.34,1.52,0.007,88.03,27.31,1,0,0,0,LOW
13.34,49.19,143.64,156.09,0.38,-0.081,72.11,28.49,1,0,0,0,LOW
19.6,76.01,117.96,134.19,0.85,0.171,71.8,24.35,2,0,0,0,MEDIUM
13.23,62.98,99.99,285.03,0.7,0.049,82.26,32.08,3,0,2,0,MEDIUM
37.04,56.12,155.15,256.54,0.45,0.294,73.52,26.48,1,0,0,0,MEDIUM
16.45,134.12,245.27,267.55,0.99,0.168,64.68,21.8,4,0,2,2,HIGH
6.77,31.78,92.6,147.01,0.75,-0.182,62.66,28.46,4,0,2,1,MEDIUM
2.37,13.85,55.39,212.32,0.32,0.247,76.01,28.34,2,0,0,0,LOW
22.45,48.8,164.8,192.78,0.44,0.053,100.0,23.97,1,0,0,0,MEDIUM
3.63,30.17,63.56,102.53,0.8,0.206,64.29,25.54,1,0,0,0,LOW
11.13,51.9,127.91,140.52,1.04,0.245,80.1,30.77,1,0,0,0,MEDIUM
7.88,26.34,78.06,111.22,1.18,0.317,73.76,25.74,3,0,2,0,MEDIUM
3.72,20.65,89.92,206.92,1.43,0.044,72.95,26.71,1,0,0,0,MEDIUM
8.72,53.15,124.49,206.8,0.54,-0.085,81.42,28.49,4,0,1,2,HIGH
14.92,39.77,97.62,193.14,1.58,-0.001,80.17,24.1,2,0,0,0,MEDIUM
17.55,78.11,139.76,333.56,0.6,-0.022,81.12,32.23,3,0,1,0,MEDIUM
12.66,65.02,108.12,144.15,1.5,-0.02,81.17,35.67,1,0,0,0,MEDIUM
11.09,56.1,181.6,205.42,0.86,0.045,78.03,28.89,5,2,2,0,HIGH
2.06,25.3,40.34,168.63,0.88,0.221,70.51,26.27,5,2,3,0,HIGH
11.23,57.55,62.45,196.05,1.35,0.039,76.65,28.43,4,0,1,2,HIGH
17.14,59.18,121.85,188.57,1.15,0.123,83.91,23.78,1,0,0,0,LOW
8.28,33.08,204.37,462.36,0.53,0.114,98.65,34.34,1,0,0,0,MEDIUM
18.27,50.94,114.37,183.73,0.92,-0.01,71.1,25.83,1,0,0,0,LOW
1.49,25.99,185.68,227.33,0.67,0.013,64.38,27.24,5,1,1,1,HIGH
5.04,37.76,107.55,211.84,1.22,0.068,90.79,22.39,1,0,0,0,LOW
8.54,40.46,148.92,210.13,2.2,-0.189,77.5,25.32,4,0,1,0,HIGH
1.82,13.29,106.12,120.44,0.21,0.16,77.69,28.03,3,0,3,0,MEDIUM
11.85,33.55,110.83,188.31,1.13,0.173,74.06,26.35,3,0,1,0,MEDIUM
9.55,35.67,100.94,133.74,0.93,0.185,61.92,22.68,1,0,0,0,LOW
7.3,41.94,95.38,172.76,1.49,0.058,86.61,30.38,1,0,0,0,LOW
4.28,29.52,43.97,244.43,0.11,0.044,90.18,29.38,1,0,0,0,LOW
2.02,46.21,57.85,128.73,0.88,-0.205,71.41,21.91,1,0,0,0,LOW
2.23,32.48,208.86,290.47,1.5,0.255,60.66,22.06,1,0,0,0,MEDIUM
7.84,25.6,134.38,181.24,1.24,0.178,78.83,32.68,3,0,0,0,MEDIUM
2.34,21.77,67.07,142.52,1.03,-0.086,76.54,22.8,1,0,0,0,LOW
18.7,122.64,141.64,205.37,1.25,0.004,77.9,23.57,3,0,2,0,HIGH
0.89,41.91,91.05,134.7,1.43,-0.221,88.82,29.7,3,0,1,0,MEDIUM
1.94,25.99,109.29,214.76,1.38,-0.097,82.03,29.95,5,1,0,0,HIGH
13.25,78.5,106.89,285.83,0.87,-0.082,85.68,31.09,3,0,3,0,MEDIUM
9.02,24.84,54.98,176.19,1.29,0.093,59.73,25.22,1,0,0,0,LOW
3.79,58.49,109.12,288.97,0.65,0.158,100.0,26.68,1,0,0,0,LOW
6.51,32.03,189.69,257.96,0.82,0.047,60.71,28.97,1,0,0,0,LOW
9.22,52.67,172.02,405.08,0.9,0.146,61.32,33.47,1,0,0,0,LOW
10.99,18.34,73.33,196.87,0.05,0.099,72.22,28.94,2,0,0,0,LOW
1.96,63.77,206.49,331.54,1.23,-0.056,77.28,32.85,3,0,1,0,MEDIUM
10.95,47.29,273.13,412.49,1.29,0.104,88.64,28.44,3,0,1,0,HIGH
2.39,126.94,168.03,340.03,0.05,0.23,83.04,27.49,1,0,0,0,LOW
10.06,47.77,75.21,248.04,0.51,0.161,91.29,28.55,1,0,0,0,LOW
4.16,21.23,142.25,208.61,1.46,0.144,84.58,30.05,1,0,0,0,LOW
24.8,76.6,127.25,185.87,2.11,-0.023,84.9,31.84,1,0,0,0,MEDIUM
2.56,60.01,132.27,206.45,1.3,0.087,77.48,30.95,5,1,3,2,HIGH
11.95,50.23,55.43,152.67,0.48,0.289,78.11,36.36,1,0,0,0,LOW
6.0,16.13,76.97,132.5,0.33,0.034,89.56,31.9,1,0,0,0,LOW
6.23,26.95,176.21,308.29,0.05,0.195,89.56,27.21,1,0,0,0,LOW
13.75,40.88,73.37,195.2,0.99,0.142,70.91,27.75,1,0,0,0,LOW
2.36,61.37,198.24,408.14,0.62,-0.015,70.05,30.47,2,0,0,0,MEDIUM
26.55,51.52,101.84,253.2,0.44,-0.155,84.26,29.02,3,0,3,0,MEDIUM
25.66,40.32,148.42,249.69,0.05,0.082,75.65,33.85,4,0,0,2,HIGH
15.37,58.26,162.65,512.02,0.37,-0.202,84.55,34.88,5,3,3,1,HIGH
3.9,45.22,146.72,198.78,0.41,0.219,80.55,31.75,2,0,0,0,LOW
17.69,85.96,202.26,238.47,1.07,0.312,99.66,32.4,1,0,0,0,MEDIUM
7.53,64.66,170.05,395.8,1.43,0.023,65.0,26.18,1,0,0,0,MEDIUM
1.82,112.46,162.54,325.55,0.05,-0.187,69.36,29.74,1,0,0,0,LOW
15.68,21.66,42.5,244.56,1.62,0.13,79.25,29.06,1,0,0,0,MEDIUM
27.51,38.45,49.19,248.2,0.71,-0.091,83.57,29.46,1,0,0,0,LOW
7.9,18.64,40.49,214.81,1.34,0.005,84.8,25.4,1,0,0,0,LOW
9.58,34.48,104.99,191.7,0.78,0.177,68.08,36.7,1,0,0,0,LOW
4.4,34.02,289.3,557.28,1.23,0.031,86.32,28.56,1,0,0,0,MEDIUM
15.42,25.56,189.97,194.58,0.39,0.143,75.41,29.16,4,0,0,2,HIGH
7.38,18.57,77.02,113.32,0.68,0.153,72.43,27.34,1,0,0,0,LOW
11.62,96.79,210.6,249.06,1.58,0.123,57.39,31.0,5,1,2,0,HIGH
1.68,27.6,65.77,87.14,1.0,0.269,75.65,18.34,1,0,0,0,LOW
4.88,37.23,43.14,158.69,1.23,-0.084,81.5,30.08,2,0,0,0,LOW
7.37,62.79,143.26,323.63,1.18,0.069,68.71,19.89,1,0,0,0,MEDIUM
2.33,27.54,71.98,345.33,1.09,0.049,76.65,36.41,2,0,0,0,LOW
1.41,102.67,178.68,286.49,1.29,0.121,55.91,34.93,3,0,2,0,HIGH
3.39,44.3,115.59,147.2,1.37,0.038,73.74,30.19,1,0,0,0,LOW
6.61,117.0,187.8,258.36,0.45,-0.024,82.08,25.56,1,0,0,0,LOW
3.06,24.04,149.38,359.61,1.12,0.013,79.62,29.04,1,0,0,0,LOW
4.13,10.02,134.32,145.49,0.82,0.092,76.14,24.9,2,0,0,0,MEDIUM
5.55,55.51,150.92,275.54,0.34,-0.061,84.87,30.17,5,1,2,2,HIGH
9.04,21.75,35.02,50.61,1.08,0.086,74.41,33.82,3,0,0,0,MEDIUM
5.0,42.61,93.97,219.6,0.63,0.054,64.14,32.04,1,0,0,0,LOW
3.22,20.11,187.39,224.3,1.19,-0.09,70.62,35.38,4,0,1,0,MEDIUM
3.59,30.24,107.35,190.49,1.28,-0.018,71.45,33.0,2,0,0,0,LOW
23.54,94.67,114.72,221.28,1.38,0.131,74.6,24.21,1,0,0,0,MEDIUM
9.62,43.27,212.92,229.6,0.95,0.002,99.98,33.48,1,0,0,0,LOW
22.85,26.48,106.94,250.14,0.41,0.033,92.35,36.67,3,0,1,0,MEDIUM
7.81,50.72,65.3,334.67,0.97,-0.183,73.11,20.06,2,0,0,0,MEDIUM
2.65,25.82,172.78,261.98,1.34,-0.028,78.44,29.54,2,0,0,0,MEDIUM
5.84,47.66,74.28,86.19,0.93,0.009,79.16,25.98,1,0,0,0,LOW
3.95,32.48,58.49,112.38,2.37,-0.023,58.66,34.3,1,0,0,0,MEDIUM
8.84,22.73,88.72,97.13,0.59,0.187,65.63,32.15,2,0,0,0,LOW
4.11,109.91,184.75,243.35,1.03,-0.099,93.67,31.83,1,0,0,0,MEDIUM
8.2,75.99,276.82,370.45,0.72,0.143,95.96,32.92,1,0,0,0,MEDIUM
8.34,114.37,246.79,450.0,0.7,-0.009,87.05,26.72,1,0,0,0,MEDIUM
32.14,41.22,69.51,91.78,1.43,-0.023,76.79,30.84,4,0,1,2,HIGH
8.24,50.35,124.78,251.7,0.99,0.105,85.05,24.58,4,0,1,0,HIGH
18.11,19.53,181.65,257.73,1.72,-0.103,75.82,31.81,1,0,0,0,LOW
4.15,36.56,56.43,94.76,1.19,-0.02,86.4,29.88,3,0,2,0,MEDIUM
12.43,21.42,57.22,505.86,1.19,0.06,74.23,25.37,3,0,2,0,MEDIUM
2.53,70.1,100.04,171.58,0.7,-0.112,72.86,24.46,1,0,0,0,LOW
7.14,56.96,139.63,264.9,0.55,0.026,74.59,30.01,1,0,0,0,LOW
8.75,34.97,155.04,277.64,1.24,0.266,77.85,29.1,3,0,1,0,HIGH
7.98,12.84,57.75,205.67,1.13,-0.046,83.87,28.31,1,0,0,0,LOW
24.19,75.43,127.95,258.67,0.99,-0.156,94.96,27.07,2,0,0,0,MEDIUM
21.01,53.88,110.02,302.7,0.91,-0.022,73.59,19.72,1,0,0,0,LOW
6.88,75.62,199.62,241.15,0.82,-0.286,66.4,32.15,1,0,0,0,LOW
1.5,63.42,98.36,183.08,1.58,0.126,99.82,29.97,4,0,3,2,HIGH
9.46,18.61,28.93,98.49,0.58,0.008,67.53,29.29,4,0,3,0,MEDIUM
4.62,107.5,173.72,232.33,1.06,0.026,95.15,32.86,5,2,2,0,HIGH
1.18,33.92,192.2,222.12,1.78,-0.077,72.89,26.81,1,0,0,0,MEDIUM
0.76,44.17,265.55,411.07,1.3,0.124,87.76,28.77,1,0,0,0,MEDIUM
7.29,24.36,110.64,158.79,1.16,0.098,68.31,29.17,3,0,0,0,MEDIUM
0.83,27.1,65.53,97.58,1.1,-0.077,74.75,29.46,4,0,1,0,MEDIUM
12.45,44.71,130.81,163.79,1.0,0.101,68.57,28.19,1,0,0,0,LOW
5.49,51.1,86.66,261.74,1.13,0.004,76.56,28.22,1,0,0,0,LOW
4.54,69.84,188.59,291.56,1.64,0.088,90.98,27.99,3,0,0,0,HIGH
14.27,45.55,71.3,97.66,0.15,-0.047,82.05,30.6,1,0,0,0,LOW
10.78,48.95,125.73,326.04,0.83,-0.105,80.49,28.22,1,0,0,0,LOW
2.12,75.66,241.24,486.18,1.53,0.142,83.12,32.75,1,0,0,0,MEDIUM
6.19,44.42,157.54,213.34,0.68,-0.164,60.63,25.61,1,0,0,0,LOW
1.63,52.03,132.84,257.41,1.49,0.095,84.59,23.34,3,0,3,0,HIGH
11.62,25.81,36.73,238.16,1.18,-0.106,87.91,21.81,5,3,1,1,HIGH
17.49,94.98,129.43,378.48,0.97,0.145,73.88,27.43,1,0,0,0,MEDIUM
5.85,26.6,175.92,304.1,1.3,-0.257,84.83,28.16,2,0,0,0,MEDIUM
5.73,17.19,75.54,101.66,1.02,-0.079,73.06,34.97,1,0,0,0,LOW
12.58,46.62,143.44,165.29,0.49,0.015,75.25,32.53,1,0,0,0,LOW
5.55,65.78,114.11,177.45,1.6,0.159,85.71,30.09,1,0,0,0,MEDIUM
0.95,42.96,138.05,235.71,1.16,-0.157,76.6,36.79,1,0,0,0,LOW
6.21,24.11,93.08,164.05,1.71,0.024,60.61,27.6,1,0,0,0,LOW
0.77,69.4,207.91,355.28,1.09,0.103,67.02,33.04,5,1,1,1,HIGH
25.99,32.0,148.14,189.02,0.69,0.014,61.75,35.33,5,3,3,2,HIGH
1.75,54.7,193.19,365.09,1.03,0.0,78.84,31.75,1,0,0,0,MEDIUM
15.87,100.3,141.71,263.03,1.43,0.149,75.59,23.59,5,3,2,2,HIGH
3.39,25.01,62.89,270.43,1.68,-0.112,66.18,30.37,2,0,0,0,MEDIUM
1.25,23.89,47.88,95.31,0.76,0.178,89.3,32.12,1,0,0,0,LOW
11.64,23.82,195.44,350.16,0.72,-0.103,88.6,30.13,1,0,0,0,LOW
14.6,69.16,113.54,235.29,0.64,-0.079,75.8,31.43,1,0,0,0,LOW
15.08,88.45,115.16,318.43,1.72,-0.186,82.43,32.68,1,0,0,0,MEDIUM
3.04,48.22,141.14,359.61,1.18,0.221,64.23,26.99,5,2,1,1,HIGH
2.26,28.71,33.48,89.79,1.01,0.08,71.99,26.24,2,0,0,0,LOW
0.9,45.52,89.47,117.4,1.08,0.009,90.58,29.45,1,0,0,0,LOW
12.93,22.07,81.27,146.13,1.51,0.111,76.81,36.97,1,0,0,0,LOW
1.03,39.66,53.34,246.12,0.55,-0.283,77.28,30.99,2,0,0,0,LOW
12.65,17.91,82.59,151.87,0.9,0.174,75.97,29.41,2,0,0,0,MEDIUM
5.46,20.22,52.76,223.59,0.85,0.034,81.63,25.74,1,0,0,0,LOW
2.93,19.51,157.72,229.99,1.29,-0.029,71.73,27.85,1,0,0,0,LOW
19.64,60.53,184.65,650.04,0.26,0.188,95.65,25.24,4,0,0,2,HIGH
0.95,13.7,130.64,142.06,0.87,0.186,58.8,32.66,1,0,0,0,LOW
26.27,73.17,127.03,403.93,1.31,-0.011,100.0,30.93,1,0,0,0,MEDIUM
3.5,67.35,129.41,281.72,0.78,-0.247,76.78,29.7,3,0,0,0,MEDIUM
7.99,24.31,107.57,210.87,0.89,-0.08,62.11,31.47,1,0,0,0,LOW
17.34,56.65,121.43,193.86,0.9,-0.262,81.95,31.85,1,0,0,0,LOW
8.2,60.13,78.35,146.85,0.85,0.098,78.42,26.33,4,0,2,0,HIGH
24.45,96.34,135.53,164.77,0.99,0.115,75.85,26.93,1,0,0,0,MEDIUM
15.8,57.29,118.6,170.61,0.96,0.275,92.53,29.98,3,0,1,0,MEDIUM
5.07,64.55,123.67,260.19,0.81,-0.162,73.14,27.36,5,1,1,2,HIGH
18.23,29.28,70.21,130.52,1.16,0.035,62.94,26.42,1,0,0,0,LOW
10.96,48.11,224.91,360.72,1.66,0.11,86.44,35.75,1,0,0,0,MEDIUM
20.65,79.85,173.84,258.06,0.6,0.086,73.75,29.17,5,3,3,1,HIGH
10.89,36.73,117.47,193.14,1.54,0.358,57.91,30.19,2,0,0,0,MEDIUM
8.58,92.47,117.8,277.79,1.22,-0.173,84.76,29.98,3,0,3,0,MEDIUM
7.4,65.15,74.77,143.47,0.91,0.186,83.03,21.86,2,0,0,0,MEDIUM
12.03,55.74,105.2,315.78,0.53,0.176,83.76,26.22,2,0,0,0,MEDIUM
3.66,77.33,176.76,338.31,0.85,0.059,95.19,26.62,2,0,0,0,MEDIUM
23.26,34.66,55.79,138.24,0.63,0.21,68.7,28.31,4,0,1,0,MEDIUM
20.37,84.76,178.1,259.95,0.23,0.064,88.1,32.62,1,0,0,0,LOW
8.24,103.67,174.78,228.4,0.8,-0.119,64.47,22.95,2,0,0,0,MEDIUM
8.47,23.74,51.05,89.75,0.75,0.067,71.85,31.92,1,0,0,0,LOW
7.06,24.31,91.77,103.72,0.77,0.025,87.75,29.22,5,1,0,2,HIGH
18.82,44.85,121.61,258.9,0.25,0.115,66.29,24.94,1,0,0,0,LOW
3.62,51.55,162.82,362.34,1.22,0.055,64.49,27.21,4,0,1,0,HIGH
9.97,107.27,226.76,288.49,0.67,-0.234,85.04,29.43,2,0,0,0,MEDIUM
6.42,25.1,127.63,269.87,0.4,0.028,62.74,29.99,4,0,2,2,HIGH
10.69,54.76,86.47,252.66,1.64,-0.099,73.27,29.37,2,0,0,0,MEDIUM
10.86,51.53,132.27,161.18,1.15,-0.064,89.86,28.12,4,0,0,1,HIGH
16.24,81.8,150.89,235.42,0.58,0.108,61.98,33.8,2,0,0,0,MEDIUM
5.61,58.4,194.35,252.42,1.26,-0.001,69.27,31.82,1,0,0,0,MEDIUM
4.91,36.12,110.09,205.38,0.91,0.257,72.95,27.33,5,2,1,1,HIGH
6.66,12.62,45.64,146.34,0.73,0.187,59.62,33.93,1,0,0,0,LOW
5.29,67.66,128.61,199.87,1.14,0.225,65.69,28.68,2,0,0,0,MEDIUM
20.56,69.77,105.22,196.73,0.97,0.365,84.14,19.45,4,0,1,0,HIGH
11.66,37.78,118.65,378.04,0.56,0.104,71.06,28.53,3,0,0,0,MEDIUM
0.62,34.46,176.89,212.26,1.32,0.032,57.39,26.28,4,0,3,0,HIGH
8.78,72.07,90.45,153.79,0.25,0.061,97.45,27.98,1,0,0,0,LOW
2.58,64.52,106.89,223.01,0.71,-0.061,81.91,32.87,1,0,0,0,LOW
1.63,62.54,71.41,168.19,0.85,0.018,85.87,23.89,1,0,0,0,LOW
17.74,50.25,74.13,251.3,0.53,0.052,76.53,29.13,1,0,0,0,LOW
12.8,20.48,65.91,134.85,0.42,0.047,87.52,29.16,3,0,3,0,MEDIUM
9.86,48.26,123.5,306.98,0.09,-0.014,72.66,30.04,1,0,0,0,LOW
2.32,74.16,175.16,268.1,1.51,0.425,92.16,25.04,4,0,2,0,HIGH
9.7,32.13,83.99,144.89,0.72,-0.024,80.1,30.95,1,0,0,0,LOW
8.4,49.82,176.3,208.61,1.47,-0.123,90.44,26.69,4,0,3,0,HIGH
0.7,49.14,102.58,349.39,1.03,0.138,68.02,32.05,2,0,0,0,MEDIUM
2.69,19.62,141.78,194.24,0.87,0.046,100.0,27.04,1,0,0,0,LOW
8.27,62.8,208.91,418.49,0.38,0.191,83.38,32.6,3,0,3,0,HIGH
9.35,55.4,97.45,151.92,0.27,0.064,70.28,25.97,4,0,2,2,HIGH
10.34,28.34,137.57,329.28,1.43,0.212,78.71,30.56,3,0,1,0,MEDIUM
6.15,12.61,107.92,234.94,1.34,0.082,53.2,31.51,1,0,0,0,LOW
8.89,30.05,113.65,216.0,1.28,0.083,85.41,25.32,2,0,0,0,MEDIUM
2.19,27.66,179.99,250.33,0.94,0.053,69.85,20.76,2,0,0,0,MEDIUM
13.86,154.86,277.92,473.14,1.02,-0.157,70.11,22.53,2,0,0,0,MEDIUM
12.3,45.29,168.78,195.07,0.86,0.085,68.72,23.83,1,0,0,0,LOW
9.75,20.36,145.83,188.68,1.57,0.007,69.33,27.49,1,0,0,0,MEDIUM
3.34,13.64,111.95,167.09,1.28,0.006,76.83,21.89,5,1,3,1,HIGH
8.72,53.97,138.62,336.25,1.61,0.223,72.39,22.21,1,0,0,0,MEDIUM
8.65,60.95,122.13,147.63,1.13,0.049,89.16,26.73,1,0,0,0,LOW
2.19,41.22,81.16,140.71,0.68,-0.026,65.45,26.9,1,0,0,0,LOW
14.46,49.06,167.71,371.0,0.16,-0.122,88.95,26.5,1,0,0,0,LOW
15.74,24.47,61.37,119.02,0.32,-0.104,72.62,27.09,2,0,0,0,LOW
14.07,63.99,91.53,113.65,1.17,0.073,76.2,20.07,3,0,2,0,HIGH
10.87,14.72,36.51,55.5,0.78,0.098,55.66,26.29,1,0,0,0,LOW
19.69,74.77,109.35,153.89,1.35,0.122,84.19,29.85,4,0,3,0,HIGH
17.52,26.54,72.38,110.02,1.05,-0.069,87.76,25.41,4,0,1,1,HIGH
6.71,30.63,47.48,100.36,1.22,-0.069,71.68,28.72,1,0,0,0,LOW
7.15,24.29,42.66,249.6,1.47,0.054,60.6,27.69,1,0,0,0,LOW
2.9,25.62,203.43,237.97,1.28,-0.055,76.29,30.86,1,0,0,0,MEDIUM
6.85,22.23,103.91,147.7,1.3,-0.101,76.25,28.95,2,0,0,0,MEDIUM
3.95,60.65,142.21,301.72,1.82,0.062,57.09,32.92,1,0,0,0,MEDIUM
9.83,77.58,136.81,179.06,1.38,0.165,91.2,31.74,2,0,0,0,MEDIUM
2.48,44.11,53.24,255.7,1.06,0.033,57.51,30.12,2,0,0,0,MEDIUM
12.55,56.8,96.96,223.25,1.36,0.037,96.79,28.54,1,0,0,0,LOW
16.56,38.75,83.85,195.86,1.42,0.231,89.36,24.93,1,0,0,0,MEDIUM
12.32,15.55,62.04,101.59,1.48,-0.034,93.22,27.38,3,0,2,0,MEDIUM
6.67,31.3,126.65,281.34,1.02,0.048,88.33,27.53,1,0,0,0,MEDIUM
1.97,28.54,74.45,128.93,1.09,0.073,83.4,35.58,1,0,0,0,LOW
15.41,51.96,116.85,210.54,1.65,-0.099,88.93,29.06,2,0,0,0,MEDIUM
6.19,134.49,204.21,281.52,0.62,0.089,89.89,29.56,1,0,0,0,MEDIUM
1.85,42.09,113.43,167.25,1.88,0.036,80.23,34.62,2,0,0,0,MEDIUM
7.12,42.6,162.66,401.6,1.07,0.041,76.42,26.92,2,0,0,0,MEDIUM
6.85,44.67,160.58,224.7,1.17,-0.026,77.11,24.45,2,0,0,0,MEDIUM
10.34,109.15,192.34,280.93,1.03,0.152,81.5,36.3,4,0,3,1,HIGH
4.41,41.05,62.07,282.36,1.28,0.079,82.62,27.83,1,0,0,0,LOW
8.77,28.99,142.84,341.88,0.9,-0.058,62.95,32.52,1,0,0,0,LOW
1.19,41.34,77.7,137.21,0.88,-0.111,65.39,32.29,1,0,0,0,LOW
8.45,24.76,126.58,269.24,0.97,-0.142,83.42,31.25,1,0,0,0,LOW
11.91,45.04,87.14,239.43,1.25,0.185,87.99,33.67,3,0,2,0,MEDIUM
4.3,50.64,185.86,290.88,1.29,0.106,90.8,29.62,1,0,0,0,MEDIUM
16.98,104.95,338.45,430.55,0.23,-0.017,73.39,29.38,1,0,0,0,MEDIUM
6.4,65.51,121.38,201.67,1.0,-0.047,85.88,29.56,2,0,0,0,MEDIUM
4.54,44.14,110.85,143.42,0.48,0.362,73.22,28.41,1,0,0,0,LOW
5.96,44.36,160.93,193.38,0.18,0.069,82.31,26.87,2,0,0,0,MEDIUM
4.54,67.94,159.09,324.68,1.26,-0.043,87.39,25.91,1,0,0,0,MEDIUM
1.31,87.12,120.77,190.08,1.08,0.078,85.3,30.45,1,0,0,0,LOW
3.96,33.69,115.2,239.47,0.97,0.322,100.0,38.06,4,0,0,2,HIGH
0.17,32.83,87.13,120.28,0.73,-0.14,74.02,26.81,1,0,0,0,LOW
7.61,48.47,90.08,136.03,0.85,0.029,59.08,31.67,2,0,0,0,LOW
7.73,40.95,130.46,190.84,0.92,0.061,80.55,28.84,1,0,0,0,LOW
4.63,17.42,193.35,254.19,1.12,0.129,82.04,24.75,1,0,0,0,MEDIUM
4.84,59.28,89.52,228.76,0.69,-0.015,84.26,36.18,1,0,0,0,LOW
9.56,43.52,81.38,125.38,1.53,0.097,97.75,33.54,3,0,0,0,MEDIUM
5.42,18.92,200.4,396.52,0.89,0.123,81.23,26.36,3,0,0,0,MEDIUM
4.3,29.85,136.39,270.47,1.6,-0.053,77.05,32.53,1,0,0,0,MEDIUM
11.46,44.55,187.03,257.88,0.84,-0.215,78.51,26.26,1,0,0,0,LOW
8.74,16.88,63.39,170.55,0.33,-0.109,81.32,30.22,3,0,2,0,LOW
21.1,60.76,99.81,239.25,0.77,0.127,69.35,25.46,1,0,0,0,LOW
13.25,31.87,66.7,147.73,1.06,0.162,84.96,32.97,3,0,1,0,MEDIUM
4.11,48.05,140.61,304.38,1.48,-0.079,82.5,25.67,4,0,1,1,HIGH
3.74,25.37,67.69,139.66,1.55,-0.208,85.66,32.99,1,0,0,0,LOW
10.74,52.66,162.58,489.91,0.92,-0.25,89.35,24.52,3,0,1,0,MEDIUM
19.58,75.85,93.68,209.43,1.47,0.107,86.01,32.01,5,2,1,2,HIGH
14.39,42.14,79.97,191.32,1.45,-0.062,62.68,34.31,2,0,0,0,MEDIUM
7.48,60.39,130.7,135.63,0.61,-0.003,88.48,26.63,3,0,1,0,MEDIUM
8.12,89.35,112.29,199.63,1.43,0.091,82.54,36.37,1,0,0,0,MEDIUM
4.91,21.15,67.87,159.0,0.78,0.124,70.88,21.9,1,0,0,0,LOW
13.57,71.47,92.15,254.32,0.72,0.164,99.48,32.59,1,0,0,0,LOW
18.66,70.49,133.21,166.16,0.58,0.369,83.73,29.67,4,0,0,0,MEDIUM
15.19,30.48,79.24,126.93,1.04,0.366,87.09,27.84,1,0,0,0,MEDIUM
4.8,45.08,144.87,251.44,0.39,0.047,75.0,23.93,1,0,0,0,LOW
6.33,24.28,67.61,126.75,1.17,0.29,67.26,20.17,1,0,0,0,MEDIUM
12.48,61.64,127.92,182.86,0.85,-0.036,85.36,30.52,1,0,0,0,MEDIUM
6.43,33.56,98.25,256.2,0.17,0.349,94.4,30.13,1,0,0,0,LOW
9.91,13.75,35.55,55.35,1.25,-0.0,91.45,27.75,1,0,0,0,LOW
19.22,50.45,107.72,389.57,1.41,-0.084,69.84,37.58,4,0,2,0,HIGH
3.53,23.73,97.78,128.79,1.0,0.259,74.64,26.32,2,0,0,0,MEDIUM
0.98,8.42,23.32,40.29,1.58,-0.007,35.0,37.44,1,0,0,0,LOW
5.95,26.6,71.95,335.34,2.28,0.011,90.78,33.51,1,0,0,0,MEDIUM
18.31,41.18,178.21,240.78,0.47,-0.094,52.28,30.9,2,0,0,0,LOW
6.15,54.86,118.4,306.68,0.92,0.181,64.19,32.98,1,0,0,0,MEDIUM
11.63,97.28,160.47,233.83,0.63,0.205,70.02,25.84,4,0,0,0,HIGH
15.73,35.0,249.0,357.1,1.73,-0.113,81.85,24.35,1,0,0,0,MEDIUM
7.39,25.2,86.75,116.22,0.81,0.192,90.72,27.85,5,2,1,2,HIGH
1.95,84.69,130.69,233.41,1.36,-0.028,68.56,24.44,3,0,2,0,MEDIUM
8.23,64.61,200.85,494.37,0.96,0.016,85.06,27.76,1,0,0,0,MEDIUM
6.63,72.59,137.33,263.06,1.41,0.009,70.73,29.16,1,0,0,0,MEDIUM
8.26,43.66,108.2,288.3,1.72,0.069,74.0,25.96,1,0,0,0,MEDIUM
5.59,27.57,116.0,143.84,1.06,0.079,93.05,26.69,1,0,0,0,LOW
7.73,23.85,49.51,156.38,0.91,0.014,82.43,21.56,1,0,0,0,LOW
16.46,28.6,117.95,227.83,1.45,0.069,77.41,27.57,1,0,0,0,MEDIUM
6.0,48.74,92.35,195.61,1.18,0.071,62.83,25.62,1,0,0,0,LOW
5.21,19.18,138.64,300.67,0.49,0.186,87.56,23.45,1,0,0,0,LOW
2.61,45.92,139.33,170.62,0.83,0.188,100.0,29.11,1,0,0,0,LOW
4.69,41.42,192.73,259.04,1.88,-0.097,92.9,20.14,4,0,2,2,HIGH
17.59,43.89,60.69,86.11,1.78,0.028,76.88,24.45,1,0,0,0,MEDIUM
14.12,94.09,202.78,219.82,1.32,0.017,78.46,29.04,1,0,0,0,LOW
5.61,30.98,85.26,119.92,0.4,-0.037,79.17,25.22,3,0,3,0,MEDIUM
7.53,95.25,217.17,268.26,1.36,-0.209,76.27,28.58,1,0,0,0,MEDIUM
4.15,39.11,121.02,330.96,1.0,-0.137,58.43,35.27,1,0,0,0,LOW
23.66,93.7,173.9,343.26,0.48,0.193,80.66,35.42,1,0,0,0,MEDIUM
1.72,24.56,61.94,95.05,1.4,0.24,89.58,25.35,3,0,0,0,MEDIUM
3.12,33.24,76.78,172.05,1.13,0.245,77.62,29.71,2,0,0,0,MEDIUM
8.92,27.73,111.34,329.01,0.89,-0.02,82.35,33.69,4,0,3,0,HIGH
2.04,32.8,82.12,196.9,1.05,0.037,79.54,27.26,1,0,0,0,LOW
2.83,36.86,86.27,268.58,1.15,-0.015,79.1,31.41,1,0,0,0,LOW
15.56,64.94,181.59,247.06,0.23,0.085,82.26,30.35,1,0,0,0,LOW
7.53,18.01,99.35,172.74,0.93,0.16,71.07,29.31,2,0,0,0,MEDIUM
6.89,17.53,86.97,163.66,0.45,0.115,75.66,27.52,1,0,0,0,LOW
17.58,44.08,144.36,595.68,0.31,-0.327,86.85,31.51,3,0,1,0,MEDIUM
0.88,15.71,46.31,63.6,1.28,-0.066,88.34,22.69,1,0,0,0,LOW
1.82,104.57,161.64,173.66,1.08,-0.04,68.54,27.81,3,0,2,0,HIGH
1.82,34.51,117.28,147.08,0.9,0.024,83.75,27.13,1,0,0,0,LOW
17.66,34.93,63.2,159.69,0.23,0.008,91.39,24.85,2,0,0,0,LOW
12.21,103.7,113.72,140.47,1.07,-0.083,82.28,33.02,1,0,0,0,LOW
2.53,28.72,109.19,159.75,1.23,0.116,71.64,25.99,1,0,0,0,LOW
10.89,44.84,98.46,189.4,1.27,0.007,82.08,33.36,1,0,0,0,LOW
3.38,23.82,145.59,272.64,0.59,-0.161,74.08,29.62,1,0,0,0,LOW
5.38,53.92,76.34,185.9,0.27,0.145,70.67,25.86,3,0,1,0,MEDIUM
17.44,87.86,135.01,244.03,1.28,0.085,78.72,27.86,1,0,0,0,MEDIUM
7.4,46.46,97.8,289.87,1.93,0.257,73.43,34.04,1,0,0,0,MEDIUM
3.76,117.9,189.72,243.42,1.07,-0.041,76.11,30.62,1,0,0,0,MEDIUM
12.07,38.1,169.33,462.93,0.07,0.156,86.87,28.71,1,0,0,0,LOW
4.73,39.12,176.14,232.85,1.22,0.071,84.09,30.41,1,0,0,0,MEDIUM
11.08,46.26,111.29,141.13,1.02,-0.152,96.22,27.47,2,0,0,0,LOW
14.5,56.34,87.49,146.43,1.68,-0.03,83.2,27.73,2,0,0,0,MEDIUM
4.38,5.37,156.28,307.99,1.09,0.144,70.81,31.03,1,0,0,0,LOW
10.21,72.42,93.8,136.2,1.24,-0.132,74.06,28.16,2,0,0,0,MEDIUM
8.73,159.93,162.22,258.69,1.61,0.117,90.32,29.36,1,0,0,0,MEDIUM
1.22,9.74,134.69,188.1,0.58,-0.156,68.75,26.51,5,2,1,2,HIGH
22.6,40.56,198.94,388.74,0.79,-0.129,81.05,30.48,2,0,0,0,MEDIUM
10.73,77.14,105.34,145.92,0.5,-0.029,61.26,29.82,1,0,0,0,LOW
15.96,113.56,133.57,203.01,0.82,0.169,66.35,30.33,1,0,0,0,LOW
3.03,65.26,128.94,188.06,1.22,-0.227,66.75,28.01,1,0,0,0,LOW
0.18,126.79,160.72,366.46,1.06,0.212,79.91,34.39,1,0,0,0,MEDIUM
14.21,70.49,128.16,150.24,1.12,0.005,62.57,31.7,1,0,0,0,LOW
1.97,19.98,78.55,114.67,1.44,-0.091,62.85,31.48,1,0,0,0,LOW
4.56,50.29,62.11,210.94,0.93,-0.078,71.25,35.61,5,2,0,0,HIGH
1.78,133.59,146.49,288.27,1.49,0.122,68.44,26.6,1,0,0,0,MEDIUM
10.64,57.85,158.56,224.36,1.14,0.015,71.27,31.25,4,0,0,0,MEDIUM
2.42,17.87,38.92,135.81,0.92,0.032,68.44,27.06,4,0,2,0,MEDIUM
2.89,35.91,56.19,183.45,1.06,0.004,77.48,29.8,2,0,0,0,LOW
8.57,71.26,104.66,183.51,0.56,-0.102,82.53,28.97,1,0,0,0,LOW
16.54,43.49,125.4,174.12,1.42,-0.167,73.64,30.55,1,0,0,0,LOW
20.73,55.91,100.42,204.98,1.07,-0.032,99.44,35.22,3,0,3,0,MEDIUM
3.71,59.75,128.33,288.6,1.26,0.166,80.12,33.52,1,0,0,0,MEDIUM
15.94,30.84,137.62,150.82,0.95,0.136,67.86,29.36,1,0,0,0,LOW
9.08,21.77,99.29,151.24,0.57,0.038,72.65,27.25,2,0,0,0,LOW
10.94,86.13,218.33,334.77,1.15,0.073,64.85,26.4,1,0,0,0,MEDIUM
5.4,39.34,75.48,150.53,0.37,0.064,78.29,29.56,3,0,2,0,MEDIUM
2.96,18.98,44.86,163.56,1.57,-0.156,86.96,29.11,1,0,0,0,LOW
12.81,35.55,51.11,98.72,1.27,-0.056,79.64,31.91,1,0,0,0,LOW
17.72,80.73,94.35,154.28,0.86,0.04,92.33,18.81,1,0,0,0,LOW
3.18,13.35,103.21,179.98,0.79,-0.093,69.13,26.75,2,0,0,0,LOW
3.83,46.35,122.27,260.17,1.12,0.117,82.77,27.43,1,0,0,0,LOW
5.53,51.82,168.13,386.45,0.87,0.145,68.33,34.89,4,0,2,2,HIGH
5.97,11.07,90.05,277.09,1.39,0.142,82.24,32.83,1,0,0,0,MEDIUM
8.6,21.05,107.19,196.57,1.21,-0.147,57.39,23.54,1,0,0,0,LOW
17.87,57.57,146.17,212.96,2.34,-0.032,100.0,29.56,1,0,0,0,MEDIUM
8.66,105.41,156.49,436.44,0.76,0.144,77.23,32.22,1,0,0,0,MEDIUM
12.29,33.82,98.88,191.08,1.53,0.018,82.01,26.92,5,1,2,2,HIGH
18.0,77.62,103.99,150.12,1.49,-0.227,78.22,29.33,1,0,0,0,LOW
19.69,66.32,117.5,172.65,1.44,0.012,85.84,29.06,2,0,0,0,MEDIUM
13.92,71.56,190.29,240.07,0.58,0.115,89.35,34.08,4,0,0,1,HIGH
22.52,40.74,87.79,108.16,1.12,-0.058,90.42,27.57,5,1,3,2,HIGH
6.68,49.08,183.59,275.33,1.64,0.305,69.37,22.46,2,0,0,0,MEDIUM
1.78,25.7,129.34,171.58,0.36,-0.038,79.02,28.29,1,0,0,0,LOW
18.02,80.38,163.81,288.67,1.13,0.001,76.44,29.0,1,0,0,0,MEDIUM
5.91,47.45,74.28,208.08,1.09,0.131,89.51,26.92,2,0,0,0,MEDIUM
4.69,21.17,71.39,253.25,0.37,0.017,66.01,30.01,4,0,1,1,MEDIUM
16.41,54.58,85.4,286.76,1.02,0.183,79.01,28.39,2,0,0,0,MEDIUM
4.7,63.67,128.61,308.63,1.79,-0.072,82.89,28.18,3,0,1,0,MEDIUM
5.76,58.0,154.27,223.87,1.24,0.029,78.06,27.8,2,0,0,0,MEDIUM
19.31,70.64,98.44,132.55,1.89,0.032,84.72,30.69,1,0,0,0,MEDIUM
7.41,27.44,49.69,130.69,0.29,0.227,71.82,27.33,1,0,0,0,LOW
7.73,22.95,66.93,110.72,1.28,-0.017,73.79,23.83,4,0,2,2,HIGH
13.44,72.39,113.32,477.03,0.81,0.261,74.99,31.77,1,0,0,0,MEDIUM
6.64,30.06,82.05,172.89,0.75,0.123,73.78,24.25,1,0,0,0,LOW
14.24,55.44,138.32,280.96,0.58,0.252,78.52,27.0,2,0,0,0,MEDIUM
1.65,29.62,201.23,282.6,0.96,-0.135,71.03,35.2,1,0,0,0,LOW
15.1,33.72,108.79,186.74,0.57,-0.151,78.18,28.96,1,0,0,0,LOW
25.36,75.13,161.43,172.81,0.05,0.262,84.57,29.1,1,0,0,0,LOW
28.69,72.89,89.69,141.37,0.92,0.158,92.43,29.08,1,0,0,0,MEDIUM
29.76,45.57,62.35,138.22,0.59,-0.152,96.95,28.85,1,0,0,0,LOW
6.52,43.64,99.23,345.69,0.76,0.293,77.22,29.73,1,0,0,0,MEDIUM
5.03,17.82,114.91,252.49,1.14,0.073,100.0,26.24,2,0,0,0,MEDIUM
4.06,15.08,33.73,44.46,0.43,0.024,80.11,31.29,1,0,0,0,LOW
3.69,35.68,110.69,309.22,1.3,0.173,65.02,34.67,3,0,3,0,MEDIUM
6.58,32.54,133.17,279.06,0.83,-0.196,76.19,33.65,1,0,0,0,LOW
8.25,11.59,41.38,70.66,1.09,-0.338,79.68,25.33,1,0,0,0,LOW
15.79,31.33,140.57,349.16,1.43,0.071,90.37,25.58,1,0,0,0,MEDIUM
4.0,17.43,40.68,290.7,1.47,0.359,76.78,25.55,1,0,0,0,MEDIUM
4.83,24.89,95.54,191.42,1.74,0.063,68.7,28.59,2,0,0,0,MEDIUM
4.74,66.02,114.28,228.51,0.73,-0.166,77.18,32.93,1,0,0,0,LOW
5.22,41.36,53.9,228.11,0.36,-0.033,72.83,27.72,2,0,0,0,LOW
12.44,47.93,153.89,210.33,1.24,0.081,73.75,30.28,1,0,0,0,LOW
21.77,61.62,101.76,334.42,1.18,0.13,68.53,39.43,1,0,0,0,LOW
9.73,46.47,150.93,166.57,1.45,0.083,71.32,28.1,2,0,0,0,MEDIUM
6.91,65.81,212.77,256.1,1.38,0.105,79.32,29.82,4,0,0,2,HIGH
4.61,29.72,97.11,136.32,1.28,-0.109,75.99,32.0,3,0,0,0,MEDIUM
8.79,74.4,138.9,317.2,1.8,0.107,63.66,26.08,1,0,0,0,MEDIUM
8.86,50.62,110.55,126.23,1.3,-0.189,96.59,27.05,1,0,0,0,LOW
10.91,53.58,184.9,262.49,1.29,0.233,56.16,21.46,1,0,0,0,MEDIUM
15.24,49.67,127.34,208.99,0.78,0.063,69.29,24.6,1,0,0,0,LOW
25.56,47.99,267.61,496.55,1.09,-0.069,65.6,27.2,1,0,0,0,MEDIUM
3.31,37.14,65.69,251.26,0.82,0.019,75.35,30.07,1,0,0,0,LOW
8.66,39.13,137.59,327.85,0.4,0.134,90.67,31.13,2,0,0,0,MEDIUM
6.9,18.56,30.46,56.09,1.1,0.2,74.58,26.48,1,0,0,0,LOW
11.78,73.57,94.16,124.9,1.79,0.147,71.72,31.9,1,0,0,0,MEDIUM
7.37,43.68,149.69,237.51,0.79,0.035,84.06,27.21,1,0,0,0,LOW
23.78,124.56,233.46,424.17,0.82,-0.054,77.7,23.06,1,0,0,0,MEDIUM
10.85,54.53,109.0,270.9,1.64,0.003,78.39,26.42,3,0,3,0,HIGH
5.04,38.93,75.08,110.63,0.55,0.208,81.83,33.5,3,0,2,0,MEDIUM
5.72,50.19,292.9,392.97,1.53,0.011,55.35,28.91,1,0,0,0,MEDIUM
9.82,32.14,62.37,235.37,0.4,-0.023,82.31,32.58,1,0,0,0,LOW
20.84,63.52,152.69,184.71,1.0,0.291,81.17,34.62,2,0,0,0,MEDIUM
0.9,75.62,129.22,298.45,0.81,0.146,80.39,22.01,1,0,0,0,MEDIUM
10.99,34.89,72.72,135.96,0.69,0.067,75.08,27.03,4,0,3,2,HIGH
6.25,50.07,150.43,195.82,0.71,0.267,89.23,32.79,2,0,0,0,MEDIUM
12.38,29.9,185.44,237.01,1.39,0.043,86.18,30.96,1,0,0,0,MEDIUM
3.3,92.24,162.36,216.04,0.81,-0.005,83.82,26.26,3,0,1,0,MEDIUM
3.31,19.58,42.75,73.42,0.88,0.074,66.6,27.65,2,0,0,0,LOW
2.23,30.85,120.17,155.67,0.86,-0.012,90.96,27.51,1,0,0,0,LOW
16.81,20.26,32.39,108.4,0.87,0.021,81.94,26.98,1,0,0,0,LOW
5.38,46.11,234.5,385.16,1.01,0.079,75.49,26.61,1,0,0,0,MEDIUM
1.56,12.21,92.47,421.18,0.29,0.233,68.43,32.4,2,0,0,0,LOW
0.8,46.62,152.93,378.83,1.18,0.024,84.1,28.71,1,0,0,0,MEDIUM
7.61,37.33,50.8,144.58,1.47,0.107,81.54,30.32,4,0,2,1,HIGH
1.54,11.58,138.56,159.95,0.41,-0.077,55.3,28.84,3,0,3,0,MEDIUM
15.38,19.76,40.95,426.39,1.12,0.238,84.36,33.84,1,0,0,0,MEDIUM
8.23,13.08,92.33,249.88,1.23,-0.189,73.92,26.0,1,0,0,0,LOW
9.29,56.83,108.21,180.55,1.0,0.085,87.33,27.41,1,0,0,0,LOW
1.84,30.78,78.58,200.16,0.74,0.088,87.04,29.57,4,0,2,2,HIGH
5.96,14.78,36.28,39.26,0.05,0.057,91.51,30.28,1,0,0,0,LOW
4.6,30.5,48.38,77.6,0.69,-0.07,72.81,31.97,1,0,0,0,LOW
8.91,57.42,149.55,215.7,1.13,0.146,96.24,25.42,2,0,0,0,MEDIUM
3.66,40.22,45.54,327.99,1.34,-0.078,96.54,28.77,2,0,0,0,MEDIUM
6.39,82.48,123.06,230.76,2.41,0.019,75.69,36.62,1,0,0,0,MEDIUM
8.81,70.19,90.93,175.39,1.17,-0.029,93.48,25.82,1,0,0,0,LOW
2.69,10.25,44.51,221.33,0.6,0.042,84.13,32.14,1,0,0,0,LOW
10.1,30.61,246.53,311.78,1.37,0.173,74.98,25.47,1,0,0,0,MEDIUM
13.72,19.05,41.09,84.0,0.91,0.102,79.47,34.47,1,0,0,0,LOW
10.3,54.1,122.63,164.03,0.51,0.072,78.93,21.68,1,0,0,0,LOW
2.24,18.76,88.33,148.95,1.01,0.058,69.56,21.19,2,0,0,0,MEDIUM
7.32,12.73,82.53,131.09,1.32,0.032,63.14,29.2,1,0,0,0,LOW
4.92,43.45,127.83,174.18,0.81,0.156,71.89,32.68,4,0,3,0,HIGH
4.76,29.55,78.87,143.48,0.62,0.318,94.1,27.12,1,0,0,0,LOW
5.88,50.84,87.18,111.3,1.02,-0.005,78.13,26.19,1,0,0,0,LOW
7.77,43.9,144.73,201.33,1.42,-0.145,89.01,33.13,1,0,0,0,LOW
9.42,52.29,114.34,221.78,0.41,0.135,98.82,25.68,1,0,0,0,LOW
5.13,70.23,101.84,239.95,0.29,-0.26,66.28,31.85,1,0,0,0,LOW
7.39,48.33,146.19,231.57,1.47,0.165,79.89,21.12,1,0,0,0,MEDIUM
7.39,55.87,110.34,391.41,0.52,0.017,55.76,21.66,1,0,0,0,LOW
10.7,34.78,72.48,98.37,1.22,-0.114,78.99,29.07,1,0,0,0,LOW
2.54,24.1,152.89,323.86,0.78,-0.319,74.39,32.66,1,0,0,0,LOW
11.84,82.84,184.39,246.34,1.26,0.162,55.26,22.66,2,0,0,0,MEDIUM
10.33,97.71,213.97,233.48,0.54,-0.019,78.46,26.45,1,0,0,0,LOW
12.54,25.57,69.6,191.0,0.77,0.05,65.5,28.41,2,0,0,0,LOW
2.65,70.72,146.96,202.32,0.87,-0.312,86.02,28.47,4,0,0,0,MEDIUM
6.89,30.61,103.87,176.43,1.67,0.046,65.16,27.84,2,0,0,0,MEDIUM
26.15,61.43,151.42,296.97,0.52,0.062,74.65,22.71,1,0,0,0,MEDIUM
33.0,36.61,62.84,114.16,0.55,0.085,70.02,27.63,1,0,0,0,LOW
7.05,36.87,96.83,231.2,0.68,-0.171,63.42,25.7,2,0,0,0,LOW
23.63,96.41,116.81,152.28,1.33,-0.015,81.75,32.53,2,0,0,0,MEDIUM
8.33,39.25,126.93,204.14,0.38,-0.181,78.64,28.64,1,0,0,0,LOW
3.34,39.03,69.22,194.18,1.75,0.244,86.35,29.31,4,0,2,0,HIGH
1.88,75.57,128.16,177.88,0.71,-0.069,81.56,27.52,2,0,0,0,LOW
2.62,52.83,112.19,129.99,0.5,0.073,86.44,31.89,1,0,0,0,LOW
1.36,23.5,83.01,108.8,0.7,-0.141,86.11,29.52,1,0,0,0,LOW
1.15,43.79,87.96,168.58,1.0,0.071,78.32,28.03,2,0,0,0,LOW
3.49,55.68,163.54,226.79,1.6,0.154,72.1,29.05,1,0,0,0,MEDIUM
17.41,44.95,192.87,256.1,0.51,0.258,68.65,27.9,1,0,0,0,MEDIUM
1.14,42.01,55.04,127.28,1.02,0.036,85.91,26.96,3,0,3,0,MEDIUM
11.51,22.15,27.82,78.47,1.02,0.079,84.08,26.83,4,0,0,0,MEDIUM
10.64,68.11,172.0,263.04,0.56,-0.13,80.62,30.4,1,0,0,0,LOW
16.32,65.43,120.81,171.69,0.53,-0.013,72.66,25.35,3,0,0,0,MEDIUM
10.57,95.2,142.38,259.78,1.48,-0.046,72.62,28.36,1,0,0,0,MEDIUM
2.64,43.78,133.95,347.44,1.32,0.017,70.81,32.21,4,0,1,2,HIGH
11.56,59.65,136.12,143.54,0.97,0.023,89.75,28.57,1,0,0,0,LOW
25.37,74.72,187.14,223.64,1.29,-0.006,99.08,34.26,5,2,1,2,HIGH
0.95,15.75,33.12,170.74,1.15,0.065,75.25,31.28,5,3,1,2,HIGH
5.1,14.28,101.07,125.97,1.22,0.048,64.95,32.25,2,0,0,0,MEDIUM
15.79,53.61,87.01,337.18,1.82,0.079,77.0,26.81,2,0,0,0,MEDIUM
8.8,88.6,177.21,361.33,0.39,-0.231,80.44,26.46,1,0,0,0,LOW
15.65,33.28,174.8,185.51,1.06,-0.044,84.96,29.31,1,0,0,0,LOW
8.16,54.98,160.09,214.51,1.13,-0.006,74.78,28.08,3,0,2,0,MEDIUM
7.7,35.99,43.93,169.29,1.68,0.242,86.41,29.5,3,0,3,0,HIGH
4.96,43.05,148.71,188.22,1.28,-0.102,74.67,25.29,2,0,0,0,MEDIUM
2.03,19.96,162.04,338.92,1.17,0.148,88.71,22.92,1,0,0,0,MEDIUM
2.08,47.22,88.78,219.54,1.39,-0.031,78.68,26.74,2,0,0,0,MEDIUM
10.46,20.83,59.94,85.84,1.46,-0.201,76.21,33.36,2,0,0,0,LOW
0.75,31.87,44.4,64.82,1.02,-0.152,72.29,19.85,1,0,0,0,LOW
8.38,36.12,138.43,170.63,1.42,0.088,73.35,27.3,3,0,3,0,HIGH
11.08,24.23,112.7,233.12,0.36,-0.097,63.82,32.65,1,0,0,0,LOW
0.86,20.38,67.92,155.86,1.17,-0.158,91.46,22.85,1,0,0,0,LOW
8.55,43.52,106.43,187.52,0.8,0.198,59.41,26.46,1,0,0,0,LOW
1.45,32.69,114.21,165.73,0.78,-0.009,68.97,29.15,1,0,0,0,LOW
5.67,39.4,173.65,267.06,1.77,-0.025,90.66,33.85,1,0,0,0,MEDIUM
3.06,12.13,118.91,132.76,1.15,0.114,71.58,24.92,3,0,2,0,MEDIUM
12.68,51.05,203.44,355.68,0.71,0.095,80.78,31.66,1,0,0,0,LOW
7.31,33.53,50.35,117.41,0.91,-0.23,56.88,29.4,1,0,0,0,LOW
29.3,52.25,104.6,164.13,1.23,0.192,80.38,23.38,2,0,0,0,MEDIUM
2.7,66.21,189.86,349.79,0.09,0.132,80.53,28.33,3,0,2,0,MEDIUM
38.99,43.8,119.49,198.3,0.95,0.161,89.34,33.99,1,0,0,0,MEDIUM
3.37,42.48,74.62,127.43,0.94,0.111,75.31,27.97,2,0,0,0,MEDIUM
2.27,23.73,49.73,90.02,1.02,0.321,79.42,32.42,4,0,2,0,HIGH
2.89,28.94,104.71,243.22,0.65,0.062,96.86,37.43,2,0,0,0,MEDIUM
5.97,21.05,80.58,137.34,1.13,0.079,86.18,28.48,3,0,1,0,MEDIUM
17.99,56.34,71.39,111.72,1.22,-0.118,90.07,25.5,3,0,0,0,MEDIUM
3.48,51.85,167.36,367.52,1.15,0.303,87.52,29.14,2,0,0,0,MEDIUM
4.78,122.73,157.17,210.73,1.49,0.13,78.65,29.88,1,0,0,0,MEDIUM
5.16,16.34,57.82,266.65,0.55,0.199,100.0,29.99,1,0,0,0,LOW
4.46,93.42,159.96,221.52,0.83,0.177,91.42,30.58,1,0,0,0,MEDIUM
27.38,56.91,137.08,239.25,0.25,0.236,87.01,25.96,1,0,0,0,MEDIUM
6.07,62.77,107.46,161.09,0.28,-0.082,87.25,29.96,2,0,0,0,LOW
1.25,35.49,108.48,178.18,1.13,0.311,66.85,28.91,1,0,0,0,MEDIUM
14.99,69.45,91.31,290.31,1.22,-0.226,59.39,24.68,1,0,0,0,LOW
2.03,24.89,37.89,149.42,1.32,-0.084,65.81,30.64,1,0,0,0,LOW
6.44,96.3,167.59,266.05,0.87,0.107,59.94,27.31,1,0,0,0,MEDIUM
11.58,74.59,156.45,267.4,0.93,0.229,66.51,23.73,3,0,0,0,MEDIUM
1.63,13.88,63.85,203.89,0.61,0.099,71.3,33.11,2,0,0,0,LOW
5.4,13.7,49.15,83.55,0.64,-0.115,61.91,24.42,2,0,0,0,LOW
14.25,27.12,85.91,132.77,0.89,0.141,81.29,33.88,1,0,0,0,LOW
24.06,133.98,291.57,379.31,0.76,0.327,73.77,26.87,5,1,0,2,HIGH
38.7,123.82,142.22,189.69,0.3,-0.205,76.72,31.9,1,0,0,0,LOW
6.15,43.87,90.2,148.65,1.11,-0.049,77.62,20.85,2,0,0,0,LOW
12.94,27.2,67.17,239.89,1.64,0.09,66.04,26.98,1,0,0,0,LOW
12.82,41.34,62.9,145.79,0.59,0.076,68.63,27.17,1,0,0,0,LOW
7.57,40.85,151.02,269.58,1.3,0.049,48.15,35.07,4,0,1,2,HIGH
3.52,31.16,138.93,245.05,1.59,-0.136,59.5,27.8,1,0,0,0,LOW
6.38,10.51,38.09,135.86,1.01,0.096,62.26,29.82,4,0,0,0,MEDIUM
27.67,52.71,100.0,296.25,0.72,-0.034,76.63,30.13,1,0,0,0,LOW
1.38,75.59,134.19,209.65,1.03,0.177,77.77,28.3,3,0,2,0,MEDIUM
10.48,65.91,193.99,205.78,1.14,0.22,77.51,27.57,2,0,0,0,MEDIUM
8.8,40.41,185.11,295.7,0.31,-0.042,85.06,29.14,1,0,0,0,LOW
12.62,19.16,66.31,96.3,0.05,-0.154,63.68,26.59,1,0,0,0,LOW
10.02,31.15,102.58,230.56,1.59,-0.006,82.79,25.46,1,0,0,0,MEDIUM
6.13,77.81,303.34,479.82,0.78,0.178,81.5,25.9,2,0,0,0,MEDIUM
4.89,44.81,87.92,205.75,1.55,-0.008,93.68,26.33,1,0,0,0,MEDIUM
1.68,9.72,98.28,174.09,1.13,0.086,66.68,30.89,1,0,0,0,LOW
14.48,116.33,162.04,277.74,0.64,0.088,84.17,34.9,2,0,0,0,MEDIUM
10.41,73.37,212.01,287.41,0.8,0.199,69.38,28.15,1,0,0,0,MEDIUM
1.87,50.52,133.95,227.14,1.85,0.237,73.06,29.44,1,0,0,0,MEDIUM
18.9,77.03,169.13,221.06,1.23,0.251,94.29,31.3,1,0,0,0,MEDIUM
13.37,25.73,141.62,212.61,0.31,-0.071,77.99,29.7,1,0,0,0,LOW
1.8,96.42,121.36,227.2,0.99,-0.005,64.74,26.94,1,0,0,0,MEDIUM
4.61,119.65,176.2,193.19,0.89,-0.019,73.98,28.43,1,0,0,0,MEDIUM
5.72,83.42,235.41,457.28,0.9,-0.134,76.05,37.51,2,0,0,0,MEDIUM
48.0,107.81,178.68,340.17,1.45,0.108,96.31,32.83,3,0,1,0,HIGH
2.45,83.87,132.79,271.55,1.14,-0.08,78.31,23.79,1,0,0,0,MEDIUM
13.21,55.13,123.19,189.78,0.42,0.073,82.37,25.37,1,0,0,0,LOW
20.84,96.12,196.43,315.42,0.61,-0.023,67.75,29.4,1,0,0,0,LOW
5.36,31.94,114.42,130.57,0.54,0.159,85.27,24.52,1,0,0,0,LOW
3.53,31.13,124.2,264.4,0.73,0.097,75.31,34.87,3,0,1,0,MEDIUM
16.55,29.26,47.54,154.42,1.32,0.035,72.9,29.4,2,0,0,0,LOW
3.16,62.44,73.7,237.1,0.88,-0.105,71.7,29.62,5,1,1,1,HIGH
8.41,41.27,268.7,330.75,0.9,-0.106,88.0,25.69,1,0,0,0,MEDIUM
11.37,45.15,160.94,211.86,1.15,0.102,72.23,33.33,4,0,2,1,HIGH
2.32,16.51,100.12,365.17,0.94,0.032,73.79,29.76,4,0,1,0,MEDIUM
17.31,38.96,68.42,354.95,1.52,-0.015,94.98,31.13,1,0,0,0,MEDIUM
7.98,19.99,151.49,520.02,0.32,0.113,72.51,24.98,2,0,0,0,MEDIUM
9.68,22.47,59.64,144.96,0.56,-0.068,75.75,33.06,1,0,0,0,LOW
9.07,31.34,75.99,296.48,0.87,0.287,97.72,32.82,1,0,0,0,LOW
10.8,59.58,190.72,355.73,0.42,0.059,77.33,23.06,2,0,0,0,MEDIUM
3.75,176.29,212.39,305.1,1.46,-0.006,73.38,22.88,2,0,0,0,MEDIUM
3.89,55.7,108.07,131.45,0.05,-0.127,93.53,28.36,4,0,0,1,MEDIUM
11.57,63.64,102.81,131.54,1.12,-0.039,53.92,28.21,5,2,3,0,HIGH
18.43,34.98,174.78,298.85,0.99,-0.173,75.41,28.96,3,0,3,0,MEDIUM
13.71,61.62,144.91,317.66,1.18,-0.003,95.17,26.18,3,0,2,0,HIGH
11.62,50.68,107.89,275.76,0.85,-0.075,56.36,29.41,1,0,0,0,LOW
15.36,58.58,103.7,204.91,1.24,-0.172,63.27,29.02,1,0,0,0,LOW
5.85,20.59,73.31,121.41,1.08,0.069,62.07,30.87,4,0,3,0,MEDIUM
4.66,92.66,192.9,229.2,0.9,0.146,74.64,34.24,2,0,0,0,MEDIUM
8.16,75.79,116.83,167.08,0.05,0.274,79.8,31.38,1,0,0,0,LOW
8.94,47.96,108.57,170.46,0.88,0.16,57.89,27.52,2,0,0,0,MEDIUM
2.03,78.86,110.94,217.61,1.43,-0.189,62.95,27.64,4,0,3,2,HIGH
16.8,56.96,58.03,196.39,0.76,0.001,73.26,34.38,5,2,2,1,HIGH
3.9,29.02,87.6,213.93,1.49,0.388,92.14,28.41,3,0,3,0,HIGH
4.93,60.96,68.47,207.12,0.93,-0.08,63.52,26.8,1,0,0,0,LOW
6.21,69.15,401.3,435.51,1.24,0.124,73.77,33.62,3,0,0,0,HIGH
23.55,83.39,146.73,319.21,0.05,0.164,54.76,24.09,1,0,0,0,LOW
18.95,89.31,217.99,372.89,1.11,-0.117,91.09,28.5,2,0,0,0,MEDIUM
3.38,74.32,108.06,129.87,1.3,-0.024,76.53,33.32,3,0,1,0,MEDIUM
13.07,60.23,73.84,85.81,1.01,0.215,55.6,35.05,1,0,0,0,LOW
5.6,39.0,67.23,271.77,0.64,0.124,75.4,30.57,1,0,0,0,LOW
3.44,33.85,194.25,270.18,0.41,0.114,76.85,26.97,1,0,0,0,LOW
7.76,52.1,113.82,192.2,0.67,-0.038,66.88,24.32,1,0,0,0,LOW
12.82,55.84,135.43,163.33,0.78,0.07,100.0,29.71,1,0,0,0,LOW
7.76,93.56,126.96,225.8,1.79,0.077,86.99,30.02,1,0,0,0,MEDIUM
4.11,32.9,159.73,335.18,1.36,0.229,79.77,30.42,1,0,0,0,MEDIUM
15.69,55.98,73.44,87.01,1.73,0.109,62.39,26.7,1,0,0,0,MEDIUM
3.75,21.02,112.89,211.02,0.88,-0.271,74.14,25.99,2,0,0,0,LOW
7.02,58.66,183.75,473.8,0.87,-0.085,70.81,30.2,2,0,0,0,MEDIUM
16.23,33.49,103.84,226.66,0.5,0.045,58.56,25.69,1,0,0,0,LOW
20.43,32.39,101.38,316.87,1.03,-0.024,84.34,36.81,2,0,0,0,MEDIUM
3.95,34.13,94.08,128.09,2.08,-0.005,84.46,26.97,1,0,0,0,MEDIUM
1.11,42.99,240.83,504.04,1.08,0.164,70.85,25.27,2,0,0,0,MEDIUM
0.77,77.24,166.48,277.16,1.8,-0.022,82.22,31.16,1,0,0,0,MEDIUM
15.95,39.97,61.39,82.37,0.6,0.205,76.53,29.26,1,0,0,0,LOW
0.4,49.05,119.75,277.49,0.96,0.202,74.65,32.67,1,0,0,0,LOW
12.14,46.17,62.76,113.37,0.87,-0.049,88.85,22.71,1,0,0,0,MEDIUM
12.27,23.14,129.92,169.56,0.95,0.059,83.61,30.72,2,0,0,0,MEDIUM
1.8,23.74,131.46,323.44,1.1,0.034,81.2,30.02,2,0,0,0,MEDIUM
4.27,39.56,164.02,425.92,1.77,0.052,80.11,27.39,4,0,0,2,HIGH
9.11,51.4,116.14,322.9,1.19,0.194,69.62,35.08,2,0,0,0,MEDIUM
4.86,43.92,156.87,179.96,1.33,-0.109,97.0,22.65,1,0,0,0,LOW
4.6,13.39,38.44,235.89,0.68,-0.245,67.01,23.11,3,0,1,0,MEDIUM
7.92,65.77,142.63,313.83,0.91,0.005,68.54,27.43,1,0,0,0,LOW
5.62,36.6,61.36,220.94,1.14,-0.038,76.53,33.41,1,0,0,0,LOW
3.1,12.27,44.87,104.57,1.11,-0.028,73.89,23.59,1,0,0,0,LOW
1.18,26.23,151.5,294.06,0.12,-0.181,82.25,32.84,2,0,0,0,LOW
3.36,79.44,207.94,343.06,0.32,0.265,87.09,28.31,1,0,0,0,LOW
13.27,36.94,132.04,160.71,1.07,-0.271,85.9,29.97,3,0,3,0,MEDIUM
3.12,60.4,145.42,190.34,0.67,-0.036,77.27,26.13,3,0,2,0,MEDIUM
7.92,28.54,54.18,158.56,0.18,-0.021,65.34,27.17,2,0,0,0,LOW
1.68,45.26,187.78,267.25,0.6,-0.021,75.33,30.73,1,0,0,0,LOW
16.02,18.38,31.91,134.06,0.51,-0.14,66.56,26.15,2,0,0,0,LOW
7.51,17.89,55.55,215.17,0.3,-0.226,75.21,23.71,1,0,0,0,LOW
9.53,78.19,157.74,304.58,0.81,0.029,67.11,28.98,1,0,0,0,MEDIUM
12.89,41.95,119.28,145.46,0.43,0.128,81.15,31.56,1,0,0,0,LOW
20.89,29.85,191.98,257.45,0.87,-0.092,88.78,29.69,2,0,0,0,MEDIUM
6.98,116.44,161.78,255.48,0.92,0.198,74.19,24.7,1,0,0,0,MEDIUM
2.66,67.52,113.53,164.34,1.23,0.082,89.62,33.88,1,0,0,0,LOW
10.2,40.22,105.5,205.74,1.01,0.2,70.18,32.71,1,0,0,0,LOW
1.92,8.09,14.71,182.72,0.75,0.19,82.15,24.57,2,0,0,0,LOW
3.17,17.7,24.89,89.17,0.73,0.097,70.93,23.95,3,0,0,0,MEDIUM
5.12,60.34,115.3,166.0,2.19,0.316,97.23,30.18,2,0,0,0,MEDIUM
2.75,68.14,97.74,266.04,1.17,-0.051,63.63,31.93,1,0,0,0,MEDIUM
8.67,21.73,46.38,119.41,0.58,-0.075,75.55,33.73,1,0,0,0,LOW
10.13,29.54,176.0,237.22,0.07,0.124,81.54,27.06,1,0,0,0,LOW
8.76,23.6,78.94,374.98,1.14,-0.03,75.24,40.0,2,0,0,0,LOW
9.31,24.34,75.48,236.82,0.21,-0.087,86.5,36.09,1,0,0,0,LOW
5.83,47.03,74.67,135.39,1.0,-0.136,94.96,29.08,1,0,0,0,LOW
4.87,115.95,261.43,374.83,0.95,0.244,65.47,24.9,2,0,0,0,MEDIUM
12.38,25.53,72.42,201.24,0.75,-0.048,83.84,34.16,3,0,0,0,MEDIUM
5.26,16.48,89.77,174.79,0.83,-0.116,82.52,26.71,4,0,0,2,HIGH
6.72,79.03,155.88,334.55,0.66,0.11,72.49,34.58,1,0,0,0,LOW
5.07,71.88,200.78,240.83,0.99,0.136,72.89,31.57,1,0,0,0,MEDIUM
1.88,81.71,143.03,173.53,0.2,-0.057,66.21,28.23,2,0,0,0,LOW
2.68,17.14,25.2,112.98,0.98,-0.126,97.41,22.26,1,0,0,0,LOW
3.02,5.51,116.33,153.8,0.85,0.12,88.92,27.03,1,0,0,0,LOW
6.54,35.79,58.96,159.3,1.12,0.172,76.15,32.23,1,0,0,0,LOW
22.16,69.97,94.26,203.28,0.78,0.244,82.51,26.58,2,0,0,0,MEDIUM
6.06,38.4,133.16,208.35,1.43,-0.065,97.89,26.67,3,0,3,0,HIGH
14.69,17.98,37.94,73.07,0.82,0.135,72.7,24.08,1,0,0,0,LOW
10.84,21.25,57.0,196.48,1.4,-0.028,62.02,25.46,1,0,0,0,LOW
16.08,54.02,126.52,461.76,1.81,-0.081,70.51,28.0,1,0,0,0,MEDIUM
6.48,33.3,92.93,130.15,1.87,0.023,75.39,27.93,1,0,0,0,MEDIUM
7.71,18.6,113.78,149.04,0.85,0.174,73.65,26.11,3,0,3,0,MEDIUM
3.4,79.16,122.6,463.84,0.73,0.168,79.05,30.92,2,0,0,0,MEDIUM
10.76,43.24,79.67,107.01,1.37,0.139,100.0,33.69,2,0,0,0,MEDIUM
9.82,16.74,140.22,368.21,0.73,-0.089,83.2,20.85,1,0,0,0,LOW
6.18,65.31,134.4,163.27,1.37,0.065,76.16,28.72,5,1,2,2,HIGH
14.85,63.61,153.29,170.81,0.43,0.047,94.22,26.58,5,3,2,2,HIGH
15.96,40.5,130.14,307.5,1.21,-0.363,69.21,33.78,1,0,0,0,LOW
5.31,44.87,160.9,197.61,0.97,0.128,88.02,32.93,1,0,0,0,LOW
9.47,70.61,174.17,265.1,1.14,0.142,66.3,29.04,1,0,0,0,MEDIUM
8.56,86.95,174.6,203.3,0.57,0.13,68.85,31.48,1,0,0,0,LOW
4.93,15.59,55.96,76.37,0.85,0.111,71.17,29.68,1,0,0,0,LOW
2.33,42.58,151.52,287.45,1.37,-0.029,84.88,33.36,4,0,0,1,HIGH
7.62,75.12,112.8,162.78,0.05,-0.167,82.27,32.48,1,0,0,0,LOW
3.86,65.9,183.85,415.31,0.33,-0.006,67.95,33.61,2,0,0,0,MEDIUM
10.63,45.55,278.66,415.75,1.49,-0.046,86.75,37.41,1,0,0,0,MEDIUM
20.0,56.68,154.24,169.16,1.28,0.094,100.0,24.89,1,0,0,0,MEDIUM
8.1,27.72,113.83,347.42,1.27,0.324,91.14,34.81,2,0,0,0,MEDIUM
4.58,41.22,112.08,167.1,0.97,0.117,76.42,31.25,1,0,0,0,LOW
5.23,33.74,157.55,330.95,0.96,0.209,69.38,27.96,3,0,1,0,MEDIUM
13.47,34.04,70.36,171.32,0.89,-0.031,95.99,32.11,2,0,0,0,LOW
2.45,43.12,73.6,88.7,1.11,-0.191,71.76,30.86,1,0,0,0,LOW
4.47,83.36,139.37,328.44,0.94,0.064,65.24,25.22,1,0,0,0,LOW
10.03,27.29,79.21,212.09,0.6,0.029,72.17,31.46,1,0,0,0,LOW
9.57,30.89,81.15,309.35,1.01,0.034,79.85,23.77,2,0,0,0,MEDIUM
6.39,37.66,111.67,342.29,1.87,-0.277,72.33,32.22,2,0,0,0,MEDIUM
13.37,23.34,57.81,198.9,0.39,0.031,72.53,20.78,4,0,3,0,MEDIUM
9.34,38.31,75.36,314.42,0.91,0.035,75.13,27.35,1,0,0,0,LOW
16.29,31.45,109.75,283.94,0.71,0.011,77.52,31.2,4,0,0,0,MEDIUM
17.64,84.35,213.66,237.63,0.78,-0.037,93.25,30.36,1,0,0,0,LOW
15.7,58.1,187.16,236.94,1.98,-0.144,76.47,32.46,2,0,0,0,MEDIUM
15.83,27.9,151.17,197.77,0.68,-0.157,77.76,28.17,3,0,3,0,MEDIUM
4.94,55.69,126.52,160.4,0.73,0.143,72.47,21.61,1,0,0,0,LOW
11.73,74.32,178.74,226.6,1.2,0.062,62.87,25.23,1,0,0,0,MEDIUM
6.02,66.22,114.84,256.13,1.98,-0.044,81.67,28.5,2,0,0,0,MEDIUM
9.19,34.32,202.02,293.26,1.09,0.164,90.16,25.52,1,0,0,0,MEDIUM
16.52,28.2,108.36,186.53,1.19,-0.348,76.92,26.5,2,0,0,0,LOW
3.57,16.0,88.57,118.79,0.48,0.007,69.38,30.23,5,1,0,0,HIGH
5.49,16.66,93.09,122.73,0.96,-0.09,62.02,39.11,2,0,0,0,LOW
7.55,53.17,173.99,291.16,0.85,0.235,67.45,24.84,1,0,0,0,MEDIUM
4.82,80.56,136.48,229.87,1.18,0.094,70.95,33.14,1,0,0,0,LOW
6.07,42.0,145.1,311.67,0.69,0.414,84.77,27.8,1,0,0,0,MEDIUM
5.58,50.67,92.21,219.55,0.32,0.136,58.76,34.73,4,0,0,1,MEDIUM
10.04,33.59,88.67,213.32,0.68,-0.1,75.86,26.78,1,0,0,0,LOW
26.5,36.13,85.97,157.79,0.83,-0.106,70.32,28.36,1,0,0,0,LOW
1.5,62.63,124.03,199.83,1.27,0.262,65.96,27.16,5,2,2,2,HIGH
4.48,41.5,81.21,423.39,0.83,-0.006,92.48,31.52,3,0,0,0,MEDIUM
5.78,21.37,47.39,103.29,0.52,-0.011,91.12,22.76,1,0,0,0,LOW
7.12,27.11,52.14,119.23,1.21,-0.28,69.75,30.5,1,0,0,0,LOW
2.44,16.39,48.32,107.76,1.02,0.069,88.88,23.32,1,0,0,0,LOW
0.86,113.54,180.69,254.68,1.19,0.099,82.41,24.39,1,0,0,0,MEDIUM
9.55,96.06,197.08,201.43,1.24,-0.143,100.0,26.42,1,0,0,0,MEDIUM
6.15,42.89,169.67,390.3,0.45,0.015,59.55,32.74,1,0,0,0,LOW
3.14,20.27,43.77,202.05,0.79,-0.221,77.44,27.35,2,0,0,0,LOW
2.53,41.41,119.69,274.03,1.14,0.084,73.62,34.38,2,0,0,0,MEDIUM
5.83,25.29,180.01,256.64,0.68,0.123,86.04,25.74,1,0,0,0,LOW
3.02,58.74,101.83,152.84,1.76,0.244,64.73,29.59,1,0,0,0,MEDIUM
7.42,67.5,105.58,237.04,0.59,0.11,80.55,29.73,3,0,1,0,MEDIUM
7.33,21.26,221.93,381.07,0.28,0.129,80.79,25.51,1,0,0,0,LOW
5.03,31.65,180.02,246.0,1.38,0.134,87.54,25.02,3,0,0,0,HIGH
8.75,67.55,87.55,192.23,1.21,0.094,78.72,36.3,3,0,3,0,HIGH
11.49,68.56,128.22,156.85,0.22,0.061,66.45,33.66,1,0,0,0,LOW
2.65,22.25,49.27,58.59,0.69,-0.277,74.75,29.76,1,0,0,0,LOW
5.11,14.75,124.94,240.87,1.74,-0.19,86.55,24.85,1,0,0,0,LOW
14.36,65.96,85.5,162.17,1.8,0.206,60.76,24.38,3,0,3,0,HIGH
12.22,75.7,96.7,159.42,1.89,-0.018,79.19,30.8,5,3,2,1,HIGH
2.92,77.8,143.85,284.88,1.24,-0.062,70.82,32.72,5,3,2,2,HIGH
18.97,37.55,191.07,210.3,1.05,-0.128,83.19,34.4,5,1,2,0,HIGH
20.68,64.47,172.0,259.07,1.31,-0.011,100.0,18.8,2,0,0,0,MEDIUM
23.92,55.06,81.29,142.37,0.69,-0.241,85.85,31.34,3,0,2,0,MEDIUM
10.23,25.37,49.81,98.26,0.89,-0.018,78.67,27.77,3,0,0,0,MEDIUM
1.34,27.84,102.19,191.29,0.92,0.042,83.19,19.87,3,0,1,0,MEDIUM
28.2,101.5,215.54,368.85,0.59,-0.023,87.94,22.81,1,0,0,0,MEDIUM
4.04,58.78,119.89,319.63,1.44,0.05,85.1,29.6,1,0,0,0,MEDIUM
7.71,64.22,89.19,94.2,0.63,0.019,75.53,29.46,1,0,0,0,LOW
11.65,47.94,124.71,352.94,0.86,-0.098,80.11,29.52,1,0,0,0,LOW
17.66,36.72,80.63,271.55,1.19,-0.015,85.17,28.77,3,0,2,0,MEDIUM
14.26,53.46,182.76,401.28,0.9,0.244,100.0,24.58,1,0,0,0,MEDIUM
8.34,60.05,106.03,135.87,2.23,0.188,82.3,33.9,1,0,0,0,MEDIUM
6.94,47.86,102.09,172.45,0.42,-0.011,69.97,30.72,4,0,0,0,MEDIUM
16.86,48.67,146.23,403.94,0.68,0.054,71.58,35.23,2,0,0,0,MEDIUM
17.09,82.66,157.65,313.69,0.86,0.469,69.37,28.59,1,0,0,0,MEDIUM
8.76,136.89,276.41,329.83,1.28,0.108,85.67,32.56,1,0,0,0,MEDIUM
6.95,22.58,223.7,324.59,1.17,0.201,70.05,33.53,1,0,0,0,MEDIUM
2.55,22.47,86.91,144.6,0.99,0.021,81.97,28.49,2,0,0,0,LOW
4.22,82.4,84.22,102.22,1.3,0.022,100.0,30.72,3,0,3,0,HIGH
8.58,50.87,135.85,289.47,1.48,0.013,64.92,31.3,1,0,0,0,MEDIUM
5.06,18.7,92.49,155.84,0.14,-0.004,87.83,25.27,1,0,0,0,LOW
26.59,55.64,193.82,299.84,1.24,0.182,82.82,33.78,1,0,0,0,MEDIUM
7.89,64.66,204.89,214.02,1.65,0.018,68.02,27.48,1,0,0,0,MEDIUM
15.34,68.41,104.98,120.27,0.47,0.032,85.62,28.67,1,0,0,0,LOW
5.67,33.42,77.16,86.4,0.79,-0.201,63.32,34.05,1,0,0,0,LOW
9.03,20.8,139.17,568.7,1.61,-0.018,74.39,30.55,3,0,3,0,HIGH
0.7,16.12,134.54,221.95,1.69,-0.014,83.24,27.81,5,1,2,0,HIGH
8.55,50.03,245.92,382.74,0.48,0.06,75.57,29.19,1,0,0,0,MEDIUM
4.17,36.38,95.63,178.1,1.32,-0.193,60.31,27.63,2,0,0,0,LOW
3.52,48.42,172.12,244.1,0.74,-0.141,90.52,26.83,1,0,0,0,LOW
19.74,29.78,122.28,262.28,1.06,-0.01,77.5,23.39,2,0,0,0,MEDIUM
15.93,102.31,225.1,342.75,1.03,-0.046,81.18,27.47,1,0,0,0,MEDIUM
25.77,59.19,118.3,153.78,1.26,0.094,49.84,30.58,1,0,0,0,LOW
2.43,69.44,100.9,371.46,1.64,0.125,73.46,31.63,1,0,0,0,MEDIUM
14.5,47.14,54.92,119.84,1.28,-0.055,89.17,29.0,1,0,0,0,MEDIUM
2.88,28.99,55.61,162.53,1.7,-0.058,95.61,32.25,1,0,0,0,LOW
6.47,66.3,160.65,251.41,0.51,0.052,88.77,30.87,1,0,0,0,LOW
6.23,30.04,70.25,186.37,0.86,-0.137,73.13,30.96,4,0,0,2,HIGH
16.52,62.28,122.19,183.79,0.71,-0.12,76.11,35.06,3,0,1,0,MEDIUM
15.38,42.64,128.68,193.27,1.25,-0.229,58.37,30.51,2,0,0,0,MEDIUM
4.78,13.18,23.24,187.07,1.61,-0.025,73.71,32.93,1,0,0,0,LOW
10.08,52.82,96.78,212.08,0.8,0.079,79.26,27.47,1,0,0,0,LOW
18.13,35.79,153.04,197.44,1.32,-0.118,75.31,24.93,1,0,0,0,LOW
1.92,24.31,203.07,283.96,1.76,0.118,70.14,33.96,1,0,0,0,MEDIUM
11.62,57.38,99.59,271.18,1.68,-0.145,76.3,23.39,1,0,0,0,LOW
3.86,10.71,40.44,234.25,0.56,0.061,77.52,30.23,1,0,0,0,LOW
12.12,69.35,109.91,317.72,0.79,0.159,77.25,23.89,5,3,1,2,HIGH
16.74,61.73,164.73,192.86,0.63,0.07,73.9,27.87,4,0,1,2,HIGH
5.68,32.95,77.19,165.46,0.73,0.111,88.39,34.01,1,0,0,0,LOW
4.11,37.55,129.93,244.53,0.45,-0.184,78.21,31.53,3,0,2,0,MEDIUM
2.64,100.48,150.0,236.16,0.65,0.116,84.53,25.97,1,0,0,0,MEDIUM
8.9,21.76,97.83,271.81,0.85,0.13,87.65,28.69,4,0,3,2,HIGH
5.26,28.44,149.8,176.97,0.67,0.123,63.68,28.72,1,0,0,0,LOW
11.95,38.4,83.47,97.03,0.99,-0.058,86.09,25.5,5,2,1,0,HIGH
3.03,94.44,135.18,183.09,1.71,-0.138,96.4,27.75,3,0,0,0,MEDIUM
5.12,22.73,144.44,392.63,1.05,0.111,86.56,27.4,4,0,0,1,HIGH
11.89,86.13,97.83,189.58,0.83,0.075,84.06,29.81,3,0,1,0,MEDIUM
3.31,45.19,62.64,234.83,2.12,-0.068,65.71,28.45,3,0,3,0,HIGH
6.76,39.62,135.87,246.56,1.13,0.256,86.82,28.83,1,0,0,0,MEDIUM
2.58,59.4,154.83,258.35,1.26,-0.1,82.76,26.47,3,0,0,0,MEDIUM
2.03,23.96,57.23,226.68,1.39,0.115,95.71,36.86,1,0,0,0,LOW
8.72,31.14,147.83,196.37,0.25,-0.007,83.53,22.93,1,0,0,0,LOW
7.13,31.82,71.11,93.35,0.53,-0.098,84.6,31.75,1,0,0,0,LOW
8.48,19.61,57.61,156.95,1.17,-0.101,88.42,28.64,1,0,0,0,LOW
18.48,21.61,80.2,207.13,0.59,0.024,75.32,28.42,1,0,0,0,LOW
18.81,39.96,76.65,124.15,0.7,-0.181,88.0,33.55,2,0,0,0,LOW
6.13,34.43,67.58,291.28,1.3,-0.171,86.05,28.15,1,0,0,0,LOW
5.97,73.97,128.4,334.15,0.78,-0.02,72.62,26.35,3,0,1,0,MEDIUM
4.03,47.9,71.23,200.08,1.51,0.137,92.21,32.79,1,0,0,0,MEDIUM
6.89,85.33,142.65,238.51,0.05,0.166,79.49,33.26,1,0,0,0,LOW
8.95,111.94,135.88,321.79,1.43,0.025,75.23,29.61,1,0,0,0,MEDIUM
6.24,56.83,135.75,274.53,0.33,-0.061,62.87,30.93,3,0,2,0,MEDIUM
9.41,29.51,132.78,171.95,1.09,-0.233,84.67,24.0,2,0,0,0,LOW
11.91,21.41,114.35,206.28,0.69,-0.013,78.39,29.83,1,0,0,0,LOW
1.79,35.54,40.75,126.2,1.43,-0.166,37.57,31.14,3,0,1,0,MEDIUM
9.04,57.88,149.6,322.16,0.83,-0.075,75.8,33.04,1,0,0,0,LOW
12.3,29.96,56.85,112.03,1.37,0.027,78.32,31.77,2,0,0,0,MEDIUM
3.97,24.02,57.49,99.66,1.6,0.268,73.29,38.0,2,0,0,0,MEDIUM
8.19,17.96,26.12,155.14,1.48,-0.072,98.83,34.95,4,0,1,2,HIGH
4.55,66.68,79.69,205.91,1.35,-0.147,68.74,31.5,1,0,0,0,LOW
5.62,29.38,49.24,183.29,0.73,0.223,60.66,28.55,4,0,1,1,HIGH
18.89,76.85,116.8,265.29,0.85,0.038,88.45,31.2,1,0,0,0,LOW
17.63,50.12,81.14,250.88,0.46,-0.015,89.05,22.97,2,0,0,0,MEDIUM
6.81,37.46,127.44,214.22,0.7,-0.176,88.32,28.59,1,0,0,0,LOW
16.67,39.25,82.59,201.12,0.35,-0.247,82.18,24.49,1,0,0,0,LOW
20.98,54.05,72.32,149.86,1.92,0.093,80.25,22.75,1,0,0,0,MEDIUM
1.06,74.03,107.39,119.95,2.01,0.158,71.18,29.65,1,0,0,0,MEDIUM
0.5,16.36,70.75,202.61,1.12,0.375,78.35,24.0,3,0,3,0,HIGH
19.43,30.95,99.45,278.65,1.05,-0.066,79.39,23.66,3,0,1,0,MEDIUM
2.08,18.38,32.9,224.14,1.38,0.069,80.3,30.48,1,0,0,0,LOW
14.2,62.75,126.58,188.84,1.66,-0.035,97.21,28.14,4,0,3,0,HIGH
2.28,28.24,212.61,235.67,0.95,-0.08,98.29,32.65,1,0,0,0,LOW
12.55,46.32,69.69,258.0,0.75,-0.086,88.96,32.75,2,0,0,0,LOW
15.11,30.88,127.05,253.77,0.78,0.173,83.22,33.36,1,0,0,0,MEDIUM
12.12,25.56,123.73,166.35,1.72,-0.032,66.02,24.02,1,0,0,0,MEDIUM
12.03,32.62,54.94,184.73,1.67,-0.108,74.92,31.98,1,0,0,0,LOW
3.2,51.35,181.11,197.29,1.37,0.113,64.9,35.44,1,0,0,0,LOW
18.96,79.07,121.69,342.58,0.37,0.201,85.95,27.63,1,0,0,0,LOW
5.58,66.58,182.82,419.62,0.36,0.041,77.34,33.2,3,0,2,0,MEDIUM
3.2,22.7,45.64,123.95,1.86,0.277,72.98,36.75,1,0,0,0,MEDIUM
9.12,55.72,102.87,255.72,0.72,-0.123,75.38,29.06,3,0,3,0,MEDIUM
9.98,42.67,83.58,192.94,1.29,-0.081,70.01,30.41,1,0,0,0,LOW
9.13,21.44,57.55,148.8,1.08,0.161,69.73,29.45,1,0,0,0,LOW
0.88,8.55,110.52,196.12,1.22,-0.318,77.63,30.15,2,0,0,0,LOW
4.96,19.65,84.07,220.13,0.97,0.134,75.26,31.07,1,0,0,0,LOW
12.6,49.1,93.62,244.12,0.28,0.001,69.64,28.75,2,0,0,0,LOW
7.03,26.16,98.53,353.1,1.39,0.006,95.17,23.63,1,0,0,0,LOW
10.05,47.67,218.13,264.72,1.47,0.071,72.89,26.93,1,0,0,0,MEDIUM
11.5,45.09,216.53,331.09,0.05,-0.094,100.0,29.28,1,0,0,0,LOW
20.12,77.08,142.09,170.97,1.18,-0.148,71.88,30.71,1,0,0,0,LOW
11.95,91.35,185.83,250.36,1.26,-0.102,99.97,27.74,2,0,0,0,MEDIUM
1.91,30.58,46.96,173.09,1.18,-0.055,86.16,30.13,2,0,0,0,LOW
5.76,17.2,47.45,124.32,0.43,0.181,99.03,33.2,5,1,0,2,HIGH
7.02,26.24,77.2,216.31,1.82,-0.172,63.74,30.16,1,0,0,0,LOW
3.29,28.51,67.57,296.63,1.18,0.119,80.67,24.03,1,0,0,0,LOW
0.86,74.57,178.86,388.6,0.8,-0.005,71.08,25.57,3,0,1,0,MEDIUM
7.7,54.34,101.39,123.25,1.09,0.134,84.68,28.63,2,0,0,0,MEDIUM
12.1,52.7,75.98,108.39,1.0,0.107,76.03,25.49,4,0,0,2,HIGH
0.91,20.77,124.22,230.42,1.0,-0.232,80.71,31.14,3,0,0,0,LOW
28.2,52.52,69.46,120.9,1.05,0.103,65.93,26.31,1,0,0,0,LOW
9.04,24.63,52.12,307.2,2.08,-0.003,82.58,31.05,1,0,0,0,MEDIUM
5.83,74.27,89.84,168.38,0.51,0.13,76.32,28.76,1,0,0,0,LOW
8.2,35.42,159.84,250.16,0.5,-0.027,63.32,27.93,2,0,0,0,LOW
3.38,39.29,119.29,180.29,0.97,0.067,79.02,29.61,1,0,0,0,LOW
0.82,30.19,59.38,345.24,1.18,-0.179,73.69,26.13,1,0,0,0,LOW
14.84,31.34,107.13,155.48,0.5,-0.135,80.25,29.82,2,0,0,0,LOW
5.83,52.1,144.57,203.97,0.97,0.025,82.51,33.67,2,0,0,0,MEDIUM
0.6,27.64,49.83,374.45,0.55,0.13,69.09,25.71,1,0,0,0,LOW
5.13,39.12,59.41,254.56,0.85,-0.084,75.79,26.58,2,0,0,0,LOW
6.72,28.02,123.96,291.84,0.46,-0.049,73.6,24.36,4,0,3,0,MEDIUM
4.52,44.52,131.51,184.82,1.02,0.036,79.25,27.5,1,0,0,0,LOW
3.72,40.58,77.24,205.94,1.01,0.193,75.26,22.24,2,0,0,0,MEDIUM
17.82,40.56,71.43,341.25,1.23,0.118,92.19,23.2,4,0,2,0,HIGH
6.07,38.57,49.7,98.08,1.11,-0.041,76.8,32.41,1,0,0,0,LOW
14.42,23.73,157.68,259.37,0.61,0.107,77.52,29.98,1,0,0,0,LOW
3.41,23.52,60.79,293.45,1.03,-0.228,71.72,25.8,3,0,0,0,MEDIUM
10.22,42.44,123.19,319.45,0.07,-0.123,84.68,26.23,4,0,2,1,MEDIUM
2.89,22.11,168.06,215.11,0.81,0.161,78.14,28.53,1,0,0,0,LOW
4.18,29.29,82.5,126.58,1.87,0.016,74.64,28.84,3,0,3,0,HIGH
1.96,41.92,91.81,137.56,1.51,0.091,65.88,26.94,1,0,0,0,LOW
5.45,35.9,85.78,92.8,0.82,0.094,94.87,29.42,2,0,0,0,MEDIUM
6.83,81.53,180.28,220.12,1.34,0.215,54.73,28.15,4,0,3,0,HIGH
11.36,89.57,113.01,252.31,0.05,0.033,61.69,31.42,1,0,0,0,LOW
2.59,94.56,186.82,286.79,0.41,0.094,65.45,26.28,2,0,0,0,MEDIUM
13.75,56.4,79.89,221.15,0.95,-0.102,80.99,32.03,4,0,1,0,MEDIUM
19.44,90.63,163.03,192.65,1.88,0.17,67.2,25.97,1,0,0,0,MEDIUM
21.52,75.54,220.03,291.89,0.63,0.065,51.68,24.59,1,0,0,0,MEDIUM
12.49,39.89,186.72,402.39,1.87,-0.186,74.92,27.95,1,0,0,0,MEDIUM
4.99,62.02,156.11,289.46,0.64,0.026,80.19,30.91,1,0,0,0,LOW
10.68,43.82,112.8,300.73,0.85,0.223,82.66,26.02,1,0,0,0,MEDIUM
5.85,65.26,197.07,466.14,0.71,0.156,62.05,30.77,1,0,0,0,MEDIUM
9.37,113.41,142.4,222.6,1.73,0.064,85.47,26.5,1,0,0,0,MEDIUM
5.33,32.08,49.53,283.34,0.81,0.049,49.15,29.21,1,0,0,0,LOW
6.41,22.46,114.35,201.12,0.88,-0.049,91.92,24.66,1,0,0,0,LOW
2.26,48.94,99.71,136.61,1.38,0.117,78.8,25.58,2,0,0,0,MEDIUM
9.44,57.82,140.84,197.34,1.02,-0.01,85.03,30.8,1,0,0,0,LOW
6.71,45.04,191.86,222.79,0.89,-0.212,64.66,31.29,1,0,0,0,LOW
9.52,22.27,114.6,307.77,1.01,0.076,61.27,28.56,2,0,0,0,MEDIUM
2.4,60.37,180.12,209.12,0.85,-0.022,89.04,29.44,1,0,0,0,LOW
2.68,20.38,96.2,198.12,0.93,-0.001,76.63,25.77,1,0,0,0,LOW
4.17,24.01,80.95,240.29,0.17,0.178,75.82,34.08,3,0,0,0,MEDIUM
18.18,76.45,100.08,196.1,1.54,0.306,88.3,26.32,4,0,3,0,HIGH
10.99,20.25,59.04,114.83,1.07,0.107,86.74,21.57,1,0,0,0,LOW
21.17,64.82,111.31,193.19,1.68,-0.262,70.68,29.71,1,0,0,0,LOW
1.4,47.54,231.32,481.75,0.52,-0.022,100.0,27.11,1,0,0,0,MEDIUM
8.8,115.38,150.06,184.75,1.01,0.023,92.73,30.14,1,0,0,0,MEDIUM
8.68,35.0,79.06,135.09,2.49,-0.016,71.51,23.95,1,0,0,0,MEDIUM
10.74,38.82,207.04,302.55,1.56,-0.32,81.48,31.86,2,0,0,0,MEDIUM
2.86,39.85,89.35,130.3,0.81,-0.018,78.15,31.46,1,0,0,0,LOW
6.41,40.28,107.18,364.04,1.1,-0.161,75.1,23.16,1,0,0,0,LOW
4.44,34.91,52.93,149.08,0.19,0.09,81.9,24.97,1,0,0,0,LOW
1.26,24.35,53.89,498.3,0.61,-0.145,78.04,31.11,1,0,0,0,LOW
33.8,71.6,117.67,271.22,1.47,0.14,68.79,35.13,2,0,0,0,MEDIUM
7.1,48.29,101.29,152.65,1.1,-0.004,53.66,33.33,1,0,0,0,LOW
2.5,18.97,54.32,56.32,1.01,0.097,88.38,28.46,1,0,0,0,LOW
4.45,25.45,200.97,302.85,1.35,0.053,85.26,24.63,1,0,0,0,MEDIUM
23.47,41.55,320.83,452.48,1.57,-0.16,80.65,25.64,2,0,0,0,MEDIUM
9.27,25.88,98.87,380.71,1.09,-0.015,89.65,30.19,1,0,0,0,LOW
0.59,29.78,122.71,173.66,1.04,-0.092,85.91,27.52,3,0,3,0,MEDIUM
6.23,63.03,126.99,232.32,1.32,0.021,78.85,29.51,1,0,0,0,MEDIUM
1.03,76.01,109.15,219.96,1.31,0.026,64.11,29.8,1,0,0,0,LOW
4.17,64.83,138.71,196.31,0.88,-0.034,75.07,27.84,2,0,0,0,LOW
8.64,44.3,147.68,266.84,1.35,0.122,53.73,31.54,1,0,0,0,MEDIUM
15.49,82.87,122.31,452.96,0.54,-0.154,74.29,24.31,1,0,0,0,LOW
2.19,30.46,68.98,378.38,1.42,0.105,75.3,27.82,1,0,0,0,MEDIUM
11.62,42.83,46.96,207.87,1.21,-0.265,100.0,22.06,1,0,0,0,LOW
8.57,35.76,177.72,192.39,1.08,-0.192,94.1,27.19,1,0,0,0,LOW
14.22,55.83,115.5,231.63,0.87,-0.021,85.42,25.66,3,0,0,0,MEDIUM
5.16,34.79,98.8,161.55,0.95,-0.136,83.35,29.09,2,0,0,0,MEDIUM
1.98,35.53,92.57,319.7,0.67,-0.236,76.69,26.65,3,0,1,0,MEDIUM
9.72,50.65,74.69,143.66,0.05,0.073,100.0,32.44,4,0,0,2,HIGH
2.23,14.63,86.36,343.16,0.66,0.11,73.58,23.37,2,0,0,0,MEDIUM
4.55,28.31,83.98,196.79,0.95,0.067,66.11,23.37,4,0,3,0,HIGH
3.25,40.6,71.63,105.18,0.73,0.167,78.72,26.36,1,0,0,0,LOW
0.98,28.51,297.75,371.2,0.62,0.045,99.47,30.14,2,0,0,0,MEDIUM
1.12,43.34,134.29,218.27,0.51,-0.186,97.89,28.43,2,0,0,0,LOW
10.66,72.52,194.94,240.57,1.14,0.055,65.38,19.15,1,0,0,0,MEDIUM
5.44,42.73,145.25,183.03,1.39,0.273,67.39,34.95,1,0,0,0,LOW
8.04,64.68,171.62,190.58,1.0,0.063,74.42,28.78,1,0,0,0,LOW
14.34,64.03,77.3,152.23,0.84,0.067,88.53,35.0,1,0,0,0,LOW
11.02,64.44,150.97,415.9,1.59,0.071,72.14,28.68,1,0,0,0,MEDIUM
23.84,41.13,54.77,67.57,0.93,-0.009,92.05,25.17,1,0,0,0,LOW
8.06,20.97,78.55,639.07,0.88,0.23,90.32,29.35,1,0,0,0,MEDIUM
5.79,54.94,91.11,168.1,0.99,-0.047,71.05,29.9,5,3,1,0,HIGH
3.95,22.06,93.52,207.28,1.35,-0.036,69.18,31.85,1,0,0,0,LOW
2.76,49.67,152.26,170.35,0.41,-0.084,66.04,31.64,2,0,0,0,LOW
9.28,30.98,103.1,280.24,1.08,-0.157,100.0,26.57,5,3,3,0,HIGH
4.34,92.33,112.84,193.43,1.66,-0.081,65.98,23.46,2,0,0,0,MEDIUM
12.54,36.95,88.0,98.6,0.2,-0.094,59.15,23.29,4,0,0,1,MEDIUM
6.97,96.88,173.99,213.22,1.21,-0.038,84.9,29.04,1,0,0,0,MEDIUM
12.6,30.88,183.62,216.8,0.93,0.068,65.03,22.26,4,0,0,1,HIGH
9.05,34.6,69.39,110.78,1.56,-0.008,70.25,27.55,1,0,0,0,LOW
5.56,41.15,122.4,150.63,0.93,0.073,95.02,26.2,2,0,0,0,LOW
4.79,61.62,111.21,117.35,0.43,0.144,97.68,25.99,1,0,0,0,LOW
6.43,34.37,87.99,147.07,0.63,0.158,75.86,28.48,1,0,0,0,LOW
6.75,29.25,62.13,173.48,0.72,0.088,71.89,34.82,5,3,3,0,HIGH
13.58,40.45,51.05,237.07,1.63,0.024,67.08,28.8,3,0,2,0,HIGH
2.73,45.92,114.41,156.07,1.46,-0.06,79.24,30.54,2,0,0,0,MEDIUM
1.02,30.83,104.78,228.47,1.99,0.204,80.67,29.78,1,0,0,0,MEDIUM
7.27,42.44,76.83,349.16,0.82,0.017,63.16,25.8,1,0,0,0,LOW
18.67,93.07,124.54,186.7,1.57,-0.224,70.85,32.72,3,0,2,0,MEDIUM
7.03,49.92,205.55,224.95,1.12,0.009,77.69,30.87,3,0,0,0,MEDIUM
6.22,52.53,123.0,271.25,1.16,0.12,83.23,32.27,2,0,0,0,MEDIUM
21.57,23.72,77.08,187.5,0.05,0.217,92.44,26.95,1,0,0,0,LOW
2.55,37.06,59.12,171.72,1.05,-0.22,73.88,26.23,2,0,0,0,LOW
4.88,80.35,114.13,416.71,1.67,-0.24,64.73,29.22,1,0,0,0,LOW
17.37,74.4,183.88,251.02,1.15,0.141,88.99,27.11,3,0,1,0,HIGH
3.23,26.67,32.63,76.18,0.59,-0.139,85.89,26.67,1,0,0,0,LOW
7.32,103.3,243.54,361.75,1.28,0.141,90.48,28.35,5,1,3,1,HIGH
10.69,34.33,87.78,324.56,1.38,0.005,91.28,28.06,5,1,1,0,HIGH
6.56,50.17,186.1,281.18,1.14,-0.07,71.07,31.63,1,0,0,0,LOW
8.83,40.57,54.0,164.38,2.02,-0.103,88.18,35.32,2,0,0,0,MEDIUM
8.14,29.21,55.69,268.13,1.27,0.097,77.19,31.83,3,0,2,0,MEDIUM
9.19,41.98,77.38,162.7,0.96,0.115,90.37,31.8,5,3,0,0,HIGH
13.52,49.63,184.3,209.09,1.43,-0.003,79.59,36.25,2,0,0,0,MEDIUM
5.96,31.7,78.62,112.72,1.11,-0.096,77.4,28.33,3,0,2,0,MEDIUM
2.55,6.6,92.83,125.97,1.61,-0.119,81.13,25.46,1,0,0,0,LOW
10.06,26.3,72.51,212.5,1.04,-0.075,78.05,31.08,1,0,0,0,LOW
13.73,64.23,88.68,192.53,0.42,0.156,52.64,29.86,1,0,0,0,LOW
0.28,10.44,47.67,123.0,1.16,0.263,54.35,33.51,3,0,2,0,MEDIUM
9.33,45.57,70.44,200.07,0.97,0.189,61.21,31.9,4,0,0,0,MEDIUM
1.5,46.13,223.97,272.04,1.33,-0.153,62.89,29.8,1,0,0,0,LOW
3.25,31.81,244.52,378.13,1.01,0.058,77.62,28.94,1,0,0,0,MEDIUM
10.8,55.01,92.4,239.88,0.57,0.011,91.04,31.32,1,0,0,0,LOW
1.7,24.41,36.04,178.35,1.22,0.092,70.0,28.79,1,0,0,0,LOW
2.55,13.75,95.2,181.39,1.95,0.108,84.19,28.06,3,0,1,0,MEDIUM
10.17,36.0,43.36,300.25,1.06,-0.061,78.59,23.8,1,0,0,0,LOW
6.62,39.59,87.57,254.45,1.28,0.005,60.55,32.13,5,2,3,2,HIGH
6.03,98.92,134.9,461.74,1.18,-0.05,48.82,30.18,1,0,0,0,MEDIUM
7.37,132.59,183.42,275.3,1.28,-0.086,90.25,21.33,5,1,0,0,HIGH
19.3,31.97,89.11,318.48,0.56,0.044,71.02,34.31,1,0,0,0,LOW
3.47,29.34,108.64,187.32,0.98,-0.062,88.66,30.4,1,0,0,0,LOW
25.26,32.26,51.46,82.62,1.55,0.176,85.66,33.19,3,0,1,0,MEDIUM
2.28,116.83,151.58,281.02,0.53,-0.042,77.51,25.96,2,0,0,0,MEDIUM
7.33,38.26,100.77,223.05,0.16,0.106,61.81,33.25,1,0,0,0,LOW
23.5,58.87,103.0,139.34,0.87,0.028,56.58,31.77,2,0,0,0,MEDIUM
9.83,27.63,58.6,244.26,1.2,0.21,73.94,25.36,1,0,0,0,LOW
16.3,55.3,216.77,366.78,0.65,-0.052,86.0,34.29,4,0,2,0,HIGH
8.15,15.56,62.13,154.79,0.63,-0.101,59.97,31.81,4,0,1,2,HIGH
5.88,111.33,173.97,300.98,1.4,-0.362,72.59,31.99,2,0,0,0,MEDIUM
16.3,27.97,202.22,242.91,0.72,0.155,72.2,34.12,2,0,0,0,MEDIUM
7.81,46.0,82.66,185.98,1.19,0.047,72.4,34.68,3,0,1,0,MEDIUM
13.76,48.89,173.0,248.66,0.78,0.14,74.45,31.6,3,0,0,0,MEDIUM
5.26,43.75,193.1,233.02,1.04,0.153,71.53,26.78,1,0,0,0,MEDIUM
4.03,109.72,120.66,200.02,0.42,0.123,81.95,27.3,2,0,0,0,MEDIUM
11.68,75.93,114.52,191.31,1.26,-0.023,74.83,30.33,1,0,0,0,LOW
4.05,37.23,93.37,152.38,0.51,0.148,96.08,32.9,1,0,0,0,LOW
6.22,27.38,179.45,442.31,0.7,-0.171,88.39,29.55,1,0,0,0,LOW
6.39,72.7,147.61,262.0,1.85,-0.089,75.05,32.7,2,0,0,0,MEDIUM
10.25,21.61,96.9,177.09,0.62,-0.173,73.01,29.35,2,0,0,0,LOW
18.91,84.89,159.46,202.66,1.06,-0.004,84.02,31.19,4,0,2,0,HIGH
16.66,48.41,78.95,146.7,1.6,0.212,75.91,26.1,1,0,0,0,MEDIUM
4.58,49.75,102.2,168.55,0.09,0.016,66.9,30.49,1,0,0,0,LOW
7.23,43.19,115.99,202.04,1.58,0.129,78.14,28.63,2,0,0,0,MEDIUM
1.23,93.18,116.65,171.73,1.61,-0.1,65.62,30.01,3,0,1,0,MEDIUM
8.75,48.94,182.41,290.22,1.3,0.309,75.93,33.78,1,0,0,0,MEDIUM
4.5,78.29,173.29,284.09,0.79,0.026,85.11,27.45,3,0,0,0,MEDIUM
9.54,36.03,110.13,184.37,0.59,-0.06,68.18,24.52,1,0,0,0,LOW
13.23,50.67,84.03,301.79,0.83,0.095,74.9,22.42,1,0,0,0,LOW
1.47,44.28,98.55,210.62,1.32,0.173,69.25,31.58,3,0,3,0,HIGH
3.4,29.36,95.53,296.09,1.52,0.033,79.42,29.7,1,0,0,0,MEDIUM
14.08,36.39,58.05,176.26,0.83,0.152,83.18,24.03,1,0,0,0,LOW
5.29,14.82,17.1,173.14,0.65,-0.137,86.89,32.65,1,0,0,0,LOW
18.95,30.96,64.99,109.45,1.38,0.06,84.61,30.45,3,0,0,0,MEDIUM
14.05,33.75,117.86,301.38,1.14,-0.046,85.4,28.34,1,0,0,0,LOW
20.73,103.94,260.21,459.21,1.22,0.192,71.1,28.28,1,0,0,0,MEDIUM
3.64,54.32,108.97,219.29,0.35,-0.017,79.67,27.97,1,0,0,0,LOW
10.78,39.02,142.49,191.45,0.98,0.038,84.54,23.46,1,0,0,0,LOW
7.93,13.05,212.06,320.34,1.56,-0.17,79.48,25.24,2,0,0,0,MEDIUM
11.92,27.13,118.19,210.13,0.83,0.055,75.55,29.48,1,0,0,0,LOW
2.55,28.79,239.6,241.5,1.34,0.136,73.39,33.75,1,0,0,0,MEDIUM
5.68,78.92,177.28,312.8,0.05,-0.018,76.38,31.65,1,0,0,0,LOW
7.07,36.15,61.11,103.28,1.74,-0.127,87.92,33.72,5,2,0,2,HIGH
29.06,70.49,190.46,364.5,1.14,0.236,84.3,27.52,1,0,0,0,MEDIUM
4.16,36.34,129.87,216.35,1.62,0.097,83.47,22.78,2,0,0,0,MEDIUM
8.19,108.14,241.28,278.95,0.71,0.075,75.54,29.62,1,0,0,0,MEDIUM
13.99,87.7,201.26,293.89,0.65,0.023,74.2,25.21,4,0,2,2,HIGH
5.78,39.84,80.76,245.91,1.22,0.084,54.87,20.91,1,0,0,0,LOW
2.32,29.61,76.16,150.34,1.03,0.031,70.29,34.23,1,0,0,0,LOW
7.57,107.52,131.87,239.91,0.9,0.046,86.28,27.36,1,0,0,0,LOW
11.64,58.33,133.69,218.3,1.11,-0.07,88.04,28.85,4,0,0,1,HIGH
8.94,29.53,39.01,223.75,1.61,-0.127,87.62,28.51,1,0,0,0,LOW
2.68,88.01,122.34,144.62,1.39,0.174,85.69,33.84,1,0,0,0,MEDIUM
1.62,30.25,120.32,193.81,0.46,0.155,78.78,24.09,1,0,0,0,LOW
13.53,40.02,57.39,380.63,0.7,-0.024,63.22,31.24,1,0,0,0,LOW
4.77,70.03,82.32,205.54,0.61,0.188,89.54,23.18,4,0,1,1,HIGH
4.65,50.85,179.87,304.26,1.21,0.052,86.4,30.49,4,0,3,1,HIGH
14.78,87.54,271.46,324.39,0.77,-0.168,69.41,26.02,1,0,0,0,MEDIUM
1.29,13.4,57.88,132.88,0.78,0.159,79.49,23.65,1,0,0,0,LOW
2.0,68.14,149.17,230.42,0.76,-0.082,64.31,28.33,1,0,0,0,LOW
18.27,66.81,177.62,297.35,0.65,-0.052,61.07,25.75,1,0,0,0,LOW
6.34,42.37,117.58,161.13,1.01,0.16,72.09,36.54,1,0,0,0,LOW
5.11,18.35,47.62,88.18,1.0,0.113,63.57,30.45,1,0,0,0,LOW
12.64,15.17,85.12,152.19,0.7,-0.372,83.76,24.39,1,0,0,0,LOW
14.46,102.29,103.18,135.24,1.15,0.103,62.98,27.04,1,0,0,0,MEDIUM
4.15,87.95,124.42,165.35,1.11,0.045,82.97,30.67,2,0,0,0,MEDIUM
3.86,11.3,45.36,107.24,0.98,-0.019,95.39,26.68,1,0,0,0,LOW
25.94,42.51,143.84,327.5,0.99,0.077,80.37,27.78,1,0,0,0,MEDIUM
5.14,37.37,49.9,356.78,0.98,0.234,63.12,34.39,1,0,0,0,LOW
3.34,70.52,128.47,167.21,0.48,0.073,80.07,34.26,1,0,0,0,LOW
9.96,142.57,200.84,283.02,0.84,0.046,76.39,29.02,1,0,0,0,MEDIUM
6.02,26.76,57.82,94.84,0.67,0.141,75.82,30.7,4,0,0,0,MEDIUM
1.47,22.98,40.35,165.21,1.09,-0.016,92.72,29.48,1,0,0,0,LOW
6.72,49.36,113.96,218.07,0.98,-0.035,66.53,31.95,2,0,0,0,LOW
6.38,52.05,105.39,179.69,0.71,-0.169,97.34,25.63,4,0,2,0,MEDIUM
5.31,14.77,45.73,238.48,0.92,-0.07,67.69,30.67,2,0,0,0,LOW
8.39,19.61,33.07,269.87,1.27,-0.139,87.75,27.42,2,0,0,0,LOW
14.15,30.78,61.79,66.2,1.63,-0.158,71.9,23.47,2,0,0,0,MEDIUM
2.41,34.2,55.65,86.52,1.31,-0.115,79.68,26.65,4,0,2,0,MEDIUM
17.6,42.56,125.68,209.85,0.72,-0.131,91.01,34.58,1,0,0,0,LOW
10.11,49.74,67.02,180.0,0.79,-0.015,54.55,28.03,4,0,2,1,HIGH
13.53,33.36,101.88,294.44,0.44,0.259,100.0,33.59,1,0,0,0,LOW
10.04,15.46,66.95,220.87,0.74,0.025,86.46,29.91,1,0,0,0,LOW
4.13,16.79,27.09,87.23,0.57,-0.042,90.79,31.65,1,0,0,0,LOW
12.94,84.41,165.61,245.42,0.58,-0.104,71.37,35.4,1,0,0,0,LOW
4.46,14.54,73.28,101.93,1.26,-0.05,87.53,24.93,4,0,0,0,MEDIUM
10.23,31.78,106.01,180.31,1.27,0.073,73.28,26.86,1,0,0,0,LOW
4.76,8.44,65.88,145.44,0.75,0.072,76.64,28.73,1,0,0,0,LOW
6.84,16.66,29.93,62.88,0.36,-0.022,74.67,37.08,1,0,0,0,LOW
7.63,35.8,124.04,184.7,1.59,0.003,77.61,28.47,1,0,0,0,LOW
3.51,115.14,156.18,270.34,1.15,-0.077,78.51,31.18,1,0,0,0,MEDIUM
4.88,47.73,130.18,147.73,2.02,0.094,96.53,22.13,4,0,2,1,HIGH
3.54,75.17,206.75,370.88,1.67,0.333,95.13,30.14,1,0,0,0,MEDIUM
2.2,8.35,101.92,295.84,0.26,0.171,99.07,29.88,1,0,0,0,LOW
1.8,18.59,136.19,191.25,1.47,0.037,100.0,33.12,1,0,0,0,LOW
16.83,26.7,121.93,235.04,0.53,0.23,100.0,29.5,2,0,0,0,MEDIUM
1.0,62.82,70.82,159.07,1.32,0.11,78.87,30.34,2,0,0,0,MEDIUM
21.04,163.09,294.32,360.78,1.52,0.26,71.19,29.11,2,0,0,0,HIGH
4.13,107.21,133.31,287.86,0.77,0.154,75.25,28.08,5,2,0,0,HIGH
21.05,39.09,168.19,218.93,0.43,0.214,64.68,24.07,1,0,0,0,LOW
0.98,25.69,170.34,191.2,1.24,0.007,70.04,28.22,2,0,0,0,LOW
0.7,37.64,64.52,134.04,0.85,-0.064,67.92,27.07,2,0,0,0,LOW
7.2,12.89,123.77,367.21,0.9,0.015,79.62,24.44,4,0,3,0,HIGH
16.68,26.62,173.62,240.93,0.5,0.017,77.9,31.11,2,0,0,0,MEDIUM
2.67,48.17,54.68,97.32,1.0,0.054,71.2,31.87,1,0,0,0,LOW
13.48,59.12,129.88,336.09,1.51,0.064,73.23,31.59,1,0,0,0,MEDIUM
11.34,37.72,54.82,120.69,1.0,0.001,87.14,26.9,2,0,0,0,MEDIUM
9.7,63.94,165.46,318.06,0.81,0.033,75.49,26.09,1,0,0,0,LOW
4.51,35.87,61.54,299.1,0.12,0.289,81.36,31.99,1,0,0,0,LOW
12.37,26.65,81.71,274.51,0.67,0.095,68.94,27.91,3,0,0,0,MEDIUM
5.18,22.21,54.51,126.33,0.28,0.105,82.87,19.48,1,0,0,0,LOW
4.43,38.75,109.03,145.79,0.96,0.031,68.45,25.88,5,3,1,1,HIGH
2.16,95.19,259.14,280.59,0.18,0.094,86.03,29.68,1,0,0,0,LOW
8.88,49.43,143.09,219.64,1.71,-0.031,77.52,23.76,1,0,0,0,LOW
29.06,59.99,115.9,149.93,0.94,-0.218,50.43,31.44,1,0,0,0,LOW
9.61,52.8,91.47,130.05,1.17,-0.1,57.85,28.33,1,0,0,0,LOW
10.24,66.98,236.52,294.18,1.16,0.18,67.47,22.76,1,0,0,0,MEDIUM
7.17,20.21,100.86,229.38,0.77,0.144,85.02,24.99,1,0,0,0,LOW
3.28,17.91,109.46,194.99,1.05,0.258,74.74,30.41,1,0,0,0,LOW
11.7,18.33,38.44,90.56,0.48,0.079,76.55,30.62,2,0,0,0,LOW
10.64,53.07,110.15,209.02,0.57,-0.037,77.9,31.15,1,0,0,0,LOW
2.1,51.58,106.58,184.49,0.64,-0.106,75.42,30.41,1,0,0,0,LOW
3.1,20.2,42.42,79.03,0.99,0.084,78.94,26.56,3,0,3,0,MEDIUM
9.14,63.16,190.29,289.28,1.6,0.046,88.7,30.77,1,0,0,0,MEDIUM
7.09,34.65,61.11,219.57,0.93,-0.176,72.02,25.96,1,0,0,0,LOW
8.81,57.67,246.7,456.21,0.91,-0.171,100.0,33.71,1,0,0,0,LOW
11.4,88.41,139.95,196.7,1.16,0.001,86.99,25.47,1,0,0,0,MEDIUM
11.8,37.28,91.78,106.58,1.04,0.122,78.12,31.25,4,0,0,1,HIGH
6.07,46.78,72.66,324.94,1.18,-0.04,77.08,29.62,1,0,0,0,LOW
2.19,21.36,82.26,276.24,1.15,0.055,99.11,28.86,4,0,3,1,HIGH
3.44,49.36,86.68,288.63,1.91,-0.066,97.29,24.58,3,0,3,0,HIGH
1.59,38.51,151.22,415.0,1.12,-0.134,84.62,32.25,1,0,0,0,LOW
1.7,18.91,72.38,381.38,0.49,0.133,85.44,32.78,4,0,1,1,MEDIUM
15.45,29.32,217.8,415.05,0.98,-0.002,77.38,26.63,1,0,0,0,MEDIUM
12.39,57.26,153.71,208.76,0.82,0.004,67.56,28.18,2,0,0,0,MEDIUM
7.01,27.99,214.55,312.39,0.72,-0.258,76.39,29.13,4,0,2,0,MEDIUM
8.5,33.28,46.96,65.1,1.45,-0.07,72.94,21.02,5,1,2,1,HIGH
5.66,100.68,119.66,171.37,1.14,0.082,76.05,29.63,4,0,1,1,HIGH
3.59,8.62,29.65,163.38,0.84,-0.233,70.23,28.43,1,0,0,0,LOW
33.18,65.96,179.24,204.78,0.69,0.165,79.9,25.53,1,0,0,0,MEDIUM
15.88,77.43,150.82,191.38,0.77,0.327,95.3,34.81,3,0,1,0,MEDIUM
15.98,136.71,151.07,204.24,1.41,-0.093,82.65,28.94,1,0,0,0,MEDIUM
11.45,59.62,111.37,200.44,0.78,0.215,78.17,29.3,2,0,0,0,MEDIUM
5.29,54.92,77.59,142.53,0.74,0.069,73.81,27.7,3,0,1,0,MEDIUM
12.64,51.97,129.52,193.59,1.57,-0.001,100.0,25.79,1,0,0,0,MEDIUM
8.94,68.62,138.08,192.65,1.33,0.044,72.05,25.61,3,0,0,0,MEDIUM
8.43,59.27,88.91,192.47,0.49,-0.047,70.07,28.59,1,0,0,0,LOW
16.8,43.22,99.62,310.57,0.42,-0.074,100.0,32.56,1,0,0,0,LOW
3.56,44.31,124.32,155.48,1.53,-0.005,78.89,31.78,1,0,0,0,LOW
7.26,65.52,181.34,232.42,0.65,-0.042,84.97,31.54,2,0,0,0,LOW
17.92,38.04,68.65,142.65,1.61,0.081,67.29,26.64,3,0,2,0,HIGH
3.42,75.21,116.55,157.91,0.69,0.289,71.92,36.43,1,0,0,0,LOW
14.33,34.37,58.92,134.47,0.92,-0.254,75.69,31.22,2,0,0,0,LOW
10.2,43.7,89.56,478.61,0.98,0.15,92.74,30.38,1,0,0,0,MEDIUM
3.75,45.77,59.35,139.34,0.72,0.154,65.91,25.94,1,0,0,0,LOW
6.81,17.95,197.09,352.95,0.67,0.158,88.56,26.41,2,0,0,0,MEDIUM
3.51,40.43,107.29,121.13,1.32,0.158,70.78,31.63,4,0,2,1,HIGH
7.93,29.35,145.23,185.47,0.81,-0.063,48.28,31.34,1,0,0,0,LOW
1.07,36.65,90.63,230.1,0.7,0.148,81.18,29.24,1,0,0,0,LOW
2.67,69.93,159.35,263.13,2.17,0.014,89.73,23.94,3,0,1,0,HIGH
9.88,29.5,115.45,168.87,1.03,-0.293,90.35,27.06,1,0,0,0,LOW
3.51,26.0,96.21,190.13,1.05,-0.188,67.57,31.85,2,0,0,0,LOW
1.67,26.69,59.43,230.94,0.55,0.107,97.78,32.22,3,0,3,0,MEDIUM
6.14,64.27,146.34,166.62,1.47,-0.175,89.6,28.45,4,0,2,0,HIGH
4.15,50.91,108.45,242.67,0.76,0.022,79.35,26.09,3,0,3,0,MEDIUM
13.94,105.25,161.94,254.6,0.49,0.262,80.94,29.19,1,0,0,0,MEDIUM
3.66,15.6,172.06,427.71,1.06,0.198,76.87,27.89,1,0,0,0,MEDIUM
11.14,61.74,113.8,163.23,0.49,0.158,65.5,33.87,1,0,0,0,LOW
24.68,80.98,140.3,165.23,0.91,0.068,75.3,30.2,1,0,0,0,MEDIUM
8.27,31.43,74.15,144.36,1.88,-0.114,72.14,26.86,2,0,0,0,MEDIUM
13.56,33.82,71.82,107.58,1.08,-0.1,76.61,26.53,1,0,0,0,LOW
6.74,14.36,64.62,238.75,0.67,0.266,78.9,19.55,1,0,0,0,LOW
5.05,127.88,174.63,222.21,1.18,0.071,71.33,25.79,5,1,0,1,HIGH
0.21,60.76,113.14,279.54,1.04,0.116,72.29,24.77,1,0,0,0,LOW
3.94,17.76,87.81,269.05,0.87,-0.042,73.17,28.15,1,0,0,0,LOW
8.87,43.81,95.75,176.09,1.1,-0.133,68.39,30.59,1,0,0,0,LOW
6.21,50.32,57.08,120.53,1.28,0.257,63.91,21.35,1,0,0,0,MEDIUM
16.6,28.01,61.09,85.18,1.38,-0.015,71.44,28.96,1,0,0,0,LOW
7.73,70.1,98.37,214.22,1.57,0.066,100.0,28.84,3,0,3,0,HIGH
20.35,31.96,231.74,276.41,1.0,-0.023,61.64,25.22,4,0,3,0,HIGH
9.24,50.04,69.3,238.94,0.73,0.193,97.32,30.05,3,0,0,0,MEDIUM
5.26,44.65,69.15,139.48,0.46,0.033,71.21,31.87,2,0,0,0,LOW
7.69,11.26,35.09,159.98,0.48,-0.015,79.55,28.01,2,0,0,0,LOW
8.09,15.36,54.12,169.11,1.41,0.086,86.42,27.52,2,0,0,0,MEDIUM
14.61,124.45,216.79,255.25,0.99,-0.198,74.02,37.17,1,0,0,0,LOW
14.89,45.98,104.0,161.48,1.36,0.031,67.12,37.49,1,0,0,0,LOW
1.48,109.17,257.94,312.19,1.11,-0.123,69.96,31.97,2,0,0,0,MEDIUM
4.68,24.28,147.11,265.94,1.12,-0.066,77.46,29.03,1,0,0,0,LOW
0.43,123.85,251.58,486.82,1.27,0.027,72.65,26.97,1,0,0,0,MEDIUM
9.18,15.07,26.28,98.36,1.35,-0.021,62.62,35.27,1,0,0,0,LOW
10.79,47.8,164.69,208.81,1.19,0.122,87.83,23.96,2,0,0,0,MEDIUM
7.32,91.9,223.48,237.55,0.99,0.178,74.34,32.74,1,0,0,0,MEDIUM
5.43,31.04,113.0,230.93,1.72,0.046,81.16,34.69,1,0,0,0,MEDIUM
0.61,23.93,86.01,127.8,1.12,0.011,69.96,32.02,1,0,0,0,LOW
13.23,46.85,67.45,322.07,1.49,0.046,53.4,22.68,4,0,3,2,HIGH
4.19,79.11,234.43,307.82,1.47,-0.121,70.83,27.54,5,1,0,0,HIGH
15.52,81.25,115.69,328.0,0.14,-0.051,71.47,27.8,1,0,0,0,LOW
11.28,44.82,179.94,214.23,1.09,0.165,75.92,23.81,1,0,0,0,MEDIUM
4.5,48.82,119.08,327.31,1.02,0.009,85.54,29.78,1,0,0,0,MEDIUM
12.83,32.87,124.18,221.86,1.55,-0.089,94.21,27.22,1,0,0,0,LOW
2.39,47.56,138.86,148.74,1.14,0.087,50.3,29.59,1,0,0,0,LOW
1.95,60.7,88.41,196.76,1.02,0.256,85.34,32.33,1,0,0,0,LOW
5.12,32.3,36.85,115.02,0.84,0.212,91.26,24.82,1,0,0,0,LOW
21.75,85.92,123.19,308.3,0.76,0.112,78.71,25.77,3,0,3,0,HIGH
3.17,85.29,130.21,213.92,0.9,0.027,81.66,25.51,1,0,0,0,LOW
7.49,63.81,87.64,259.17,0.63,-0.036,86.92,32.79,3,0,2,0,MEDIUM
3.79,55.53,82.96,220.52,0.85,-0.055,75.75,24.12,1,0,0,0,LOW
5.32,48.14,73.82,193.62,1.53,-0.035,83.61,30.41,3,0,2,0,MEDIUM
9.85,90.33,136.19,193.59,0.51,0.377,49.9,27.19,2,0,0,0,MEDIUM
2.74,41.52,96.93,180.41,0.05,-0.298,73.2,27.52,1,0,0,0,LOW
3.36,51.98,85.69,196.63,0.34,0.029,86.38,27.62,4,0,2,1,HIGH
7.19,27.18,74.1,88.46,0.99,0.185,84.09,29.25,4,0,3,0,HIGH
8.01,64.05,209.35,387.25,0.58,0.224,91.62,29.16,3,0,2,0,HIGH
17.74,67.04,83.32,178.94,1.57,-0.015,85.65,33.12,2,0,0,0,MEDIUM
11.81,44.89,130.86,307.25,1.21,-0.17,75.17,27.75,1,0,0,0,LOW
5.86,25.94,114.48,252.7,0.72,0.269,67.24,31.39,5,1,3,0,HIGH
10.22,97.79,198.44,259.36,1.78,0.236,81.12,32.92,2,0,0,0,HIGH
4.14,59.0,270.41,302.73,0.13,-0.27,80.23,23.83,4,0,1,2,HIGH
4.48,90.14,139.04,389.54,0.86,0.072,81.78,29.25,3,0,3,0,HIGH
3.01,29.66,45.25,96.73,1.21,0.013,84.05,36.29,1,0,0,0,LOW
5.16,91.79,289.18,306.68,1.38,0.084,81.29,30.06,1,0,0,0,MEDIUM
15.8,32.29,82.17,188.58,0.73,0.183,87.76,26.12,1,0,0,0,LOW
1.0,19.22,54.11,119.55,1.87,-0.045,83.45,28.02,1,0,0,0,LOW
6.2,114.71,140.38,250.66,0.54,-0.03,83.91,28.76,1,0,0,0,LOW
13.16,67.59,131.81,246.76,0.77,0.255,83.24,30.36,1,0,0,0,MEDIUM
7.94,24.83,104.7,148.55,1.16,0.202,69.48,24.88,1,0,0,0,LOW
2.79,132.78,135.73,315.74,1.5,0.366,88.55,26.86,3,0,1,0,HIGH
7.29,37.61,127.6,152.1,1.3,-0.178,80.76,28.81,1,0,0,0,LOW
14.77,33.3,172.91,219.01,0.74,-0.063,87.5,33.4,3,0,1,0,MEDIUM
9.16,31.4,115.87,361.62,0.87,0.02,67.85,27.05,2,0,0,0,MEDIUM
2.23,45.87,82.51,360.11,1.3,-0.057,74.91,30.73,1,0,0,0,LOW
1.53,43.44,123.07,211.92,0.86,0.168,67.33,33.66,1,0,0,0,LOW
7.95,68.12,90.04,200.0,0.85,0.173,90.45,21.94,3,0,1,0,MEDIUM
13.02,36.97,85.36,210.14,1.13,0.168,82.23,24.27,1,0,0,0,MEDIUM
8.91,126.66,210.55,351.3,1.59,0.056,83.31,26.96,2,0,0,0,HIGH
16.04,55.75,80.08,135.04,1.51,-0.14,89.96,25.5,4,0,1,1,HIGH
11.65,65.48,104.84,171.15,0.93,0.041,77.96,25.86,1,0,0,0,LOW
21.02,42.5,172.61,292.32,1.14,0.041,93.08,27.32,1,0,0,0,MEDIUM
9.87,80.51,141.59,216.88,1.34,0.069,76.11,23.44,1,0,0,0,MEDIUM
11.73,20.52,64.63,187.8,0.71,0.077,52.21,34.57,4,0,0,2,HIGH
2.78,35.91,84.12,114.15,1.62,0.13,84.18,32.25,2,0,0,0,MEDIUM
2.19,68.3,116.05,213.34,1.82,-0.326,65.93,29.51,4,0,0,2,HIGH
10.75,54.41,124.33,391.51,1.86,-0.304,90.4,20.0,1,0,0,0,MEDIUM
2.85,67.86,133.86,202.32,1.51,0.141,70.6,29.2,4,0,2,0,HIGH
48.67,126.21,178.37,385.09,0.24,0.153,68.76,33.36,1,0,0,0,MEDIUM
11.99,43.33,94.8,185.83,0.95,0.008,90.6,29.14,1,0,0,0,LOW
18.0,77.41,77.87,272.01,1.71,-0.009,69.21,29.04,1,0,0,0,MEDIUM
8.57,51.28,145.81,199.49,0.47,-0.054,66.14,28.68,1,0,0,0,LOW
2.66,78.58,142.93,291.37,1.34,-0.07,62.02,24.37,1,0,0,0,LOW
18.92,51.3,154.52,329.77,0.73,0.312,100.0,30.49,1,0,0,0,MEDIUM
11.03,36.79,102.23,131.34,0.89,0.018,74.88,25.11,2,0,0,0,MEDIUM
7.34,28.71,63.99,154.57,1.77,0.142,86.12,26.0,1,0,0,0,LOW
5.19,27.89,52.56,70.16,0.72,0.028,81.03,28.07,4,0,2,0,MEDIUM
4.3,107.38,160.59,191.37,1.06,0.093,77.29,28.04,1,0,0,0,LOW
3.92,23.4,77.55,205.5,1.26,0.32,76.62,36.04,3,0,1,0,MEDIUM
4.51,41.69,90.9,209.63,0.62,-0.254,79.48,31.46,4,0,1,1,MEDIUM
1.48,14.45,67.4,142.14,1.92,0.058,88.06,34.31,4,0,2,2,HIGH
11.81,43.76,80.5,142.88,2.13,0.012,98.14,28.63,1,0,0,0,MEDIUM
8.58,23.19,36.01,161.91,0.41,0.051,85.94,29.51,3,0,0,0,LOW
18.46,33.26,101.79,450.99,0.81,-0.038,66.11,29.56,1,0,0,0,LOW
13.61,38.1,72.88,185.06,0.05,-0.186,65.16,28.3,1,0,0,0,LOW
9.47,39.58,76.18,228.28,1.31,0.01,48.15,30.34,1,0,0,0,LOW
10.84,57.82,70.14,262.77,1.26,-0.022,77.98,26.55,4,0,2,1,HIGH
13.13,28.51,72.64,127.24,1.08,0.006,76.18,22.44,1,0,0,0,LOW
11.72,30.47,102.77,257.49,1.33,0.005,76.27,25.46,5,3,2,2,HIGH
16.9,33.41,86.33,246.34,1.69,0.103,97.77,35.77,3,0,1,0,MEDIUM
4.22,50.77,95.32,234.25,1.46,0.03,91.19,28.91,1,0,0,0,LOW
8.13,28.01,46.69,254.0,1.14,0.042,78.18,38.03,2,0,0,0,MEDIUM
8.69,21.65,137.22,291.55,0.67,0.099,78.94,32.95,4,0,2,1,HIGH
4.81,57.99,98.44,192.42,0.55,0.002,81.05,32.46,3,0,2,0,MEDIUM
5.8,25.19,84.67,182.33,1.66,0.091,76.24,28.44,1,0,0,0,MEDIUM
5.68,20.25,49.45,236.94,0.75,0.103,70.95,31.98,1,0,0,0,LOW
3.46,39.31,160.98,226.35,1.2,-0.246,66.59,30.33,3,0,0,0,MEDIUM
10.49,45.01,171.47,205.5,0.05,0.045,59.72,27.41,1,0,0,0,LOW
7.03,28.16,79.47,219.16,0.69,-0.086,67.97,29.13,3,0,1,0,MEDIUM
12.45,49.0,154.68,188.6,1.76,0.027,79.51,25.44,2,0,0,0,MEDIUM
16.8,28.71,82.31,167.86,1.39,-0.02,77.28,40.0,2,0,0,0,MEDIUM
7.37,21.18,62.45,102.0,0.55,-0.039,80.43,26.91,1,0,0,0,LOW
16.68,22.48,78.52,168.24,1.44,0.072,74.51,21.85,1,0,0,0,MEDIUM
5.26,29.52,35.95,84.62,0.32,0.148,58.63,22.57,3,0,2,0,MEDIUM
2.02,17.98,147.36,431.65,1.32,-0.059,75.65,24.59,1,0,0,0,LOW
7.81,55.28,193.89,425.68,1.83,0.127,58.7,32.9,2,0,0,0,MEDIUM
4.45,33.44,146.39,167.61,0.58,0.231,75.74,32.34,1,0,0,0,LOW
12.97,66.05,300.23,513.48,1.17,0.004,52.3,24.61,1,0,0,0,MEDIUM
3.79,49.46,75.89,126.97,1.05,-0.172,94.48,27.17,1,0,0,0,LOW
6.73,19.07,246.68,314.63,0.76,-0.272,81.53,22.92,3,0,3,0,MEDIUM
4.56,34.53,144.08,188.14,1.32,0.125,57.72,26.45,3,0,3,0,HIGH
4.36,33.22,79.17,158.92,0.47,0.066,95.55,32.93,1,0,0,0,LOW
5.7,99.26,179.83,206.03,0.1,0.003,54.71,27.51,1,0,0,0,LOW
14.81,61.87,89.17,108.62,1.35,-0.071,98.89,32.92,1,0,0,0,LOW
8.35,25.33,83.74,216.72,1.39,0.021,60.05,28.64,4,0,2,1,HIGH
3.66,79.99,189.56,271.12,1.55,-0.036,92.14,30.06,1,0,0,0,MEDIUM
18.27,24.53,140.11,224.85,0.58,-0.06,67.1,30.47,1,0,0,0,LOW
4.64,22.91,245.97,290.35,0.68,-0.11,76.56,26.38,1,0,0,0,LOW
7.82,51.59,120.7,277.42,0.23,-0.028,85.66,26.1,1,0,0,0,LOW
7.98,21.09,95.76,264.83,1.31,-0.042,67.64,38.35,4,0,1,2,HIGH
4.22,44.22,162.96,319.69,1.13,-0.026,68.46,30.36,1,0,0,0,LOW
0.62,8.23,98.33,140.78,1.78,-0.029,62.21,25.03,2,0,0,0,LOW
11.24,43.99,98.3,374.92,1.41,0.295,78.48,28.85,3,0,2,0,HIGH
2.07,44.71,95.68,348.36,1.14,-0.022,86.88,28.49,1,0,0,0,LOW
30.21,100.43,132.31,293.51,1.19,-0.12,67.87,31.99,1,0,0,0,MEDIUM
17.31,140.98,175.07,223.88,1.28,0.204,81.01,26.19,2,0,0,0,MEDIUM
27.61,42.97,137.42,149.31,0.56,-0.036,88.99,31.27,4,0,3,0,HIGH
3.06,38.14,89.86,224.09,1.05,-0.185,100.0,26.82,5,3,0,0,HIGH
20.55,128.83,193.7,291.62,0.53,0.378,69.19,25.45,3,0,2,0,HIGH
9.77,34.66,186.96,224.04,0.52,0.039,53.59,31.78,2,0,0,0,LOW
4.02,40.32,77.29,146.0,0.64,-0.18,75.52,28.57,3,0,0,0,MEDIUM
6.41,21.57,56.94,76.25,1.15,-0.235,75.67,21.3,1,0,0,0,LOW
2.2,30.82,81.5,252.76,0.3,0.118,63.14,24.1,3,0,0,0,MEDIUM
3.21,36.58,47.75,286.97,1.13,0.163,77.19,29.86,1,0,0,0,LOW
7.51,16.72,73.12,267.06,1.29,0.123,81.09,25.21,3,0,3,0,HIGH
19.9,75.01,233.64,452.87,1.17,0.157,77.99,32.06,2,0,0,0,MEDIUM
16.05,47.71,67.55,354.3,0.58,0.017,76.5,33.75,2,0,0,0,LOW
10.16,55.17,148.26,308.17,0.77,-0.007,78.08,28.48,2,0,0,0,MEDIUM
24.63,56.01,67.34,176.78,1.47,-0.076,95.06,36.95,1,0,0,0,LOW
6.45,13.39,30.46,74.5,1.26,-0.059,82.57,28.98,1,0,0,0,LOW
6.49,33.96,211.67,306.14,0.98,0.222,78.24,26.05,3,0,3,0,HIGH
4.14,63.43,175.21,212.79,0.15,-0.193,84.24,29.41,1,0,0,0,LOW
10.69,32.69,76.38,117.05,1.64,-0.236,75.88,32.57,2,0,0,0,LOW
15.27,31.59,88.28,109.67,0.67,-0.258,85.64,27.53,1,0,0,0,LOW
0.84,25.2,41.75,85.79,1.29,0.231,87.93,26.75,2,0,0,0,MEDIUM
1.43,50.66,164.97,222.53,1.14,0.154,86.61,26.94,1,0,0,0,MEDIUM
12.88,38.2,83.09,117.38,0.87,-0.11,86.8,30.5,2,0,0,0,LOW
6.52,45.57,146.16,269.66,0.93,0.271,77.99,24.27,4,0,0,0,HIGH
1.31,39.86,61.48,230.55,0.73,0.109,85.6,31.29,1,0,0,0,LOW
18.64,30.61,121.78,225.15,1.46,0.169,77.4,31.97,1,0,0,0,LOW
9.23,40.24,134.67,406.77,1.58,0.019,71.25,26.57,4,0,1,0,HIGH
8.96,93.64,153.91,174.49,1.72,0.123,74.48,30.86,3,0,2,0,HIGH
14.32,33.06,166.88,412.75,1.26,-0.126,62.95,29.59,1,0,0,0,MEDIUM
7.48,21.41,43.77,88.3,0.91,0.024,75.24,22.51,1,0,0,0,LOW
6.76,47.05,56.91,271.14,0.05,0.172,90.92,29.44,1,0,0,0,LOW
10.23,33.26,124.08,142.01,1.67,0.142,100.0,37.22,2,0,0,0,MEDIUM
5.5,15.21,139.69,314.22,1.53,-0.017,75.62,32.51,3,0,3,0,MEDIUM
7.73,25.05,105.2,313.1,0.28,0.011,85.47,35.0,1,0,0,0,LOW
3.53,48.34,66.87,285.23,1.01,-0.159,73.22,36.51,2,0,0,0,LOW
10.55,26.41,75.44,109.04,1.57,0.063,84.74,34.23,1,0,0,0,LOW
15.25,81.05,145.97,192.62,0.49,0.094,73.22,30.13,1,0,0,0,LOW
11.98,65.58,92.73,261.29,1.95,-0.022,70.56,26.51,1,0,0,0,MEDIUM
6.49,28.51,67.21,148.65,1.18,-0.145,79.85,30.8,1,0,0,0,LOW
6.27,73.09,270.63,296.25,1.31,-0.022,53.43,29.02,1,0,0,0,MEDIUM
11.35,41.02,89.5,129.56,0.97,0.018,84.36,25.18,3,0,1,0,MEDIUM
7.61,48.81,232.05,380.07,0.63,0.251,70.72,33.09,2,0,0,0,MEDIUM
7.88,25.77,37.74,158.9,0.45,0.279,65.84,27.62,4,0,2,0,MEDIUM
11.04,31.46,85.02,183.12,1.06,-0.008,83.91,30.63,1,0,0,0,LOW
10.39,74.8,110.07,293.02,0.05,0.186,80.61,26.5,1,0,0,0,LOW
5.63,22.54,57.96,146.51,1.14,-0.055,74.36,27.62,2,0,0,0,LOW
22.08,71.89,145.88,170.73,1.2,-0.012,86.82,34.51,2,0,0,0,MEDIUM
2.0,23.42,191.64,283.31,0.36,-0.163,64.64,29.18,1,0,0,0,LOW
5.15,90.6,145.43,196.38,0.34,0.293,75.52,30.17,1,0,0,0,LOW
12.96,41.94,104.17,123.71,0.94,-0.017,68.2,25.98,2,0,0,0,LOW
7.47,37.42,77.95,285.27,0.94,0.228,64.53,27.76,1,0,0,0,LOW
6.2,69.6,80.57,96.83,0.52,0.13,84.59,28.24,1,0,0,0,LOW
25.93,54.77,176.53,329.79,0.41,0.13,66.49,30.94,1,0,0,0,LOW
1.96,45.68,120.07,225.13,1.32,0.072,83.82,31.84,1,0,0,0,LOW
4.8,54.66,90.79,288.84,1.09,-0.07,79.47,37.1,5,2,2,1,HIGH
3.64,39.76,93.19,142.09,1.37,-0.268,66.08,23.31,3,0,1,0,MEDIUM
10.57,38.21,98.99,376.09,1.43,0.195,71.46,32.49,1,0,0,0,LOW
9.54,107.53,258.06,438.41,1.41,-0.02,71.44,32.52,1,0,0,0,MEDIUM
8.28,46.79,115.11,297.1,0.86,0.23,85.45,28.68,1,0,0,0,LOW
8.78,24.1,72.6,320.51,1.04,0.096,59.44,30.7,1,0,0,0,LOW
4.41,33.4,45.43,130.09,1.06,0.128,59.77,30.18,3,0,3,0,MEDIUM
13.55,109.69,164.77,350.71,0.05,0.048,86.47,24.5,1,0,0,0,LOW
10.78,19.28,30.61,191.89,0.14,0.047,69.37,30.01,4,0,3,2,HIGH
15.8,42.18,70.9,136.58,1.54,0.056,84.12,29.77,4,0,1,1,HIGH
4.26,34.49,85.28,411.67,1.0,-0.158,56.15,24.14,1,0,0,0,LOW
8.37,14.81,115.59,197.01,0.26,-0.283,70.04,31.77,2,0,0,0,LOW
2.85,39.8,140.36,350.64,0.05,-0.091,60.33,26.16,2,0,0,0,LOW
13.21,35.18,62.89,132.67,0.74,-0.024,88.95,28.74,1,0,0,0,LOW
3.9,74.14,108.58,381.5,2.0,-0.182,87.21,23.38,2,0,0,0,MEDIUM
6.56,68.72,128.86,145.64,1.37,0.017,82.02,29.56,2,0,0,0,MEDIUM
1.57,25.58,186.67,255.29,1.43,0.059,100.0,21.86,4,0,3,1,HIGH
23.05,81.52,148.57,534.94,0.67,-0.001,63.39,29.43,1,0,0,0,MEDIUM
1.62,21.8,72.59,135.07,1.7,-0.026,69.74,27.96,1,0,0,0,LOW
2.74,17.04,237.5,353.07,1.43,-0.123,89.19,30.26,1,0,0,0,MEDIUM
9.32,18.42,24.2,186.47,0.38,0.1,71.82,27.69,1,0,0,0,LOW
19.93,71.78,150.61,178.69,1.34,-0.255,54.7,33.27,1,0,0,0,LOW
15.17,72.79,214.05,321.91,1.05,0.119,92.22,25.83,1,0,0,0,MEDIUM
3.94,18.47,31.42,91.79,1.28,0.07,76.64,30.25,1,0,0,0,LOW
5.44,35.02,196.93,321.58,1.1,-0.035,86.6,32.5,3,0,0,0,MEDIUM
12.47,60.65,94.95,187.7,0.78,-0.068,92.78,32.02,1,0,0,0,LOW
1.22,17.79,156.39,334.71,1.03,-0.175,82.45,29.68,5,1,1,1,HIGH
19.87,98.81,139.98,261.08,0.61,0.004,77.71,30.03,1,0,0,0,MEDIUM
8.87,31.49,52.63,84.81,1.39,0.156,73.3,32.94,4,0,0,1,MEDIUM
10.66,65.04,184.48,325.13,1.81,-0.084,93.12,31.46,1,0,0,0,MEDIUM
24.84,69.83,93.87,126.16,1.48,-0.115,74.16,32.95,1,0,0,0,MEDIUM
8.18,28.84,58.08,166.6,0.92,0.004,65.28,26.07,2,0,0,0,MEDIUM
6.83,82.71,104.57,295.46,0.45,-0.005,55.99,28.26,1,0,0,0,LOW
13.59,88.92,134.36,251.43,0.45,0.041,91.84,30.9,4,0,3,0,HIGH
4.77,30.01,87.95,280.08,0.74,0.256,83.62,30.14,2,0,0,0,LOW
1.03,17.91,59.06,179.84,1.12,0.046,62.74,21.2,1,0,0,0,LOW
7.99,79.37,151.68,242.81,0.8,0.102,74.59,35.12,1,0,0,0,LOW
11.09,65.09,213.33,221.36,1.32,0.143,72.04,27.42,2,0,0,0,MEDIUM
38.46,89.16,222.64,361.88,0.29,0.119,80.55,29.98,4,0,0,0,HIGH
2.21,54.41,106.39,372.18,0.15,-0.048,73.37,28.76,5,1,1,1,HIGH
21.41,60.14,174.18,245.91,1.26,0.01,58.88,26.27,1,0,0,0,MEDIUM
4.93,49.97,56.77,163.09,0.82,0.122,63.69,32.34,1,0,0,0,LOW
19.25,70.35,152.72,200.28,1.38,-0.1,91.27,28.31,1,0,0,0,MEDIUM
13.3,44.7,127.63,154.49,1.03,0.196,74.83,29.63,1,0,0,0,LOW
1.76,12.16,27.79,130.28,1.33,-0.032,84.61,30.3,1,0,0,0,LOW
6.63,30.66,174.52,427.49,1.15,-0.112,78.64,23.71,5,3,2,1,HIGH
10.07,35.47,92.74,104.48,0.9,0.05,85.28,25.4,4,0,2,1,HIGH
3.25,44.47,173.08,231.61,1.01,-0.061,99.05,31.96,1,0,0,0,LOW
21.55,81.73,94.07,127.24,1.37,0.03,73.88,29.85,1,0,0,0,LOW
4.87,51.29,200.33,332.6,0.09,-0.031,68.17,28.87,3,0,2,0,MEDIUM
7.04,109.2,249.29,280.53,0.28,-0.038,73.71,24.76,1,0,0,0,LOW
2.78,59.46,142.17,245.6,0.66,0.077,56.77,28.19,3,0,1,0,MEDIUM
8.79,41.08,67.76,209.99,0.99,0.019,76.72,29.65,1,0,0,0,LOW
5.25,28.95,51.71,162.55,0.6,0.048,70.29,26.04,1,0,0,0,LOW
6.63,40.74,161.92,276.82,0.61,0.317,93.14,26.01,3,0,0,0,MEDIUM
11.22,34.83,35.95,217.79,2.25,-0.098,83.8,32.67,2,0,0,0,MEDIUM
14.18,57.49,99.54,163.33,1.46,0.183,77.74,37.18,1,0,0,0,MEDIUM
10.57,31.79,78.3,270.99,0.76,0.135,57.84,30.11,1,0,0,0,LOW
7.58,11.83,138.61,162.99,1.05,0.048,81.58,26.95,2,0,0,0,MEDIUM
6.91,55.18,93.64,157.89,0.58,-0.152,74.21,27.67,1,0,0,0,LOW
2.57,73.18,115.45,145.25,0.77,0.056,84.67,36.46,1,0,0,0,LOW
7.98,34.62,122.91,295.37,1.23,0.039,100.0,35.35,1,0,0,0,LOW
4.68,27.22,100.38,216.15,0.88,0.084,78.38,28.95,1,0,0,0,LOW
4.76,57.42,180.29,236.18,1.23,0.029,74.67,32.09,3,0,0,0,MEDIUM
14.69,45.22,96.83,223.56,0.59,0.171,81.4,28.43,2,0,0,0,MEDIUM
26.6,69.52,157.57,178.76,1.06,0.198,77.75,28.42,1,0,0,0,MEDIUM
3.67,76.35,155.61,247.26,1.65,0.287,67.29,33.08,1,0,0,0,MEDIUM
2.15,38.86,140.88,198.41,1.55,-0.107,97.15,30.02,4,0,1,1,HIGH
6.33,88.91,134.65,222.53,1.62,0.175,65.49,30.26,1,0,0,0,MEDIUM
8.81,57.35,120.29,171.25,0.9,-0.22,76.27,28.71,1,0,0,0,LOW
7.01,17.17,59.14,111.98,1.03,0.021,88.69,38.02,1,0,0,0,LOW
22.82,41.92,153.5,297.56,1.32,-0.049,78.19,23.02,1,0,0,0,MEDIUM
5.88,32.03,97.4,400.67,1.32,-0.16,65.35,26.12,1,0,0,0,LOW
3.01,33.05,114.62,129.22,0.95,0.049,68.99,30.82,2,0,0,0,MEDIUM
1.03,24.13,132.74,205.59,1.57,-0.013,60.59,26.23,3,0,0,0,MEDIUM
6.16,45.0,136.02,362.74,1.39,-0.161,70.52,29.02,1,0,0,0,LOW
10.04,98.46,145.47,329.34,1.1,-0.139,87.8,33.09,3,0,2,0,HIGH
2.11,20.18,87.07,106.97,0.75,0.05,83.97,30.07,1,0,0,0,LOW
10.92,40.03,78.49,144.24,0.3,0.02,82.56,30.12,1,0,0,0,LOW
7.37,49.51,148.51,165.03,0.05,0.251,69.98,32.59,1,0,0,0,LOW
2.58,17.26,79.46,128.73,0.19,0.015,59.99,31.89,2,0,0,0,LOW
4.33,47.87,120.06,145.33,0.86,0.044,84.75,27.19,1,0,0,0,LOW
8.7,69.2,171.28,187.94,1.55,0.091,83.24,26.83,1,0,0,0,MEDIUM
7.6,95.86,182.11,753.6,0.61,-0.059,75.85,33.99,3,0,2,0,HIGH
6.12,46.11,87.63,221.04,1.46,0.114,88.45,30.26,1,0,0,0,LOW
5.39,14.03,37.45,221.4,0.7,0.056,73.55,26.43,2,0,0,0,LOW
14.1,46.08,92.38,129.51,1.78,0.068,94.84,25.95,4,0,2,0,HIGH
9.3,36.11,64.96,118.1,1.9,-0.197,55.96,27.67,1,0,0,0,LOW
8.77,12.68,72.01,81.42,1.11,0.15,97.68,29.37,2,0,0,0,MEDIUM
7.16,91.51,152.95,345.36,0.31,0.024,67.59,33.5,1,0,0,0,LOW
3.82,44.66,51.29,250.86,1.19,0.056,50.97,27.99,1,0,0,0,LOW
3.38,65.65,143.82,246.83,0.2,0.083,74.72,34.47,1,0,0,0,LOW
9.0,45.83,198.02,201.61,1.01,0.299,78.29,30.76,1,0,0,0,MEDIUM
6.26,47.67,140.29,181.47,0.86,0.018,70.1,32.94,4,0,3,2,HIGH
21.51,66.76,123.76,171.24,1.1,-0.154,100.0,26.32,1,0,0,0,LOW
32.81,99.22,165.31,198.09,1.34,-0.042,64.63,25.9,4,0,1,1,HIGH
3.39,43.38,70.17,332.4,0.45,0.135,94.27,26.85,1,0,0,0,LOW
14.16,61.31,70.8,214.3,0.35,-0.103,78.29,30.87,2,0,0,0,MEDIUM
33.91,107.91,148.78,169.01,1.4,-0.078,90.21,31.49,1,0,0,0,MEDIUM
14.38,91.0,126.45,264.65,1.16,-0.135,62.52,30.3,1,0,0,0,LOW
3.37,107.85,145.6,164.83,1.1,-0.236,72.06,28.27,1,0,0,0,LOW
12.24,58.62,137.53,294.83,1.42,0.076,76.21,20.22,4,0,0,0,HIGH
22.73,73.84,111.35,192.72,0.68,0.099,96.03,28.66,5,3,0,2,HIGH
16.04,30.84,91.92,127.27,1.86,0.221,92.3,31.01,2,0,0,0,MEDIUM
11.48,59.07,82.8,169.29,1.05,-0.057,76.29,21.47,1,0,0,0,LOW
3.09,61.8,83.98,153.38,0.36,0.138,73.99,27.7,1,0,0,0,LOW
4.95,21.81,168.87,215.08,0.93,0.354,94.55,28.57,1,0,0,0,MEDIUM
3.13,30.52,44.28,389.34,1.63,0.179,81.22,34.98,1,0,0,0,MEDIUM
5.88,50.19,145.27,358.13,0.61,0.034,84.61,21.4,1,0,0,0,LOW
15.22,20.55,113.28,244.1,0.74,0.032,85.18,25.54,2,0,0,0,LOW
4.46,43.29,117.69,503.89,1.54,0.062,96.15,25.44,2,0,0,0,MEDIUM
11.74,61.5,144.99,183.34,1.49,-0.016,83.89,29.27,1,0,0,0,MEDIUM
15.18,88.59,169.38,177.57,1.07,-0.004,94.06,25.91,1,0,0,0,MEDIUM
2.14,22.08,85.05,130.4,1.17,0.109,77.38,28.58,1,0,0,0,LOW
11.84,32.83,103.1,282.19,1.6,-0.129,72.94,28.62,3,0,3,0,MEDIUM
10.34,25.81,87.96,264.09,1.12,0.235,78.82,25.98,4,0,2,2,HIGH
3.31,34.15,100.68,411.52,2.26,-0.019,81.26,36.36,2,0,0,0,MEDIUM
10.35,77.29,195.51,616.66,0.17,0.092,84.58,30.46,2,0,0,0,MEDIUM
17.78,76.15,145.58,274.18,0.93,-0.122,75.92,27.88,5,1,3,0,HIGH
2.35,46.64,69.63,162.18,1.4,0.183,75.76,24.87,4,0,0,2,HIGH
0.57,35.04,47.14,211.05,0.38,0.042,86.63,21.99,1,0,0,0,LOW
1.24,37.2,244.42,391.43,0.5,-0.087,53.45,29.15,3,0,2,0,MEDIUM
39.39,78.24,91.0,216.0,0.99,-0.103,73.1,31.05,4,0,0,2,HIGH
1.07,11.01,32.47,97.94,1.44,-0.133,72.82,24.67,1,0,0,0,LOW
6.42,50.02,146.54,248.33,1.03,0.136,69.22,24.58,1,0,0,0,MEDIUM
17.83,21.45,132.74,245.93,0.33,-0.078,77.46,29.59,1,0,0,0,LOW
7.03,45.82,125.06,235.23,0.46,0.02,90.61,33.67,3,0,2,0,MEDIUM
6.63,64.21,165.7,183.94,1.09,-0.17,72.13,26.0,3,0,2,0,MEDIUM
6.71,11.63,29.76,36.17,1.23,0.044,90.92,26.76,1,0,0,0,LOW
6.45,34.56,72.32,126.43,1.37,0.122,82.12,30.45,5,2,1,2,HIGH
4.81,49.71,161.29,198.79,1.23,0.048,87.61,34.43,1,0,0,0,LOW
4.73,55.66,89.58,225.83,1.8,0.221,87.49,30.97,1,0,0,0,MEDIUM
4.96,33.73,198.74,311.48,0.78,-0.106,71.58,27.95,2,0,0,0,LOW
11.84,22.43,119.18,283.53,0.71,0.358,61.84,28.65,1,0,0,0,MEDIUM
14.02,70.09,262.65,343.85,0.82,-0.023,73.42,31.3,1,0,0,0,MEDIUM
7.9,25.7,116.66,176.23,0.99,0.173,83.57,34.73,1,0,0,0,LOW
2.32,68.81,134.48,442.97,1.82,0.192,90.75,27.18,1,0,0,0,MEDIUM
6.76,48.3,79.68,159.46,0.63,-0.051,73.42,35.94,4,0,2,0,MEDIUM
19.53,22.49,55.64,183.32,1.38,0.146,73.32,28.25,2,0,0,0,MEDIUM
3.97,69.13,128.24,428.45,0.69,0.061,78.81,23.13,2,0,0,0,MEDIUM
11.48,38.26,97.98,280.84,0.9,0.205,74.91,25.63,3,0,3,0,HIGH
10.92,20.2,80.76,300.58,1.11,0.108,85.2,22.18,1,0,0,0,LOW
4.91,44.75,74.48,145.53,0.91,-0.193,79.14,27.32,1,0,0,0,LOW
1.07,12.93,75.48,290.87,0.57,-0.005,83.6,26.71,4,0,0,1,MEDIUM
2.74,62.45,191.98,232.97,1.36,-0.194,89.88,28.85,2,0,0,0,MEDIUM
8.0,32.34,47.45,146.48,1.07,-0.014,57.93,26.22,1,0,0,0,LOW
11.3,43.71,117.68,498.64,0.88,-0.134,100.0,25.46,5,1,1,2,HIGH
5.77,44.11,143.2,267.29,1.56,-0.125,71.17,27.12,2,0,0,0,MEDIUM
6.0,70.0,104.41,236.48,0.86,0.027,63.82,33.58,1,0,0,0,LOW
5.44,42.04,232.96,346.71,1.07,-0.057,70.0,30.61,2,0,0,0,MEDIUM
1.41,14.86,113.09,140.46,0.49,0.088,70.96,34.88,1,0,0,0,LOW
1.7,56.3,104.49,389.78,0.54,-0.01,93.62,31.75,3,0,2,0,MEDIUM
4.89,30.09,47.26,198.36,1.52,-0.15,83.18,22.05,2,0,0,0,MEDIUM
3.18,10.72,49.15,73.33,1.54,0.019,60.01,25.95,1,0,0,0,LOW
2.29,54.79,139.56,226.83,1.34,-0.062,71.6,31.59,4,0,1,0,MEDIUM
1.48,50.32,76.01,124.86,0.61,-0.134,85.21,33.28,1,0,0,0,LOW
10.53,101.57,144.34,297.78,1.3,0.117,78.95,29.99,1,0,0,0,MEDIUM
1.75,22.71,126.29,246.46,0.7,0.215,72.11,27.25,1,0,0,0,LOW
7.56,38.35,92.48,360.11,1.91,0.29,74.01,32.24,5,2,2,2,HIGH
14.51,53.58,60.96,86.65,0.9,0.021,88.13,27.07,1,0,0,0,LOW
8.34,58.81,176.92,280.0,0.87,-0.033,84.39,28.05,1,0,0,0,LOW
21.3,95.04,171.31,278.07,1.71,-0.011,71.17,31.75,4,0,2,2,HIGH
27.88,67.37,223.83,308.74,1.36,-0.031,94.33,27.63,1,0,0,0,MEDIUM
4.1,20.35,70.5,163.81,0.77,0.046,86.27,25.59,3,0,0,0,MEDIUM
10.18,60.46,70.57,185.08,0.05,-0.17,68.93,27.75,1,0,0,0,LOW
12.18,20.8,57.07,398.47,1.45,-0.033,88.52,26.99,1,0,0,0,LOW
6.49,84.03,102.69,245.34,1.2,0.106,73.05,31.92,4,0,2,2,HIGH
5.77,78.44,163.43,242.82,0.47,0.045,67.24,30.31,1,0,0,0,LOW
22.1,29.7,98.37,245.92,1.03,0.095,75.59,30.63,1,0,0,0,LOW
11.19,40.75,93.71,107.25,0.77,-0.328,76.49,30.24,4,0,3,2,HIGH
5.02,25.13,132.93,213.37,0.86,-0.213,82.97,32.8,1,0,0,0,LOW
13.72,117.09,188.08,483.77,0.66,-0.059,70.33,27.5,2,0,0,0,MEDIUM
8.96,20.26,48.73,136.68,1.61,0.084,76.79,31.08,1,0,0,0,LOW
13.24,64.9,112.74,282.9,0.46,0.13,77.79,34.12,1,0,0,0,LOW
4.15,105.88,210.06,385.18,0.05,0.095,62.61,27.32,3,0,1,0,MEDIUM
6.99,77.74,128.06,256.69,1.31,0.317,72.79,28.08,1,0,0,0,MEDIUM
0.75,45.88,95.35,251.36,1.58,-0.321,69.83,28.95,1,0,0,0,LOW
4.88,15.9,117.66,172.97,0.84,-0.196,78.68,24.75,4,0,3,2,HIGH
30.82,51.96,187.86,192.81,2.0,0.166,97.14,28.15,1,0,0,0,MEDIUM
15.45,32.92,42.31,137.36,0.82,-0.087,62.65,25.62,3,0,2,0,MEDIUM
3.54,26.52,237.78,415.87,1.27,0.439,87.09,29.51,2,0,0,0,HIGH
8.73,38.36,95.73,190.42,1.29,-0.129,81.29,25.29,2,0,0,0,MEDIUM
2.96,65.43,166.14,299.53,1.4,0.061,56.79,30.44,1,0,0,0,MEDIUM
3.28,25.16,34.18,224.64,1.3,0.093,81.61,27.02,3,0,1,0,MEDIUM
0.41,53.6,118.24,145.64,1.26,0.015,87.23,20.97,3,0,3,0,MEDIUM
6.26,44.72,106.2,311.99,1.3,0.221,73.59,19.18,1,0,0,0,MEDIUM
15.41,78.13,263.07,301.37,1.86,0.148,86.87,29.95,4,0,3,2,HIGH
7.32,18.82,28.32,85.19,1.05,-0.034,83.61,22.92,1,0,0,0,LOW
3.29,17.08,85.85,313.46,0.74,-0.008,80.18,32.66,4,0,3,1,HIGH
5.32,49.35,61.3,170.91,1.36,0.338,84.06,25.75,2,0,0,0,MEDIUM
5.89,45.72,48.6,145.17,0.62,-0.072,81.72,30.65,1,0,0,0,LOW
17.9,55.71,156.84,318.32,0.74,0.271,84.32,24.03,1,0,0,0,MEDIUM
14.68,57.98,171.1,236.66,0.7,0.199,69.86,31.13,1,0,0,0,LOW
6.95,25.9,68.84,118.13,1.1,0.216,56.55,25.27,2,0,0,0,MEDIUM
23.04,72.76,166.94,213.44,1.11,-0.063,57.34,34.71,1,0,0,0,MEDIUM
13.69,29.02,62.83,118.36,1.38,0.013,70.51,24.35,3,0,2,0,MEDIUM
1.88,75.69,191.53,257.18,0.51,0.046,67.13,31.05,1,0,0,0,LOW
3.93,35.94,51.49,111.43,1.5,0.181,73.39,27.47,1,0,0,0,MEDIUM
3.29,41.9,59.76,171.05,1.32,0.327,91.19,28.28,3,0,1,0,MEDIUM
21.07,59.2,135.31,332.05,0.86,0.215,81.03,30.89,1,0,0,0,MEDIUM
12.73,37.41,118.53,136.16,0.76,0.04,80.89,31.21,1,0,0,0,LOW
5.57,114.4,311.94,469.71,1.32,0.388,91.42,28.94,1,0,0,0,MEDIUM
2.59,77.04,226.72,365.29,0.23,-0.111,71.05,29.0,4,0,2,2,HIGH
5.96,35.98,93.01,482.69,0.47,-0.022,64.07,24.88,2,0,0,0,LOW
3.21,80.64,125.39,208.81,1.02,0.222,82.55,26.64,1,0,0,0,MEDIUM
19.26,68.72,181.28,262.35,0.87,0.141,80.23,30.78,3,0,2,0,HIGH
16.42,19.89,38.3,81.57,0.48,0.237,99.83,29.18,2,0,0,0,LOW
2.58,71.21,164.76,195.03,1.34,-0.279,90.94,30.74,3,0,1,0,MEDIUM
8.29,81.58,224.26,403.13,1.43,0.226,76.27,28.46,1,0,0,0,MEDIUM
19.13,48.05,277.27,358.95,1.02,-0.041,75.49,24.13,1,0,0,0,MEDIUM
1.97,33.42,149.61,550.3,0.93,0.14,56.54,25.97,2,0,0,0,MEDIUM
4.71,65.95,192.64,276.02,1.37,-0.038,49.19,31.8,1,0,0,0,LOW
7.57,26.93,87.22,247.35,1.0,0.104,71.38,25.56,1,0,0,0,MEDIUM
5.28,24.89,59.56,209.83,0.81,0.119,79.35,22.62,1,0,0,0,LOW
1.24,116.07,200.81,283.64,0.75,0.024,86.46,22.97,1,0,0,0,MEDIUM
7.83,51.71,216.56,317.72,1.23,0.076,100.0,28.06,1,0,0,0,MEDIUM
14.58,38.99,155.23,229.71,1.34,-0.001,87.88,27.54,2,0,0,0,MEDIUM
14.4,53.49,278.74,498.39,0.98,0.306,76.46,21.5,2,0,0,0,HIGH
20.13,64.17,155.96,207.32,0.75,0.026,84.38,27.39,2,0,0,0,MEDIUM
12.26,31.25,121.09,233.18,1.39,-0.004,88.9,22.65,2,0,0,0,MEDIUM
8.06,30.48,76.55,392.56,1.2,0.086,88.08,31.49,1,0,0,0,MEDIUM
6.85,19.78,46.16,353.25,1.0,0.069,100.0,26.81,2,0,0,0,MEDIUM
12.09,52.87,95.42,207.51,0.81,-0.244,66.57,29.04,4,0,3,2,HIGH
4.12,26.56,67.55,143.31,1.31,-0.039,71.54,26.82,1,0,0,0,LOW
1.28,29.4,125.75,306.57,1.31,-0.137,74.32,26.18,4,0,1,2,HIGH
1.49,70.41,112.07,225.69,1.11,0.221,90.44,30.09,4,0,2,2,HIGH
8.51,40.94,166.44,257.07,0.84,-0.005,100.0,28.25,1,0,0,0,LOW
10.75,35.7,86.78,263.58,1.35,0.139,80.54,19.66,1,0,0,0,MEDIUM
4.93,66.45,134.92,173.13,1.67,-0.095,75.45,28.26,1,0,0,0,LOW
7.26,50.96,122.43,184.37,0.17,0.165,68.31,29.0,1,0,0,0,LOW
3.88,24.95,91.28,210.07,0.64,0.066,95.1,35.97,1,0,0,0,LOW
1.61,24.08,89.14,174.89,0.59,0.328,67.74,31.24,2,0,0,0,LOW
9.55,47.47,138.46,395.12,0.37,-0.035,78.01,24.75,1,0,0,0,LOW
13.19,38.82,145.8,158.36,0.59,-0.196,76.68,25.63,2,0,0,0,LOW
30.89,54.29,124.62,276.85,0.89,-0.012,77.34,33.91,1,0,0,0,LOW
8.07,110.41,168.21,250.24,0.75,0.157,100.0,29.03,1,0,0,0,MEDIUM
5.4,51.04,126.6,185.41,0.82,-0.051,76.75,31.17,1,0,0,0,LOW
10.06,68.4,162.62,355.85,0.15,0.082,85.84,36.28,1,0,0,0,LOW
15.47,28.39,55.96,226.0,1.49,-0.064,54.28,26.97,1,0,0,0,LOW
10.01,56.36,286.48,309.41,1.27,0.029,86.15,31.69,2,0,0,0,MEDIUM
10.57,26.82,72.09,98.48,0.89,-0.104,90.56,35.41,4,0,1,0,MEDIUM
2.58,18.91,120.39,260.79,1.46,0.099,69.11,29.32,2,0,0,0,MEDIUM
4.81,12.38,114.44,235.99,1.51,-0.038,79.15,31.47,2,0,0,0,MEDIUM
1.78,67.14,199.34,294.72,0.16,0.083,70.6,26.25,3,0,1,0,MEDIUM
1.99,47.44,81.01,642.11,1.16,-0.028,75.62,34.48,1,0,0,0,LOW
10.64,60.2,121.56,137.81,0.39,0.138,86.5,30.01,1,0,0,0,LOW
1.15,19.86,97.82,172.38,0.97,0.037,76.76,34.99,1,0,0,0,LOW
5.2,43.16,79.86,89.11,1.05,0.043,74.54,27.91,2,0,0,0,MEDIUM
15.04,25.29,106.27,200.18,0.64,0.012,79.29,32.96,1,0,0,0,LOW
9.98,41.77,100.78,327.14,1.25,-0.126,78.8,25.81,2,0,0,0,MEDIUM
18.32,137.89,180.47,217.38,1.11,-0.06,85.02,36.67,1,0,0,0,MEDIUM
4.4,24.36,131.95,159.68,1.45,-0.18,81.85,33.23,2,0,0,0,MEDIUM
6.23,20.81,350.67,602.8,0.51,0.207,74.84,25.95,4,0,2,1,HIGH
5.88,46.47,132.47,233.66,1.2,0.133,80.03,29.9,1,0,0,0,LOW
17.65,84.31,190.75,395.64,1.21,-0.164,93.7,23.25,2,0,0,0,MEDIUM
8.22,30.89,93.86,144.83,0.69,0.031,78.37,27.14,3,0,0,0,MEDIUM
0.92,21.33,136.33,245.63,0.64,0.094,100.0,31.08,1,0,0,0,LOW
2.2,70.95,104.5,144.47,0.83,-0.05,71.34,29.34,1,0,0,0,LOW
1.21,19.0,45.79,169.81,0.87,-0.216,62.66,25.81,1,0,0,0,LOW
11.75,57.49,103.12,120.95,1.24,0.063,65.96,27.62,1,0,0,0,LOW
4.22,16.83,49.7,108.16,0.38,0.103,89.2,31.12,1,0,0,0,LOW
1.31,38.79,123.84,413.92,1.06,0.341,80.95,29.95,1,0,0,0,MEDIUM
14.53,29.33,105.21,275.18,0.61,-0.149,86.41,22.22,1,0,0,0,LOW
18.08,55.06,128.11,209.56,1.27,-0.116,91.85,25.59,2,0,0,0,MEDIUM
13.9,63.01,82.25,217.82,0.6,0.113,83.87,35.41,1,0,0,0,LOW
9.1,78.07,109.22,173.53,1.56,-0.03,87.45,28.19,1,0,0,0,MEDIUM
15.36,27.92,74.3,142.38,0.6,-0.118,87.26,26.99,5,2,1,1,HIGH
8.43,30.98,84.01,129.68,0.46,0.004,85.04,28.36,1,0,0,0,LOW
2.11,23.43,89.99,143.17,0.7,0.272,85.79,26.87,2,0,0,0,LOW
0.41,39.79,120.38,128.04,1.35,0.103,84.7,28.02,1,0,0,0,LOW
13.16,35.81,49.53,107.23,0.74,0.088,73.98,25.28,3,0,0,0,MEDIUM
8.52,25.82,106.66,242.28,1.32,0.021,67.67,33.31,4,0,1,0,MEDIUM
6.65,65.94,147.61,290.43,1.04,-0.203,72.38,32.3,3,0,2,0,MEDIUM
14.76,43.06,69.76,145.33,1.81,0.186,74.1,30.09,1,0,0,0,MEDIUM
1.88,47.19,215.07,265.14,0.49,0.064,73.3,27.22,1,0,0,0,MEDIUM
15.96,80.53,110.9,121.22,0.47,0.058,61.42,30.26,3,0,0,0,MEDIUM
16.84,195.76,248.72,281.17,0.22,0.266,73.8,33.78,2,0,0,0,MEDIUM
5.3,74.0,136.01,194.31,1.39,0.119,63.18,30.16,2,0,0,0,MEDIUM
17.32,58.47,106.38,224.69,1.1,0.038,81.61,28.55,4,0,3,1,HIGH
1.77,27.54,62.43,165.74,0.45,0.309,76.13,27.62,1,0,0,0,LOW
3.56,24.65,111.31,233.99,1.5,-0.165,70.12,33.91,1,0,0,0,LOW
2.52,12.8,36.96,97.68,1.73,-0.102,72.42,31.3,1,0,0,0,LOW
3.76,18.94,73.0,306.78,0.34,-0.02,79.98,33.69,1,0,0,0,LOW
3.53,18.0,95.58,229.29,0.08,0.105,94.28,28.17,1,0,0,0,LOW
5.16,50.81,82.71,247.74,1.52,0.033,77.75,25.45,1,0,0,0,MEDIUM
7.5,43.52,86.98,186.48,0.28,0.359,94.46,26.0,1,0,0,0,LOW
5.5,49.14,71.17,126.14,1.15,0.037,68.83,27.8,1,0,0,0,LOW
7.03,42.9,105.99,160.47,1.7,-0.393,84.22,34.18,3,0,2,0,MEDIUM
13.16,60.53,132.06,404.83,1.59,0.096,69.67,31.16,1,0,0,0,MEDIUM
7.08,55.61,111.35,231.1,0.9,0.185,85.76,35.87,4,0,2,2,HIGH
5.11,76.18,134.62,431.02,0.57,0.061,71.02,31.38,2,0,0,0,MEDIUM
7.01,55.32,86.39,141.17,1.29,0.019,93.66,31.76,1,0,0,0,MEDIUM
18.43,27.84,152.8,299.8,0.86,-0.083,64.07,28.68,1,0,0,0,LOW
8.44,66.38,81.75,281.03,1.05,-0.165,92.41,27.33,1,0,0,0,LOW
24.5,69.56,162.37,252.76,1.25,0.111,70.86,27.32,1,0,0,0,LOW
7.2,45.1,69.23,99.05,1.47,0.158,81.15,28.01,5,2,0,1,HIGH
4.95,36.62,224.71,407.7,0.44,-0.03,70.27,26.92,2,0,0,0,MEDIUM
0.71,65.33,107.92,133.53,1.05,0.022,80.18,33.01,2,0,0,0,MEDIUM
12.39,101.37,204.02,305.39,1.1,0.17,74.63,28.44,1,0,0,0,MEDIUM
0.73,136.7,224.43,246.14,0.36,0.324,66.37,27.16,1,0,0,0,MEDIUM
5.81,67.92,199.44,367.48,0.41,0.165,89.62,35.13,1,0,0,0,LOW
0.57,29.06,75.46,177.79,1.08,-0.086,67.7,34.51,2,0,0,0,LOW
16.03,55.59,117.56,255.41,1.08,0.209,79.93,31.54,1,0,0,0,MEDIUM
15.03,19.92,120.47,330.33,1.17,0.275,75.91,35.5,2,0,0,0,MEDIUM
6.79,75.24,110.01,137.88,1.0,0.239,68.58,27.04,3,0,3,0,HIGH
11.43,31.5,76.22,297.72,1.64,0.087,79.24,28.63,2,0,0,0,MEDIUM
4.59,29.05,211.73,338.95,1.73,-0.011,72.83,26.76,2,0,0,0,MEDIUM
1.99,49.01,64.82,324.11,0.98,0.002,67.23,36.18,1,0,0,0,LOW
1.2,21.38,71.61,232.52,0.91,0.048,60.22,23.56,1,0,0,0,LOW
6.04,14.83,39.37,168.67,0.78,0.233,76.04,28.96,2,0,0,0,LOW
5.43,53.28,148.52,291.51,1.14,0.055,68.06,26.59,1,0,0,0,MEDIUM
7.04,42.36,81.37,127.86,0.62,0.143,68.96,25.08,1,0,0,0,LOW
2.55,36.08,124.09,144.13,0.9,-0.11,84.9,23.25,1,0,0,0,LOW
2.04,19.22,42.87,98.25,0.46,-0.001,74.96,29.55,1,0,0,0,LOW
15.27,70.95,111.35,114.17,1.52,0.122,79.59,33.2,1,0,0,0,MEDIUM
7.97,22.15,183.81,302.03,0.62,0.132,84.26,31.22,3,0,3,0,MEDIUM
10.81,44.02,94.52,112.7,0.69,0.184,68.41,25.77,2,0,0,0,LOW
6.05,44.52,159.07,301.81,0.78,-0.052,82.13,34.65,1,0,0,0,LOW
6.41,46.42,165.05,286.52,2.16,0.153,67.6,34.67,3,0,3,0,HIGH
6.39,109.62,172.74,344.5,0.84,0.123,85.96,31.05,2,0,0,0,MEDIUM
10.78,33.86,99.08,107.62,0.88,-0.267,100.0,30.49,1,0,0,0,LOW
6.42,34.8,142.33,200.12,0.85,-0.062,66.11,27.09,4,0,0,2,HIGH
13.66,74.93,167.89,330.68,0.95,-0.013,67.65,25.21,1,0,0,0,MEDIUM
3.19,22.33,52.52,263.05,0.7,0.351,85.1,33.82,3,0,0,0,MEDIUM
1.46,52.02,210.32,325.33,0.98,0.139,77.34,26.92,2,0,0,0,MEDIUM
4.72,26.77,60.29,182.76,0.95,0.006,65.53,25.53,1,0,0,0,LOW
14.69,90.86,214.67,224.62,1.28,-0.071,72.75,27.16,1,0,0,0,MEDIUM
8.63,38.21,93.25,265.61,0.39,-0.102,100.0,34.51,4,0,0,1,MEDIUM
1.15,34.34,67.2,207.45,1.5,-0.037,71.91,27.14,3,0,1,0,MEDIUM
10.38,33.35,227.95,602.61,0.81,0.061,90.77,28.3,1,0,0,0,MEDIUM
5.87,99.73,302.0,408.11,1.12,0.122,61.43,24.59,1,0,0,0,MEDIUM
1.52,69.71,85.87,222.49,0.69,0.061,76.63,26.71,1,0,0,0,LOW
11.13,18.61,95.79,153.5,0.69,0.176,91.18,26.91,2,0,0,0,MEDIUM
3.13,23.06,100.09,137.36,0.64,-0.019,76.62,31.83,1,0,0,0,LOW
10.46,61.06,107.56,151.2,0.88,0.128,65.56,30.33,1,0,0,0,LOW
6.64,22.47,47.26,247.44,1.1,0.05,84.54,31.94,3,0,2,0,MEDIUM
3.66,55.55,81.21,190.42,1.17,-0.099,75.3,32.26,1,0,0,0,LOW
4.12,30.72,56.2,106.74,0.43,0.202,86.3,25.21,4,0,3,1,HIGH
1.12,19.65,72.74,279.75,1.56,-0.086,78.22,22.68,1,0,0,0,LOW
7.58,72.58,154.18,301.99,0.58,0.13,88.68,23.19,1,0,0,0,MEDIUM
5.88,28.48,154.89,238.69,0.94,0.071,87.26,23.22,1,0,0,0,LOW
5.63,14.87,76.87,125.86,1.14,0.119,66.54,26.75,1,0,0,0,LOW
5.55,61.71,80.28,140.05,0.69,-0.115,85.06,35.21,3,0,3,0,MEDIUM
6.85,174.48,378.93,406.54,1.11,-0.09,64.52,26.54,1,0,0,0,MEDIUM
3.4,27.39,84.34,116.65,0.81,-0.045,84.51,24.52,1,0,0,0,LOW
1.11,31.49,51.67,128.1,0.71,0.121,81.46,29.73,1,0,0,0,LOW
7.22,16.59,108.04,264.83,0.77,0.065,85.59,30.66,1,0,0,0,LOW
12.03,43.96,54.15,359.69,0.66,0.143,49.71,27.33,1,0,0,0,LOW
13.27,81.68,233.17,307.71,1.25,-0.05,62.05,27.98,1,0,0,0,MEDIUM
12.12,49.59,92.85,145.54,0.16,0.122,82.94,29.58,1,0,0,0,LOW
7.35,29.01,164.58,283.22,0.22,0.223,81.37,29.76,1,0,0,0,LOW
7.29,26.1,67.21,280.69,0.22,0.07,82.17,28.78,1,0,0,0,LOW
2.55,70.49,195.54,408.34,0.76,-0.016,67.59,30.77,2,0,0,0,MEDIUM
2.3,93.79,172.34,231.88,1.38,0.111,75.11,27.94,1,0,0,0,MEDIUM
12.88,26.69,103.62,360.15,0.58,0.072,80.64,34.26,1,0,0,0,LOW
10.07,46.58,153.05,339.78,0.93,-0.154,64.25,34.17,2,0,0,0,LOW
2.07,46.14,112.63,337.58,0.53,-0.031,88.98,33.42,3,0,1,0,MEDIUM
10.25,146.3,248.45,359.71,1.27,-0.232,68.72,29.12,1,0,0,0,MEDIUM
6.86,22.25,123.85,136.71,1.25,-0.061,83.07,30.59,3,0,3,0,MEDIUM
3.43,56.68,100.04,162.52,1.11,0.103,91.34,30.06,2,0,0,0,MEDIUM
9.84,33.78,94.64,358.04,0.05,-0.046,77.9,27.89,4,0,0,0,MEDIUM
3.95,82.19,95.59,114.25,0.84,0.288,73.32,32.98,1,0,0,0,LOW
8.98,40.73,185.14,418.95,0.89,0.037,89.67,33.6,1,0,0,0,MEDIUM
7.79,38.72,82.53,133.07,1.54,0.09,67.44,30.12,2,0,0,0,MEDIUM
1.69,64.94,131.92,168.37,0.73,-0.106,90.26,26.89,1,0,0,0,LOW
5.18,106.19,269.64,341.9,1.57,-0.034,83.62,29.77,1,0,0,0,MEDIUM
9.36,37.64,119.95,157.43,0.55,0.1,64.03,22.82,1,0,0,0,LOW
15.05,38.91,252.9,300.81,0.7,-0.002,77.77,26.22,3,0,3,0,MEDIUM
7.2,23.19,76.09,100.03,1.53,-0.098,73.05,30.24,4,0,0,2,HIGH
13.28,29.72,42.04,112.39,0.15,0.012,91.27,26.78,2,0,0,0,LOW
2.55,41.08,71.69,197.4,1.09,-0.058,58.27,24.74,3,0,1,0,MEDIUM
10.24,32.93,80.23,189.93,1.3,0.058,92.76,30.02,5,3,2,0,HIGH
4.34,31.11,64.67,114.28,1.29,0.047,88.03,28.5,1,0,0,0,LOW
14.28,45.74,116.63,123.24,0.93,0.08,78.88,32.23,3,0,0,0,MEDIUM
16.15,57.45,139.73,209.47,0.36,0.185,59.19,28.91,1,0,0,0,LOW
24.49,77.45,169.25,335.99,1.19,-0.181,64.85,32.89,3,0,1,0,MEDIUM
19.84,62.54,156.09,223.58,0.81,0.045,79.91,28.74,1,0,0,0,MEDIUM
5.09,93.27,171.03,278.06,0.33,-0.326,82.53,32.27,5,1,3,0,HIGH
0.48,13.76,102.04,194.71,0.9,-0.079,85.77,27.86,1,0,0,0,LOW
9.75,68.24,85.5,229.59,1.23,0.074,64.61,34.27,2,0,0,0,LOW
8.67,57.08,232.38,249.58,0.88,0.018,83.01,25.0,2,0,0,0,MEDIUM
21.56,61.68,165.5,410.43,1.53,-0.009,66.69,26.5,2,0,0,0,MEDIUM
5.77,57.2,77.43,195.97,0.62,-0.1,54.31,29.29,2,0,0,0,LOW
7.23,85.03,220.77,287.4,0.88,0.107,69.59,26.73,3,0,1,0,HIGH
6.9,135.77,178.44,233.09,0.57,-0.229,80.05,31.22,4,0,2,0,HIGH
13.9,82.69,155.53,306.35,0.99,-0.068,83.54,40.0,1,0,0,0,LOW
9.88,42.58,192.71,286.54,1.35,0.079,80.21,33.43,5,1,1,0,HIGH
6.95,25.2,78.38,181.01,2.25,-0.035,92.68,33.77,1,0,0,0,MEDIUM
11.62,42.74,86.52,190.35,0.62,-0.08,59.4,24.92,1,0,0,0,LOW
17.56,97.45,128.4,236.66,1.38,0.019,75.42,27.08,2,0,0,0,MEDIUM
3.3,25.2,82.08,102.54,1.78,-0.167,71.9,27.75,1,0,0,0,LOW
1.29,50.84,58.15,115.45,0.05,0.247,63.2,30.03,4,0,3,1,MEDIUM
6.73,16.6,126.41,218.88,1.83,0.028,79.35,35.25,3,0,2,0,HIGH
4.28,26.82,77.32,133.92,1.12,0.11,79.67,38.55,3,0,2,0,MEDIUM
0.89,45.04,232.99,237.02,0.98,0.131,86.1,29.9,3,0,3,0,HIGH
10.91,34.62,87.2,126.61,0.4,0.052,76.68,26.6,5,2,0,2,HIGH
14.1,45.64,99.7,174.94,1.1,0.137,72.32,27.26,3,0,3,0,MEDIUM
10.18,47.62,89.85,264.26,1.48,0.228,82.35,28.61,2,0,0,0,MEDIUM
3.72,26.07,170.41,214.88,0.34,-0.097,60.15,34.53,1,0,0,0,LOW
15.28,38.79,78.45,111.64,0.52,0.121,71.56,24.47,1,0,0,0,LOW
0.87,37.51,58.22,69.89,0.92,0.157,74.24,23.98,2,0,0,0,MEDIUM
2.18,31.66,53.87,218.61,0.52,-0.11,70.69,34.11,4,0,0,0,MEDIUM
17.66,47.92,159.27,295.04,0.89,0.226,94.89,26.15,2,0,0,0,MEDIUM
10.11,26.4,36.13,45.36,1.17,0.0,85.93,32.38,1,0,0,0,LOW
13.17,37.42,120.16,246.85,0.49,0.148,68.13,33.28,1,0,0,0,LOW
14.06,43.77,85.05,170.46,0.52,-0.165,75.62,28.43,1,0,0,0,LOW
9.63,39.65,217.83,278.56,1.05,0.261,59.0,30.87,1,0,0,0,MEDIUM
2.11,46.37,48.02,115.54,1.48,0.064,75.12,26.49,4,0,0,0,MEDIUM
4.72,20.66,43.52,161.4,1.01,0.005,87.52,23.55,1,0,0,0,LOW
4.97,8.17,44.71,360.18,0.94,0.102,60.84,26.95,2,0,0,0,LOW
3.86,32.77,138.0,251.22,0.72,0.153,100.0,26.11,4,0,1,1,HIGH
10.55,47.28,98.59,111.31,0.62,0.054,76.48,28.68,3,0,3,0,MEDIUM
7.5,40.57,148.39,230.04,0.97,0.035,47.07,33.27,4,0,3,0,HIGH
15.22,30.85,62.93,114.45,0.4,0.101,58.37,24.62,1,0,0,0,LOW
4.12,18.1,200.09,337.22,1.03,0.016,81.58,29.55,1,0,0,0,LOW
10.9,24.53,98.49,179.64,0.6,0.097,70.41,30.22,1,0,0,0,LOW
14.91,49.53,127.1,339.12,0.05,0.203,67.03,34.37,4,0,3,0,MEDIUM
0.75,25.76,125.47,293.53,0.41,0.151,74.62,28.09,3,0,3,0,MEDIUM
7.83,33.3,63.48,155.98,1.07,0.214,86.86,24.89,1,0,0,0,LOW
22.52,52.68,84.73,149.19,1.49,-0.002,80.22,28.9,1,0,0,0,MEDIUM
0.12,55.35,89.86,139.53,0.93,-0.169,82.87,21.67,4,0,1,0,MEDIUM
2.71,30.33,95.43,109.25,1.23,-0.036,75.47,29.28,1,0,0,0,LOW
6.63,35.11,64.93,170.16,1.13,0.151,87.66,28.67,1,0,0,0,LOW
3.58,76.95,190.93,232.84,1.01,-0.155,87.7,28.33,2,0,0,0,MEDIUM
7.77,32.67,73.67,144.43,0.8,-0.036,52.54,29.82,1,0,0,0,LOW
8.17,60.83,176.51,337.2,1.12,-0.061,78.73,24.33,4,0,3,2,HIGH
12.7,27.01,105.52,155.02,1.13,0.146,81.62,31.79,4,0,3,1,HIGH
7.29,55.79,105.82,161.71,0.53,0.173,82.47,28.39,1,0,0,0,LOW
18.91,182.49,240.18,311.03,0.94,0.058,77.46,32.79,1,0,0,0,MEDIUM
7.4,46.84,77.38,273.86,0.97,-0.007,89.22,31.09,1,0,0,0,LOW
2.86,101.57,223.27,226.48,1.45,-0.046,75.41,28.88,1,0,0,0,MEDIUM
3.24,12.79,71.36,122.25,0.21,0.056,67.57,29.46,3,0,3,0,MEDIUM
4.06,60.07,87.75,266.08,1.0,0.121,97.99,27.27,5,1,1,2,HIGH
20.09,41.93,72.7,112.25,0.64,0.104,53.09,27.17,1,0,0,0,LOW
2.95,14.79,122.82,142.87,0.87,-0.155,85.73,24.68,2,0,0,0,LOW
4.48,52.99,131.29,265.76,0.85,-0.033,89.59,26.26,2,0,0,0,MEDIUM
8.67,26.58,71.66,180.27,0.56,0.214,73.06,21.68,1,0,0,0,LOW
6.02,46.83,75.64,169.6,1.61,0.152,68.67,32.43,5,3,1,0,HIGH
12.62,36.33,262.78,434.77,0.31,-0.041,84.63,30.79,1,0,0,0,LOW
3.27,28.85,86.24,129.37,1.19,0.129,72.53,28.33,1,0,0,0,LOW
7.03,40.78,85.78,136.38,1.02,0.051,58.15,25.55,1,0,0,0,LOW
5.57,84.84,169.45,240.66,1.01,0.21,71.73,29.5,3,0,3,0,HIGH
4.59,88.96,187.18,478.79,1.59,0.054,74.8,29.31,2,0,0,0,MEDIUM
1.98,14.09,56.07,147.2,0.92,0.045,69.54,30.56,5,2,1,2,HIGH
14.94,38.86,72.3,118.01,0.94,0.009,84.12,30.4,1,0,0,0,LOW
4.28,143.0,192.72,233.82,1.06,0.351,58.99,29.31,1,0,0,0,MEDIUM
3.1,23.7,53.74,197.25,0.46,0.048,67.94,33.93,4,0,2,2,HIGH
4.91,83.5,103.22,182.58,0.93,-0.165,92.15,30.74,2,0,0,0,LOW
2.76,55.66,148.57,338.02,0.78,-0.198,71.41,29.1,1,0,0,0,LOW
12.68,129.2,206.05,294.09,0.71,0.065,80.27,28.46,1,0,0,0,MEDIUM
3.67,40.16,63.27,143.98,0.47,0.161,92.77,27.72,3,0,2,0,MEDIUM
17.41,88.97,107.66,148.13,1.56,-0.159,91.0,27.51,1,0,0,0,MEDIUM
2.77,73.76,184.98,563.89,1.72,0.167,86.05,33.66,5,2,3,2,HIGH
1.15,12.01,54.97,125.25,0.26,-0.064,74.01,32.05,4,0,0,0,LOW
18.4,22.86,99.78,190.04,1.36,0.276,84.76,25.04,1,0,0,0,LOW
1.87,30.53,66.14,112.16,1.43,0.035,88.64,26.67,3,0,2,0,MEDIUM
1.1,24.2,98.06,147.39,1.31,0.173,90.68,24.3,1,0,0,0,LOW
3.89,28.32,211.22,506.0,0.96,0.229,81.45,22.51,2,0,0,0,MEDIUM
15.58,73.87,125.88,192.98,1.32,0.052,99.15,27.91,1,0,0,0,MEDIUM
10.79,38.34,106.72,144.91,0.52,0.21,75.83,26.96,1,0,0,0,LOW
5.16,26.96,51.82,194.16,0.72,0.025,81.73,28.26,3,0,1,0,MEDIUM
11.29,36.96,106.4,190.72,1.31,-0.01,67.63,31.45,1,0,0,0,LOW
1.57,17.79,108.4,177.36,0.5,0.23,70.88,29.6,1,0,0,0,LOW
0.78,39.69,159.99,418.52,1.15,-0.03,91.44,34.28,2,0,0,0,MEDIUM
3.7,82.4,167.27,282.22,0.97,0.055,95.46,32.44,1,0,0,0,LOW
4.69,56.34,72.23,305.79,1.68,0.139,55.36,28.19,1,0,0,0,MEDIUM
6.86,57.98,115.2,278.48,1.08,-0.064,78.55,28.22,3,0,1,0,MEDIUM
4.51,51.01,95.88,125.02,0.18,0.302,86.1,25.48,3,0,1,0,MEDIUM
8.83,58.42,157.25,287.42,0.24,-0.094,72.82,31.83,1,0,0,0,LOW
17.07,51.72,144.2,356.4,1.72,0.01,85.86,24.2,1,0,0,0,MEDIUM
6.26,54.58,71.54,102.95,1.17,0.197,65.27,29.06,1,0,0,0,LOW
6.17,35.09,98.98,233.97,1.06,0.15,68.14,29.04,1,0,0,0,LOW
11.88,45.13,95.47,122.73,0.05,0.228,64.02,30.65,1,0,0,0,LOW
5.53,6.93,79.5,105.87,1.47,-0.027,74.04,23.48,1,0,0,0,LOW
4.8,48.6,198.04,250.12,1.05,0.031,81.88,23.14,4,0,2,2,HIGH
7.4,46.31,64.63,360.32,1.3,-0.137,79.97,24.01,1,0,0,0,LOW
3.47,31.78,61.74,285.27,1.24,-0.102,78.99,23.77,1,0,0,0,LOW
0.68,112.66,179.06,312.53,1.15,0.137,70.56,29.95,1,0,0,0,MEDIUM
13.62,29.98,194.06,337.34,0.96,0.16,92.8,24.89,1,0,0,0,MEDIUM
14.53,42.52,212.09,373.23,0.3,-0.119,95.71,24.19,1,0,0,0,LOW
3.75,26.44,149.2,468.21,0.43,0.028,86.78,26.7,1,0,0,0,LOW
23.15,30.66,133.43,338.89,0.83,0.079,90.08,29.57,4,0,1,1,HIGH
6.47,53.8,176.48,201.14,0.25,0.012,85.83,34.17,1,0,0,0,LOW
7.72,13.08,104.71,173.63,1.31,-0.082,72.66,29.93,1,0,0,0,LOW
12.32,38.81,100.83,186.83,0.86,0.157,89.21,26.51,2,0,0,0,MEDIUM
5.05,11.21,63.58,210.6,0.86,-0.005,78.69,25.55,2,0,0,0,LOW
2.47,22.28,81.41,155.15,0.05,0.019,65.6,38.34,2,0,0,0,LOW
8.92,138.65,212.47,391.75,1.2,0.252,62.93,23.3,3,0,2,0,HIGH
0.97,18.54,72.47,116.38,0.77,0.082,79.63,26.31,4,0,1,0,MEDIUM
4.88,54.0,60.5,176.79,1.09,0.072,87.55,34.09,1,0,0,0,LOW
2.96,46.75,96.46,222.98,0.88,-0.116,94.79,29.91,1,0,0,0,LOW
6.49,32.33,95.25,295.5,1.51,0.216,89.37,29.76,1,0,0,0,LOW
9.99,54.49,104.77,233.98,1.18,-0.257,72.05,33.57,1,0,0,0,LOW
14.9,101.74,154.87,280.19,0.88,0.179,76.67,30.54,2,0,0,0,MEDIUM
4.58,36.52,110.61,242.4,0.53,0.17,79.04,25.65,2,0,0,0,MEDIUM
13.13,27.6,70.48,120.37,1.7,-0.109,78.67,31.96,1,0,0,0,LOW
4.34,103.82,141.19,212.48,1.2,-0.03,78.39,30.12,2,0,0,0,MEDIUM
15.59,37.17,153.51,275.5,0.6,0.277,75.24,26.93,3,0,3,0,HIGH
1.92,20.68,43.06,211.82,0.67,0.066,64.36,29.97,2,0,0,0,LOW
19.64,74.18,101.38,158.8,1.02,-0.056,66.38,25.03,3,0,2,0,MEDIUM
14.75,23.46,122.17,393.97,1.64,0.073,55.12,31.36,1,0,0,0,MEDIUM
11.51,65.94,81.27,251.25,0.79,-0.108,69.75,24.1,4,0,3,2,HIGH
5.12,25.92,69.6,233.33,0.53,0.111,72.06,31.89,5,3,3,1,HIGH
3.8,7.15,108.81,164.9,1.26,-0.035,82.78,31.24,1,0,0,0,LOW
12.56,46.03,74.97,156.2,0.43,0.077,74.63,24.21,1,0,0,0,LOW
2.72,26.55,119.42,158.12,1.31,-0.33,74.41,33.38,3,0,2,0,MEDIUM
16.19,52.74,148.47,272.75,0.28,0.337,79.31,28.35,1,0,0,0,LOW
10.55,94.33,148.16,285.12,0.93,-0.03,61.62,30.13,1,0,0,0,LOW
36.62,62.57,81.12,254.0,0.05,-0.255,91.89,33.05,3,0,2,0,MEDIUM
10.37,69.65,157.2,256.55,1.19,0.001,76.05,23.58,1,0,0,0,LOW
2.97,13.21,36.58,158.78,1.2,-0.091,77.95,21.11,1,0,0,0,LOW
7.2,55.62,95.88,141.91,1.0,0.127,74.23,28.84,1,0,0,0,LOW
4.29,18.93,92.47,231.3,0.54,0.009,68.22,25.36,3,0,2,0,MEDIUM
0.43,27.94,36.3,242.06,0.58,0.104,89.78,26.75,3,0,2,0,MEDIUM
8.68,43.08,62.2,192.64,1.25,0.015,88.17,31.55,2,0,0,0,MEDIUM
3.65,16.86,77.14,139.07,0.17,0.205,76.0,20.73,3,0,0,0,MEDIUM
6.32,12.92,26.04,250.81,1.02,0.003,90.43,26.85,1,0,0,0,LOW
14.21,28.63,57.48,124.65,1.1,0.228,87.6,29.6,1,0,0,0,LOW
5.37,41.09,70.28,192.27,0.9,0.202,75.13,36.38,1,0,0,0,LOW
8.36,26.85,121.92,337.82,0.64,0.017,73.83,31.58,1,0,0,0,LOW
6.97,104.09,154.57,330.57,0.85,0.076,70.6,31.04,2,0,0,0,MEDIUM
6.43,34.91,231.94,296.62,1.26,0.0,79.85,29.24,1,0,0,0,MEDIUM
22.75,49.78,115.42,151.93,1.24,-0.081,70.46,31.6,2,0,0,0,LOW
4.4,18.39,71.19,138.39,0.18,0.049,84.04,24.73,1,0,0,0,LOW
33.17,58.17,127.47,239.73,0.85,0.132,71.92,34.01,4,0,2,1,HIGH
7.18,41.72,113.01,214.0,1.08,-0.004,74.14,31.16,1,0,0,0,LOW
12.04,110.16,212.47,296.93,0.21,-0.02,81.65,30.7,1,0,0,0,LOW
5.31,13.23,131.69,204.41,0.93,0.168,80.0,35.33,1,0,0,0,LOW
3.24,29.47,85.39,268.98,0.98,-0.024,76.13,36.78,1,0,0,0,LOW
13.38,56.69,119.9,256.51,0.68,-0.197,61.86,27.5,1,0,0,0,LOW
20.08,53.62,105.44,234.93,0.48,-0.159,99.89,25.81,4,0,2,0,HIGH
20.77,55.4,134.79,227.04,0.59,0.075,59.83,29.78,1,0,0,0,LOW
19.2,37.16,57.88,113.54,0.91,-0.026,70.26,21.51,1,0,0,0,LOW
13.06,23.94,76.71,288.39,0.77,-0.235,95.63,28.85,1,0,0,0,LOW
11.22,21.65,58.67,160.05,0.51,-0.015,83.25,27.33,4,0,2,2,HIGH
12.11,40.81,110.18,304.53,1.02,0.156,53.64,28.57,2,0,0,0,MEDIUM
1.18,58.72,156.36,292.71,0.78,-0.277,67.91,32.08,3,0,2,0,MEDIUM
1.84,21.61,31.51,127.38,1.84,0.127,84.66,33.21,1,0,0,0,MEDIUM
1.82,42.63,127.33,225.06,1.36,0.047,73.77,34.03,2,0,0,0,MEDIUM
6.95,35.16,175.25,322.7,1.34,-0.002,88.24,26.5,4,0,0,0,HIGH
8.24,39.85,99.21,274.06,1.42,0.349,65.86,30.59,1,0,0,0,MEDIUM
7.49,32.26,58.29,115.3,1.24,0.024,71.93,25.02,1,0,0,0,LOW
2.7,48.69,65.85,98.38,1.94,-0.118,72.51,32.2,1,0,0,0,LOW
5.97,31.02,52.79,192.43,1.29,0.218,75.55,27.08,2,0,0,0,MEDIUM
4.63,41.34,76.37,193.92,1.49,0.035,57.06,29.76,2,0,0,0,MEDIUM
11.87,26.34,139.43,213.7,1.4,-0.056,88.27,28.9,1,0,0,0,LOW
4.33,40.06,47.47,301.01,1.59,0.038,71.04,32.41,1,0,0,0,LOW
0.71,40.24,51.98,187.69,0.49,0.244,65.84,28.75,1,0,0,0,LOW
11.46,93.42,134.2,238.24,0.41,-0.33,74.77,34.97,1,0,0,0,LOW
12.98,65.16,230.04,285.62,1.06,0.111,81.72,32.61,4,0,0,2,HIGH
0.73,59.67,185.32,227.71,1.72,0.121,87.33,32.79,1,0,0,0,MEDIUM
6.37,83.6,144.87,293.97,0.95,-0.066,62.98,32.04,2,0,0,0,MEDIUM
7.99,18.01,89.73,369.35,0.94,0.009,71.85,31.18,1,0,0,0,LOW
4.66,21.0,75.7,146.09,1.48,0.06,90.32,26.76,1,0,0,0,LOW
18.54,51.9,107.9,152.2,0.85,0.158,59.33,34.83,2,0,0,0,LOW
18.05,53.16,65.92,237.9,1.47,0.095,67.64,31.28,2,0,0,0,MEDIUM
4.71,52.61,125.62,252.61,1.65,-0.097,98.72,22.71,1,0,0,0,MEDIUM
6.64,33.47,104.3,281.78,0.36,0.043,83.43,29.29,2,0,0,0,LOW
42.73,78.02,158.23,193.07,1.8,0.087,79.67,23.64,1,0,0,0,MEDIUM
8.42,41.18,59.08,156.45,0.43,-0.084,86.15,25.52,1,0,0,0,LOW
15.65,31.4,88.9,117.86,1.3,0.195,75.39,26.18,1,0,0,0,LOW
2.66,25.13,80.02,111.74,0.88,0.349,82.3,28.18,5,3,2,1,HIGH
8.38,59.13,151.03,231.63,1.1,0.173,65.81,28.01,1,0,0,0,MEDIUM
13.88,124.21,192.97,261.4,0.05,0.114,70.98,34.5,2,0,0,0,MEDIUM
6.28,44.35,83.25,114.62,1.46,-0.104,84.51,32.06,1,0,0,0,LOW
3.76,11.73,84.03,165.28,1.39,-0.094,92.04,27.08,1,0,0,0,LOW
21.44,91.65,162.94,231.62,0.54,0.05,88.46,28.92,2,0,0,0,MEDIUM
2.36,37.4,72.14,98.25,1.22,0.186,87.53,29.54,2,0,0,0,MEDIUM
8.25,55.64,125.22,303.67,0.59,0.073,63.83,30.8,2,0,0,0,LOW
11.24,109.92,134.04,150.92,1.49,0.184,71.63,29.78,1,0,0,0,MEDIUM
7.23,31.53,185.77,334.22,1.21,0.072,68.35,23.12,2,0,0,0,MEDIUM
3.6,25.56,69.62,140.97,1.67,0.014,75.8,28.22,1,0,0,0,LOW
3.9,49.62,88.06,256.16,1.4,0.017,70.87,29.84,1,0,0,0,MEDIUM
7.04,29.11,212.91,341.34,0.7,-0.044,98.81,23.34,1,0,0,0,MEDIUM
3.29,61.91,98.26,150.57,2.46,0.099,91.75,29.39,5,1,0,1,HIGH
27.06,57.54,162.8,358.1,1.6,0.029,95.51,30.52,1,0,0,0,MEDIUM
13.07,52.62,113.07,332.78,0.53,-0.08,82.86,32.67,1,0,0,0,LOW
19.16,38.04,100.19,173.21,0.96,-0.085,88.6,29.12,2,0,0,0,LOW
5.1,116.57,305.53,359.05,1.12,0.085,76.08,31.52,1,0,0,0,MEDIUM
14.01,54.04,140.56,159.42,0.73,-0.113,60.3,32.45,1,0,0,0,LOW
3.3,27.78,34.33,368.43,0.83,-0.217,74.33,26.09,1,0,0,0,LOW
11.11,51.65,108.96,239.73,1.19,-0.038,86.39,27.51,1,0,0,0,LOW
15.91,73.92,139.14,363.38,0.19,-0.16,86.43,34.59,4,0,0,1,MEDIUM
1.67,49.0,87.48,174.95,1.39,0.13,70.68,29.46,2,0,0,0,MEDIUM
3.98,18.13,23.0,158.41,1.01,0.253,84.15,24.1,1,0,0,0,LOW
11.75,46.07,169.7,241.08,1.0,-0.111,71.76,31.14,1,0,0,0,LOW
1.08,33.74,53.91,208.41,0.91,0.085,82.16,24.36,1,0,0,0,LOW
27.06,63.22,99.7,119.23,1.28,0.008,85.67,26.56,2,0,0,0,MEDIUM
8.25,17.14,108.87,146.72,1.02,0.126,65.33,30.59,1,0,0,0,LOW
5.31,37.81,53.6,179.81,1.44,0.307,85.31,28.02,1,0,0,0,MEDIUM
6.78,17.76,96.32,254.24,1.36,0.012,58.45,30.39,1,0,0,0,LOW
6.52,63.6,114.37,279.0,1.16,0.156,71.38,24.46,1,0,0,0,MEDIUM
8.18,23.24,244.6,306.4,1.1,0.18,64.81,24.87,1,0,0,0,MEDIUM
3.67,27.06,56.59,96.82,1.77,0.245,78.04,28.43,1,0,0,0,MEDIUM
8.94,14.7,140.84,235.37,0.56,0.059,72.49,36.22,2,0,0,0,LOW
17.02,69.07,109.02,230.32,1.57,-0.191,74.98,32.19,1,0,0,0,MEDIUM
10.16,50.22,112.21,162.36,1.49,-0.074,74.93,32.08,2,0,0,0,MEDIUM
3.48,12.68,96.96,147.3,1.21,-0.172,81.33,26.95,3,0,3,0,MEDIUM
16.01,38.95,106.95,243.74,0.87,0.025,84.72,36.56,3,0,0,0,MEDIUM
7.57,24.06,68.6,143.49,1.08,-0.202,67.88,27.8,1,0,0,0,LOW
7.11,28.87,89.87,203.95,1.8,0.088,63.29,33.88,5,3,1,1,HIGH
13.37,62.01,99.18,191.86,0.67,-0.144,87.62,19.32,1,0,0,0,LOW
2.73,13.5,77.0,208.51,1.06,0.169,86.03,26.91,1,0,0,0,LOW
2.19,77.58,186.64,201.78,1.56,0.044,86.29,28.11,1,0,0,0,MEDIUM
10.79,66.61,125.71,165.84,1.72,-0.174,84.3,29.11,1,0,0,0,MEDIUM
3.83,9.07,81.85,132.33,0.79,-0.053,89.2,29.92,3,0,3,0,MEDIUM
7.94,28.85,109.9,177.95,0.92,0.027,73.79,33.09,1,0,0,0,LOW
16.83,54.84,103.98,227.12,0.82,-0.058,89.32,23.88,1,0,0,0,LOW
19.01,38.75,82.63,151.05,1.05,-0.241,79.47,29.97,2,0,0,0,LOW
12.4,58.26,81.21,104.84,0.53,0.054,78.79,28.42,1,0,0,0,LOW
6.65,37.46,144.99,179.63,0.13,0.077,76.31,25.77,1,0,0,0,LOW
5.03,34.14,77.12,161.84,0.69,-0.226,83.42,28.96,3,0,3,0,MEDIUM
11.17,90.05,108.93,212.77,0.57,0.022,74.83,29.48,1,0,0,0,LOW
3.7,17.14,48.64,219.64,1.04,-0.103,88.92,29.87,1,0,0,0,LOW
16.36,60.32,86.68,287.37,0.96,0.005,87.29,32.4,3,0,0,0,MEDIUM
7.35,59.66,234.85,270.17,1.46,0.227,100.0,27.4,1,0,0,0,MEDIUM
9.25,83.36,145.72,282.53,1.87,0.037,91.66,29.39,5,2,1,2,HIGH
13.56,41.04,53.39,115.86,0.39,-0.073,76.17,27.82,1,0,0,0,LOW
2.25,62.12,77.1,90.21,0.74,0.056,74.46,28.7,1,0,0,0,LOW
2.8,16.94,118.49,177.57,0.83,-0.182,67.14,33.32,1,0,0,0,LOW
23.21,59.94,121.7,247.04,0.52,0.229,83.51,32.73,3,0,0,0,MEDIUM
10.79,24.12,118.34,142.59,1.26,0.281,68.47,23.27,1,0,0,0,MEDIUM
2.55,56.04,118.11,235.12,0.95,0.259,100.0,27.84,1,0,0,0,MEDIUM
17.48,28.95,170.82,204.29,1.65,0.236,79.3,28.58,1,0,0,0,MEDIUM
11.11,105.96,268.48,318.3,1.23,0.156,74.35,22.99,1,0,0,0,MEDIUM
2.23,61.12,61.42,155.32,1.31,-0.206,81.47,24.11,3,0,1,0,MEDIUM
42.35,92.72,135.36,248.43,1.26,0.008,83.89,25.73,1,0,0,0,MEDIUM
3.35,31.05,74.13,170.65,0.46,-0.096,79.57,31.67,2,0,0,0,LOW
6.15,28.38,140.64,257.27,0.81,0.124,66.56,26.4,5,3,0,0,HIGH
8.83,28.47,140.69,232.15,1.27,0.108,78.26,29.29,1,0,0,0,LOW
6.8,61.45,107.37,155.17,1.56,-0.359,66.07,30.52,1,0,0,0,LOW
26.31,44.17,97.41,307.89,0.98,0.141,82.35,31.61,2,0,0,0,MEDIUM
2.72,38.69,143.19,337.96,0.93,0.019,89.45,30.57,1,0,0,0,LOW
4.59,17.31,109.16,272.02,1.14,-0.175,57.48,27.58,1,0,0,0,LOW
10.8,61.32,120.66,138.41,0.58,0.139,95.58,29.75,1,0,0,0,LOW
10.95,35.9,231.6,336.54,1.72,-0.006,62.68,31.03,1,0,0,0,MEDIUM
4.56,33.88,101.0,146.46,0.07,0.119,85.54,29.62,4,0,0,1,MEDIUM
2.89,35.04,96.48,235.53,0.13,-0.116,88.45,25.54,1,0,0,0,LOW
9.44,43.49,110.13,200.19,0.75,0.214,77.13,28.7,3,0,2,0,MEDIUM
7.18,58.3,90.52,111.74,1.24,0.085,60.79,33.4,3,0,3,0,MEDIUM
10.59,79.67,96.46,115.29,1.15,-0.033,73.64,34.47,1,0,0,0,LOW
14.14,26.39,119.89,135.72,0.54,0.251,75.27,28.49,1,0,0,0,LOW
3.01,55.04,141.27,207.83,1.12,0.186,94.81,30.65,3,0,3,0,HIGH
13.44,69.82,96.64,164.41,0.32,0.325,90.45,30.81,1,0,0,0,LOW
3.07,43.55,63.88,88.85,1.24,0.006,87.7,29.01,1,0,0,0,LOW
4.4,88.47,135.39,338.86,1.36,0.098,79.97,25.13,1,0,0,0,MEDIUM
17.25,53.98,74.84,137.57,0.26,-0.012,63.29,27.5,1,0,0,0,LOW
7.95,59.43,84.69,125.25,0.73,-0.113,92.31,28.11,3,0,2,0,MEDIUM
4.83,45.49,64.23,74.97,1.45,-0.125,81.92,27.21,1,0,0,0,LOW
13.97,44.44,116.86,270.17,1.48,-0.003,83.91,31.26,2,0,0,0,MEDIUM
10.4,32.63,50.91,124.44,0.57,0.11,70.26,27.18,2,0,0,0,MEDIUM
18.72,93.32,196.83,392.27,1.1,-0.181,69.14,27.23,2,0,0,0,MEDIUM
9.71,37.04,84.62,108.31,1.44,-0.081,69.69,25.72,2,0,0,0,MEDIUM
16.9,85.07,169.27,277.22,1.8,0.007,73.61,28.83,1,0,0,0,MEDIUM
8.47,20.27,81.17,199.79,1.26,0.01,72.04,32.06,1,0,0,0,LOW
9.33,55.49,129.48,321.47,0.88,0.123,88.96,28.88,1,0,0,0,MEDIUM
20.4,33.84,87.06,116.44,1.28,0.106,82.29,29.86,3,0,3,0,HIGH
3.59,49.04,106.54,324.19,1.45,0.008,74.07,25.39,1,0,0,0,MEDIUM
20.31,75.43,115.38,145.76,1.79,-0.086,92.42,25.4,2,0,0,0,MEDIUM
4.99,37.66,243.86,300.2,0.71,0.063,64.16,23.51,1,0,0,0,MEDIUM
0.55,74.16,107.88,151.83,0.84,-0.141,66.93,28.38,3,0,2,0,MEDIUM
12.64,33.56,122.82,260.87,1.43,0.262,63.86,28.47,1,0,0,0,MEDIUM
1.74,25.37,75.92,291.89,0.16,0.072,88.64,27.1,1,0,0,0,LOW
7.09,16.02,46.71,354.53,0.33,-0.191,69.08,31.58,1,0,0,0,LOW
17.11,29.56,47.08,188.57,0.79,0.132,84.23,22.79,3,0,3,0,MEDIUM
5.79,29.22,103.33,237.5,0.14,-0.042,86.85,32.55,1,0,0,0,LOW
10.11,20.11,71.1,273.29,0.79,0.014,95.63,30.71,4,0,0,0,MEDIUM
13.66,53.5,76.04,306.55,0.3,-0.088,91.05,32.51,4,0,1,0,MEDIUM
11.73,74.5,96.46,169.67,0.09,-0.019,73.74,26.11,2,0,0,0,LOW
6.65,25.77,72.75,92.19,1.37,0.218,81.06,27.3,1,0,0,0,LOW
3.33,27.47,245.28,402.43,0.64,0.03,81.11,24.84,3,0,3,0,MEDIUM
15.54,33.83,78.66,117.84,1.48,-0.243,82.05,23.03,3,0,1,0,MEDIUM
3.14,13.35,76.45,95.44,0.78,-0.164,77.43,25.71,3,0,3,0,MEDIUM
3.25,71.79,95.68,138.54,1.25,0.19,82.12,33.08,2,0,0,0,MEDIUM
20.43,31.44,91.55,258.98,1.26,-0.158,83.41,26.43,4,0,3,2,HIGH
6.92,50.12,85.53,163.69,0.7,-0.16,69.81,31.33,1,0,0,0,LOW
10.58,62.96,200.38,247.8,1.41,0.166,93.37,25.18,1,0,0,0,MEDIUM
5.06,15.68,69.6,102.8,0.87,0.146,74.31,30.55,1,0,0,0,LOW
18.57,93.0,95.14,256.42,1.38,0.05,87.54,28.91,3,0,1,0,MEDIUM
7.6,76.34,198.21,285.91,0.44,0.017,67.92,28.41,3,0,2,0,MEDIUM
8.08,9.04,76.64,169.57,0.64,0.238,69.96,25.2,1,0,0,0,LOW
11.37,54.56,131.47,140.13,0.74,0.063,74.84,25.47,1,0,0,0,LOW
8.3,88.31,126.65,428.76,0.79,0.108,82.74,29.6,2,0,0,0,MEDIUM
3.9,91.85,215.04,416.32,1.42,0.241,67.41,29.21,2,0,0,0,HIGH
6.74,43.15,186.46,343.5,0.61,0.045,83.83,25.84,2,0,0,0,MEDIUM
5.22,44.99,68.1,174.7,1.69,0.058,83.32,31.75,1,0,0,0,LOW
3.19,17.48,99.34,208.05,1.22,-0.258,60.27,28.83,2,0,0,0,LOW
40.77,75.91,91.98,422.74,0.68,0.107,74.2,30.57,4,0,0,2,HIGH
12.02,30.05,177.39,289.33,1.45,-0.01,69.21,28.7,1,0,0,0,MEDIUM
2.41,50.25,133.12,189.56,1.31,0.004,64.67,28.1,1,0,0,0,LOW
48.46,108.45,143.91,213.88,0.68,-0.035,83.51,30.22,4,0,0,0,HIGH
0.73,56.81,72.44,317.69,1.29,-0.201,71.42,32.51,2,0,0,0,LOW
7.11,24.1,47.35,89.57,0.71,-0.257,74.08,25.92,1,0,0,0,LOW
8.64,27.04,38.84,61.15,1.24,0.079,67.18,28.75,1,0,0,0,LOW
2.87,43.67,72.09,139.04,1.58,0.058,75.73,27.54,1,0,0,0,LOW
9.84,61.12,196.15,314.31,1.17,0.08,65.11,30.29,3,0,0,0,MEDIUM
3.04,33.89,121.5,163.66,0.23,0.158,68.51,28.19,3,0,1,0,MEDIUM
19.12,45.68,97.86,135.62,0.65,0.212,97.14,32.75,2,0,0,0,MEDIUM
5.98,28.52,78.52,170.41,1.04,-0.089,90.82,32.42,2,0,0,0,LOW
14.65,32.82,171.16,266.25,1.42,-0.195,73.71,24.57,1,0,0,0,MEDIUM
16.16,24.28,118.65,694.46,0.57,0.067,59.49,30.26,5,2,0,1,HIGH
6.68,60.63,79.06,235.12,1.59,-0.069,66.05,28.53,1,0,0,0,LOW
7.66,37.99,188.99,282.77,0.96,0.176,65.22,29.74,2,0,0,0,MEDIUM
6.57,18.22,159.45,220.05,0.59,0.005,85.53,29.57,3,0,3,0,MEDIUM
7.86,55.26,72.36,230.27,0.78,-0.083,84.86,26.82,1,0,0,0,LOW
7.54,96.5,128.54,401.82,1.37,0.044,85.33,29.18,1,0,0,0,MEDIUM
17.55,69.92,137.68,318.73,0.69,0.031,85.25,22.76,1,0,0,0,MEDIUM
0.95,61.64,67.99,123.1,1.1,-0.058,100.0,31.75,5,3,1,1,HIGH
8.45,45.21,108.64,141.66,1.43,0.029,53.86,32.24,1,0,0,0,LOW
2.79,29.57,79.78,329.92,1.13,0.039,58.79,32.27,1,0,0,0,LOW
17.36,25.15,77.08,133.64,0.35,0.549,100.0,28.8,1,0,0,0,MEDIUM
5.82,52.26,182.65,359.3,1.11,0.115,73.75,27.33,1,0,0,0,MEDIUM
5.82,12.43,107.5,303.69,1.16,-0.235,88.56,26.54,5,2,3,0,HIGH
17.24,27.3,144.35,221.29,1.16,0.052,73.05,26.67,3,0,3,0,HIGH
2.65,74.65,275.79,443.56,1.56,0.036,62.73,37.8,1,0,0,0,MEDIUM
6.45,42.89,231.26,348.6,0.96,0.049,83.01,28.62,3,0,3,0,HIGH
2.46,35.88,90.03,218.76,0.74,-0.203,62.09,30.34,1,0,0,0,LOW
2.26,40.37,46.31,196.96,0.56,-0.006,75.37,27.57,4,0,2,1,MEDIUM
4.18,42.21,141.22,288.93,0.64,0.196,91.27,29.88,1,0,0,0,LOW
9.0,52.5,160.49,390.8,1.34,-0.074,81.51,31.66,2,0,0,0,MEDIUM
1.97,17.04,126.18,254.6,1.18,-0.04,70.28,31.77,2,0,0,0,MEDIUM
18.04,34.57,93.35,250.01,1.76,0.031,82.41,36.21,1,0,0,0,MEDIUM
4.42,16.64,128.05,268.09,0.43,0.274,100.0,29.64,1,0,0,0,LOW
13.79,39.34,55.84,220.61,1.14,-0.082,73.46,30.66,4,0,0,1,MEDIUM
3.7,23.74,262.15,350.5,0.98,0.059,78.8,25.01,1,0,0,0,LOW
1.76,19.2,78.31,459.03,0.79,0.028,70.43,25.43,2,0,0,0,LOW
3.05,76.85,135.28,158.33,0.42,0.096,70.52,28.06,1,0,0,0,LOW
3.04,15.77,82.24,135.96,1.32,-0.029,90.45,35.96,1,0,0,0,LOW
10.59,43.08,97.4,188.89,0.47,0.044,81.35,34.01,2,0,0,0,LOW
13.66,18.55,104.45,298.17,0.83,-0.079,78.52,30.61,5,1,2,1,HIGH
5.64,33.12,236.28,246.49,0.18,-0.079,72.6,26.78,3,0,0,0,MEDIUM
1.75,74.17,117.33,180.85,0.38,-0.099,78.94,26.15,3,0,3,0,MEDIUM
4.15,83.92,224.08,243.47,1.04,0.162,73.29,30.84,3,0,2,0,HIGH
4.87,16.28,104.91,133.81,1.27,-0.135,81.95,28.41,4,0,1,2,HIGH
7.71,39.23,66.14,102.55,1.46,0.016,89.79,29.33,3,0,2,0,MEDIUM
4.09,58.3,185.76,250.26,1.4,0.187,91.73,29.21,1,0,0,0,MEDIUM
8.4,56.11,103.46,366.49,0.44,0.032,85.33,35.33,1,0,0,0,LOW
3.59,52.13,79.71,118.72,1.34,-0.274,76.92,29.57,1,0,0,0,LOW
7.99,60.07,78.85,195.42,0.66,0.195,77.66,30.41,1,0,0,0,LOW
13.51,34.72,144.44,231.33,1.49,0.23,79.56,28.6,1,0,0,0,MEDIUM
1.68,29.74,36.19,197.22,1.55,-0.138,90.66,32.85,1,0,0,0,LOW
16.21,45.16,55.31,198.7,0.63,0.056,88.47,26.23,1,0,0,0,LOW
12.45,46.99,71.26,204.69,1.26,0.143,59.72,31.66,1,0,0,0,LOW
10.05,30.53,64.58,269.72,1.45,0.318,68.79,25.92,2,0,0,0,MEDIUM
11.26,69.82,243.84,531.7,0.83,-0.205,74.55,26.45,1,0,0,0,MEDIUM
2.83,96.68,126.73,244.66,0.82,-0.04,82.47,25.52,1,0,0,0,LOW
14.72,69.41,187.44,377.47,1.25,0.019,56.33,27.62,1,0,0,0,MEDIUM
9.65,31.73,51.86,162.75,1.36,0.064,73.41,29.35,2,0,0,0,LOW
30.33,52.13,89.71,247.56,1.41,-0.032,81.91,30.54,4,0,0,2,HIGH
10.1,63.98,124.66,316.04,0.21,0.073,100.0,27.86,2,0,0,0,MEDIUM
4.54,22.94,117.07,154.61,0.43,0.015,83.18,29.21,1,0,0,0,LOW
4.79,90.71,115.3,172.64,1.24,0.061,75.93,28.1,1,0,0,0,LOW
17.25,120.61,144.05,189.29,1.92,0.1,75.43,35.01,1,0,0,0,MEDIUM
11.57,107.94,180.44,495.9,0.54,-0.083,85.54,28.25,1,0,0,0,MEDIUM
4.55,92.3,144.49,184.8,1.61,-0.014,85.5,27.84,1,0,0,0,MEDIUM
9.21,24.39,60.8,88.66,0.26,0.15,61.37,28.45,1,0,0,0,LOW
9.14,36.69,145.41,283.46,0.24,0.139,67.25,27.9,2,0,0,0,MEDIUM
4.15,46.37,278.96,395.2,1.07,0.128,90.55,26.76,2,0,0,0,MEDIUM
6.68,126.94,196.86,252.77,1.54,-0.033,68.12,32.14,1,0,0,0,MEDIUM
4.95,60.43,139.33,289.74,0.91,0.019,82.09,36.52,1,0,0,0,LOW
3.39,55.54,331.04,409.25,1.41,0.014,70.8,30.35,5,3,2,1,HIGH
5.02,14.29,133.46,241.8,0.17,0.176,79.19,29.23,1,0,0,0,LOW
4.15,13.38,56.01,267.12,0.99,0.137,100.0,27.44,1,0,0,0,LOW
4.88,37.31,70.26,217.7,1.13,-0.163,72.08,32.6,4,0,0,2,HIGH
0.62,59.96,86.53,275.8,1.15,0.016,48.42,30.34,1,0,0,0,LOW
18.85,47.71,189.88,205.64,1.74,-0.035,59.03,30.05,1,0,0,0,MEDIUM
0.68,36.49,72.33,124.15,1.38,0.08,83.05,23.57,1,0,0,0,LOW
9.75,14.05,80.39,138.54,1.29,0.039,79.78,26.78,1,0,0,0,LOW
5.13,77.79,114.95,154.85,1.57,0.178,95.99,31.89,4,0,1,2,HIGH
3.51,58.01,182.77,351.23,0.83,0.038,92.34,32.78,5,1,3,0,HIGH
3.24,86.25,94.59,169.35,0.21,0.214,76.97,34.25,2,0,0,0,LOW
3.28,28.85,71.29,137.15,0.55,0.009,70.32,25.24,1,0,0,0,LOW
3.13,6.58,59.8,189.93,0.89,-0.005,74.47,30.11,2,0,0,0,LOW
6.3,30.18,147.17,343.44,0.05,0.054,85.76,27.2,1,0,0,0,LOW
8.98,47.9,105.95,146.8,1.69,-0.255,78.28,25.6,4,0,2,1,HIGH
6.05,52.45,157.56,302.74,1.09,0.019,65.84,24.87,1,0,0,0,LOW
2.76,15.0,169.88,189.52,0.87,0.186,69.17,27.1,4,0,3,0,HIGH
4.75,24.2,41.34,208.01,0.36,0.221,66.34,28.02,2,0,0,0,LOW
26.03,37.78,149.43,191.57,0.71,-0.061,73.76,22.56,1,0,0,0,LOW
3.19,11.11,124.87,448.01,0.63,0.165,61.62,28.06,1,0,0,0,LOW
25.73,32.65,54.77,151.21,1.15,0.314,75.62,27.14,1,0,0,0,MEDIUM
17.0,77.44,88.05,150.79,0.05,0.077,76.98,25.02,1,0,0,0,LOW
12.11,46.1,59.31,64.89,0.35,0.028,72.8,31.0,1,0,0,0,LOW
21.76,250.0,322.56,483.83,1.27,-0.042,71.03,29.55,1,0,0,0,HIGH
3.3,7.12,20.59,42.89,1.53,0.101,73.18,30.58,1,0,0,0,LOW
7.61,45.21,128.36,426.2,0.77,-0.23,78.62,30.61,1,0,0,0,LOW
8.17,17.28,54.49,69.27,1.62,0.159,96.3,24.52,1,0,0,0,MEDIUM
6.62,139.82,271.06,467.44,0.89,0.284,69.32,24.37,1,0,0,0,MEDIUM
3.0,15.01,144.75,463.62,0.78,0.081,90.76,22.24,2,0,0,0,MEDIUM
12.99,67.14,191.38,241.55,0.83,0.106,70.89,31.04,1,0,0,0,LOW
11.74,49.5,69.09,101.67,1.16,-0.201,79.93,31.52,4,0,3,1,HIGH
4.5,39.92,96.17,428.77,1.06,0.11,75.13,31.61,1,0,0,0,LOW
1.92,44.46,62.71,223.29,1.64,-0.121,48.69,28.69,3,0,3,0,MEDIUM
1.82,25.92,42.24,117.16,0.84,0.122,64.83,30.2,1,0,0,0,LOW
3.89,78.27,176.13,339.12,0.81,0.196,94.41,28.85,3,0,1,0,HIGH
5.03,92.71,176.93,302.28,0.77,0.121,70.61,30.74,2,0,0,0,MEDIUM
11.57,50.54,285.54,402.35,1.07,0.31,74.2,33.07,2,0,0,0,MEDIUM
5.12,16.18,68.24,251.67,1.03,0.034,74.87,27.9,1,0,0,0,LOW
2.94,31.75,114.79,343.42,0.17,0.063,70.21,29.27,1,0,0,0,LOW
2.85,44.55,53.61,163.97,0.4,0.002,79.61,24.81,2,0,0,0,LOW
4.52,48.7,102.6,138.0,0.94,-0.245,73.7,32.73,2,0,0,0,LOW
2.8,51.6,109.41,201.56,0.88,0.105,75.48,31.53,1,0,0,0,LOW
2.16,59.06,101.12,136.46,0.35,-0.08,76.12,27.52,1,0,0,0,LOW
4.59,15.55,24.4,150.82,0.99,0.016,78.71,32.05,1,0,0,0,LOW
4.62,59.32,104.47,124.77,0.72,0.171,80.28,26.06,5,2,2,1,HIGH
1.54,36.13,59.05,394.43,1.57,0.129,82.47,30.49,3,0,0,0,MEDIUM
15.62,90.96,97.24,161.37,1.88,-0.195,79.22,28.19,2,0,0,0,MEDIUM
9.84,54.0,98.6,179.11,0.45,0.408,81.03,26.02,3,0,3,0,HIGH
17.35,40.59,186.73,323.75,1.4,0.045,86.38,25.53,1,0,0,0,MEDIUM
4.4,85.15,166.87,400.47,0.19,0.243,69.92,22.98,1,0,0,0,LOW
16.53,53.89,103.28,336.95,1.55,-0.102,100.0,36.0,4,0,0,0,HIGH
6.39,35.37,52.8,127.74,0.89,0.076,66.61,27.68,1,0,0,0,LOW
10.69,39.33,115.76,208.29,0.41,0.11,78.93,31.23,3,0,2,0,MEDIUM
1.56,6.87,49.58,115.99,1.27,0.421,88.79,24.03,1,0,0,0,MEDIUM
4.36,61.81,96.19,144.16,1.09,0.061,84.52,27.28,1,0,0,0,LOW
8.81,33.15,125.1,235.91,1.45,-0.239,93.16,24.64,2,0,0,0,MEDIUM
8.13,48.76,152.66,241.84,1.12,-0.043,79.22,22.88,1,0,0,0,LOW
10.48,40.26,270.32,469.59,0.68,0.099,85.67,31.58,1,0,0,0,MEDIUM
23.19,68.68,90.55,121.31,1.16,0.01,63.64,30.17,1,0,0,0,LOW
11.24,93.72,132.98,240.53,1.19,-0.093,68.54,26.86,1,0,0,0,LOW
8.76,41.86,226.72,268.29,1.45,-0.119,56.44,27.01,1,0,0,0,LOW
12.94,30.87,81.33,139.15,0.76,0.12,80.54,29.21,3,0,1,0,MEDIUM
13.1,77.59,106.38,169.34,1.48,-0.039,80.77,24.15,3,0,0,0,MEDIUM
4.03,67.4,71.81,138.46,0.9,-0.069,68.45,25.09,4,0,0,0,MEDIUM
12.62,23.94,58.2,231.3,1.65,-0.044,68.48,26.3,1,0,0,0,LOW
2.6,16.35,40.68,80.8,1.33,-0.215,83.79,32.73,1,0,0,0,LOW
0.35,93.05,154.0,183.2,0.56,-0.062,85.55,26.32,1,0,0,0,LOW
11.53,38.41,127.58,286.22,0.96,0.017,77.15,35.67,1,0,0,0,LOW
9.33,27.57,128.02,238.54,1.09,0.017,98.93,28.0,1,0,0,0,LOW
3.67,37.69,156.9,390.55,1.78,-0.12,77.27,26.34,3,0,0,0,MEDIUM
12.18,34.68,59.65,177.57,0.32,0.076,77.4,27.9,1,0,0,0,LOW
4.27,16.19,56.1,69.79,0.64,0.18,71.98,20.69,1,0,0,0,LOW
16.97,81.44,119.85,177.13,1.2,0.323,78.02,25.87,1,0,0,0,MEDIUM
8.02,57.88,115.25,237.01,1.11,0.14,83.72,35.06,4,0,1,0,MEDIUM
4.58,25.6,49.24,100.88,0.67,-0.082,79.27,22.14,1,0,0,0,LOW
7.16,53.62,121.45,249.21,1.17,-0.293,76.72,29.77,4,0,2,2,HIGH
23.01,47.91,215.54,396.61,0.74,-0.017,93.74,27.34,2,0,0,0,MEDIUM
2.29,54.95,149.9,364.11,0.98,-0.076,60.69,26.92,1,0,0,0,LOW
9.84,29.0,177.27,309.56,0.6,-0.091,91.51,30.48,3,0,1,0,MEDIUM
1.96,35.44,133.18,170.4,1.22,-0.039,83.68,24.02,4,0,0,1,HIGH
9.07,42.81,66.26,134.55,0.9,0.156,95.39,30.41,4,0,3,1,HIGH
14.82,47.52,79.11,204.44,1.56,-0.002,79.24,28.9,1,0,0,0,MEDIUM
7.81,37.89,97.56,290.77,1.06,0.016,64.76,32.34,5,1,2,2,HIGH
10.51,49.26,103.18,241.18,1.04,0.062,85.69,30.82,4,0,3,2,HIGH
1.94,49.83,131.09,181.77,1.37,0.017,94.2,26.1,1,0,0,0,LOW
2.8,36.24,127.62,174.98,1.24,-0.071,70.05,27.49,2,0,0,0,MEDIUM
10.04,59.55,146.02,166.67,0.92,0.101,74.36,29.39,1,0,0,0,LOW
14.66,98.8,179.4,196.25,1.18,0.1,74.56,25.7,1,0,0,0,MEDIUM
14.75,69.22,119.72,309.8,1.21,0.043,70.94,25.41,3,0,0,0,MEDIUM
2.35,33.44,202.58,292.82,1.12,-0.075,77.66,26.07,4,0,0,0,HIGH
13.24,57.7,132.88,272.94,0.81,0.046,88.31,23.71,1,0,0,0,MEDIUM
2.72,5.74,96.12,276.34,1.15,-0.066,66.35,27.45,2,0,0,0,LOW
16.32,67.73,109.78,130.46,0.05,-0.084,80.58,27.19,1,0,0,0,LOW
7.32,47.91,104.45,188.66,1.21,0.077,87.57,36.65,3,0,0,0,MEDIUM
4.47,13.06,22.84,146.75,0.96,-0.164,61.06,28.48,1,0,0,0,LOW
6.27,37.31,69.17,226.85,1.09,-0.053,76.71,35.22,1,0,0,0,LOW
18.56,64.78,207.98,319.6,0.82,0.093,62.01,29.09,1,0,0,0,MEDIUM
6.86,19.96,115.09,244.58,0.61,-0.005,55.69,32.82,3,0,0,0,LOW
11.68,98.59,126.46,148.74,0.75,0.197,79.37,30.49,1,0,0,0,MEDIUM
5.78,51.92,75.66,84.98,2.11,0.166,52.72,28.28,1,0,0,0,MEDIUM
7.89,56.49,108.36,187.99,1.16,0.142,89.21,30.01,4,0,0,2,HIGH
5.32,46.37,58.66,83.81,0.9,0.094,77.63,26.09,1,0,0,0,LOW
1.71,73.98,114.13,238.03,1.25,-0.037,89.9,32.36,2,0,0,0,MEDIUM
6.37,19.24,153.8,199.6,0.78,0.13,68.96,25.8,1,0,0,0,LOW
2.34,70.23,111.26,145.19,1.62,0.113,87.0,25.46,1,0,0,0,MEDIUM
7.42,31.2,68.16,226.88,1.69,0.121,69.74,26.72,1,0,0,0,LOW
2.14,29.3,122.53,179.83,0.19,0.082,92.93,30.24,1,0,0,0,LOW
33.26,60.49,84.05,192.87,1.92,-0.031,84.47,32.64,1,0,0,0,MEDIUM
3.71,91.1,124.75,165.02,1.23,0.304,83.48,29.82,1,0,0,0,MEDIUM
9.72,99.84,144.53,215.43,0.4,0.149,65.41,26.44,4,0,2,0,HIGH
3.98,25.52,76.48,263.93,1.37,0.276,77.07,28.72,1,0,0,0,MEDIUM
3.66,49.46,117.53,194.03,0.68,-0.025,85.07,30.47,1,0,0,0,LOW
11.6,57.57,143.22,225.21,1.3,0.067,69.09,34.54,1,0,0,0,MEDIUM
24.69,70.71,97.9,171.74,1.51,-0.039,76.49,30.92,2,0,0,0,MEDIUM
6.85,34.89,90.27,219.62,0.66,0.082,59.25,33.57,2,0,0,0,LOW
7.04,48.56,96.26,230.58,0.42,0.062,67.19,27.45,4,0,1,0,MEDIUM
14.4,36.66,206.07,270.18,1.55,-0.091,69.21,28.47,1,0,0,0,MEDIUM
6.44,32.62,78.39,175.71,0.9,0.222,75.6,26.27,1,0,0,0,LOW
9.14,51.51,208.53,302.31,1.22,-0.03,73.04,36.76,3,0,1,0,MEDIUM
16.61,56.41,210.02,251.4,0.52,0.063,62.46,29.54,2,0,0,0,MEDIUM
6.27,43.37,109.77,169.97,1.12,-0.294,94.46,30.79,1,0,0,0,LOW
2.2,25.36,80.79,450.74,0.05,0.041,86.28,33.18,2,0,0,0,LOW
13.14,38.56,301.48,716.65,0.8,0.218,87.64,31.62,1,0,0,0,MEDIUM
2.29,32.37,37.14,65.32,1.2,0.1,67.64,32.05,2,0,0,0,LOW
39.42,64.25,101.55,143.85,0.97,0.1,83.95,29.55,1,0,0,0,LOW
5.95,37.69,144.45,160.07,0.78,0.005,88.47,26.67,1,0,0,0,LOW
8.63,19.47,96.86,115.78,1.32,0.303,68.49,24.4,1,0,0,0,MEDIUM
1.87,16.36,41.92,132.05,1.38,-0.039,79.97,30.06,2,0,0,0,LOW
17.59,88.76,118.45,166.35,0.39,-0.11,76.14,27.16,1,0,0,0,LOW
8.14,16.16,41.1,295.26,0.67,-0.144,85.02,27.38,2,0,0,0,LOW
9.6,36.75,279.71,353.23,0.96,-0.058,71.85,30.85,1,0,0,0,MEDIUM
15.54,25.98,55.46,150.55,0.43,-0.039,83.56,34.27,2,0,0,0,LOW
2.18,53.48,102.04,149.61,0.65,0.46,47.58,25.77,1,0,0,0,LOW
9.26,43.12,95.96,372.03,0.86,0.063,78.84,27.06,1,0,0,0,LOW
11.28,19.44,70.99,319.85,0.81,0.289,81.97,26.87,5,3,2,0,HIGH
8.53,54.5,190.61,269.69,1.22,0.209,73.19,31.5,3,0,0,0,MEDIUM
8.61,63.89,128.28,204.92,0.89,-0.158,77.86,26.47,3,0,3,0,MEDIUM
6.62,43.1,177.61,434.81,0.3,-0.112,82.61,30.93,1,0,0,0,LOW
5.58,158.96,220.2,306.11,0.61,0.183,84.7,31.73,1,0,0,0,MEDIUM
2.57,65.81,102.44,223.27,0.13,0.047,84.63,26.32,1,0,0,0,LOW
17.72,49.3,105.57,224.22,0.93,-0.007,73.65,22.71,5,2,0,0,HIGH
22.96,45.98,72.74,152.71,0.58,-0.138,66.58,25.1,2,0,0,0,LOW
7.6,23.96,269.06,361.06,1.0,-0.074,71.43,27.96,5,2,3,2,HIGH
25.1,53.76,103.37,235.44,1.07,0.442,88.85,37.05,1,0,0,0,MEDIUM
9.44,61.04,125.46,206.77,1.43,-0.328,74.47,24.53,1,0,0,0,LOW
0.28,18.33,40.3,55.08,0.26,0.054,52.19,24.88,1,0,0,0,LOW
3.51,61.25,115.83,367.61,0.54,0.07,80.7,31.22,2,0,0,0,MEDIUM
22.34,46.34,59.75,182.89,0.62,0.225,69.53,27.46,2,0,0,0,MEDIUM
5.16,28.96,86.47,130.75,1.22,-0.19,79.52,27.65,2,0,0,0,LOW
4.6,8.36,195.29,316.27,1.71,-0.139,72.88,23.68,1,0,0,0,MEDIUM
3.02,27.33,123.24,165.98,1.02,-0.072,83.21,29.86,1,0,0,0,LOW
4.42,17.46,209.01,301.23,1.08,0.194,84.18,35.38,1,0,0,0,MEDIUM
11.3,28.89,165.58,301.36,1.51,-0.044,57.55,30.48,1,0,0,0,LOW
17.04,69.54,77.17,249.93,0.61,0.093,70.53,32.82,3,0,0,0,MEDIUM
22.64,97.29,140.15,211.21,0.05,0.174,85.75,26.27,1,0,0,0,LOW
5.58,99.74,153.75,263.57,1.0,0.05,62.7,23.73,2,0,0,0,MEDIUM
4.93,23.84,106.15,162.68,0.87,0.169,68.8,25.0,1,0,0,0,LOW
10.81,70.61,82.19,239.34,0.38,-0.143,80.11,35.47,1,0,0,0,LOW
3.24,41.97,71.56,198.81,0.54,0.053,60.42,27.91,2,0,0,0,LOW
13.11,60.52,103.48,186.61,0.5,0.031,81.51,36.14,1,0,0,0,LOW
3.88,17.73,80.72,211.28,0.64,0.202,71.13,30.06,1,0,0,0,LOW
8.29,53.42,165.36,259.7,1.03,0.326,82.41,24.8,4,0,1,0,HIGH
14.86,53.42,93.48,222.84,0.99,-0.034,86.0,29.27,1,0,0,0,LOW
16.8,63.04,88.12,346.63,1.92,-0.05,94.87,26.62,2,0,0,0,MEDIUM
13.99,53.27,301.61,509.89,1.09,-0.12,67.56,32.71,1,0,0,0,MEDIUM
4.46,58.82,75.43,197.08,0.58,0.304,80.2,35.29,1,0,0,0,LOW
21.41,47.97,132.79,313.49,0.65,0.243,96.07,29.25,1,0,0,0,MEDIUM
6.9,76.78,134.71,297.32,1.25,-0.072,87.74,22.04,1,0,0,0,LOW
10.44,27.75,169.48,201.24,0.59,0.059,96.12,30.78,2,0,0,0,LOW
2.01,56.11,123.53,204.58,1.0,0.173,69.73,35.21,1,0,0,0,LOW
2.46,19.09,85.52,120.47,0.43,0.021,64.65,30.57,1,0,0,0,LOW
29.69,94.23,119.31,216.57,1.07,0.098,65.13,25.34,1,0,0,0,MEDIUM
5.27,84.68,136.64,164.9,0.99,-0.013,77.37,22.16,5,2,1,2,HIGH
16.18,44.72,102.39,145.3,0.05,0.106,70.0,28.87,4,0,1,0,MEDIUM
6.13,24.05,155.41,220.35,1.41,0.032,83.25,20.1,3,0,1,0,MEDIUM
7.66,26.22,89.94,133.91,1.09,-0.064,68.01,29.79,1,0,0,0,LOW
9.65,86.65,113.98,338.29,0.64,0.281,71.74,28.72,1,0,0,0,MEDIUM
9.58,118.23,189.19,275.07,1.99,0.03,67.9,23.69,4,0,1,2,HIGH
4.82,53.89,112.85,310.85,1.0,0.093,73.42,32.44,3,0,2,0,MEDIUM
3.55,45.99,197.38,343.68,0.43,0.187,59.51,27.05,2,0,0,0,MEDIUM
4.21,38.03,72.78,118.75,1.01,0.132,74.36,27.04,2,0,0,0,MEDIUM
11.24,54.89,155.02,380.02,0.95,0.051,83.86,29.9,2,0,0,0,MEDIUM
9.5,59.13,143.0,378.2,1.76,-0.05,84.68,23.41,1,0,0,0,MEDIUM
7.35,56.93,72.33,178.38,1.1,-0.028,79.93,23.45,1,0,0,0,LOW
8.24,36.76,131.37,325.3,2.11,0.237,73.2,19.39,1,0,0,0,MEDIUM
6.49,79.55,206.34,285.74,0.93,0.174,58.58,29.91,3,0,3,0,HIGH
18.24,73.17,130.44,197.86,1.08,-0.169,61.7,32.49,1,0,0,0,LOW
10.28,53.28,173.22,220.58,0.72,0.033,71.41,28.45,2,0,0,0,MEDIUM
9.67,63.58,139.04,303.86,0.31,-0.047,78.79,31.15,2,0,0,0,LOW
10.52,102.48,120.64,228.57,1.35,0.278,68.17,32.89,1,0,0,0,MEDIUM
7.52,64.04,174.78,297.14,1.21,-0.153,91.43,25.77,1,0,0,0,LOW
6.69,88.08,140.92,234.32,1.4,0.051,79.16,30.41,1,0,0,0,LOW
14.46,19.92,77.51,733.23,1.25,-0.112,86.21,26.75,1,0,0,0,LOW
4.3,54.65,121.76,134.81,0.65,0.043,80.68,26.6,1,0,0,0,LOW
9.32,25.61,42.51,245.26,0.77,0.086,77.26,25.98,5,3,2,0,HIGH
1.84,141.37,250.71,327.46,0.97,0.148,76.66,27.63,2,0,0,0,MEDIUM
3.05,6.25,77.93,146.6,0.71,-0.127,68.67,31.4,2,0,0,0,LOW
15.47,42.94,157.84,223.96,1.29,0.194,86.61,27.76,1,0,0,0,MEDIUM
1.04,22.94,133.67,512.04,1.28,-0.163,88.44,29.38,1,0,0,0,LOW
8.71,13.88,88.6,140.63,0.76,-0.187,79.44,29.41,1,0,0,0,LOW
12.88,148.69,198.8,304.92,1.34,-0.093,68.58,35.79,3,0,1,0,HIGH
5.67,19.72,182.71,342.01,0.66,-0.156,99.56,22.23,2,0,0,0,MEDIUM
8.01,18.09,92.07,142.02,1.77,-0.105,94.29,30.79,1,0,0,0,LOW
5.43,25.16,89.26,137.15,0.95,0.066,82.97,31.71,5,3,3,1,HIGH
16.31,56.24,86.68,129.34,1.74,-0.039,88.44,27.67,4,0,2,1,HIGH
4.57,93.05,105.91,130.65,1.29,0.325,75.06,26.47,1,0,0,0,MEDIUM
11.17,64.84,112.84,196.64,1.87,0.056,89.03,31.49,1,0,0,0,MEDIUM
11.52,128.03,213.86,531.78,0.4,0.071,78.59,30.89,3,0,2,0,HIGH
9.07,67.57,160.38,384.92,1.54,0.164,94.34,31.12,2,0,0,0,MEDIUM
1.22,38.45,81.83,332.9,0.56,0.147,61.94,29.3,1,0,0,0,LOW
12.26,26.23,62.56,122.89,0.39,-0.096,76.67,27.55,1,0,0,0,LOW
10.45,30.41,85.06,241.11,1.31,0.244,85.86,28.66,1,0,0,0,MEDIUM
8.11,40.77,89.1,186.57,0.63,0.068,82.84,39.67,2,0,0,0,LOW
4.48,57.8,109.86,324.76,1.05,0.184,65.87,33.22,1,0,0,0,LOW
9.76,59.38,81.9,190.42,1.25,-0.027,65.18,29.02,4,0,2,1,HIGH
13.3,41.79,90.52,172.38,1.29,-0.103,93.68,29.91,3,0,0,0,MEDIUM
3.5,24.11,73.51,468.44,0.48,0.091,71.04,26.34,1,0,0,0,LOW
10.35,44.91,224.49,539.04,0.89,0.119,87.99,27.17,1,0,0,0,MEDIUM
21.96,75.37,176.14,254.88,0.76,-0.001,85.69,28.13,5,2,2,0,HIGH
7.97,70.35,288.39,348.24,1.72,-0.058,65.55,30.74,1,0,0,0,MEDIUM
20.45,48.35,109.74,201.22,0.85,0.17,74.21,28.81,1,0,0,0,LOW
6.82,29.61,65.44,86.33,1.07,-0.011,84.16,29.62,1,0,0,0,LOW
17.11,49.34,59.02,106.94,0.67,-0.193,84.02,27.06,4,0,2,1,MEDIUM
6.32,35.68,163.2,321.63,0.56,0.005,79.73,29.05,2,0,0,0,MEDIUM
16.13,85.37,152.96,218.31,2.13,-0.053,72.33,28.19,1,0,0,0,MEDIUM
11.04,66.56,178.14,336.31,1.33,-0.068,83.22,30.09,1,0,0,0,LOW
19.26,46.18,210.54,227.8,0.05,-0.156,71.53,28.76,1,0,0,0,LOW
1.76,75.16,173.06,211.24,0.81,0.27,75.76,27.94,4,0,1,1,HIGH
4.07,53.26,75.04,273.34,1.73,-0.089,89.47,27.39,3,0,3,0,HIGH
2.1,97.57,130.75,229.88,0.88,-0.01,73.53,26.84,1,0,0,0,LOW
5.18,136.95,176.08,183.75,1.36,-0.036,90.32,29.08,4,0,1,0,HIGH
8.53,24.42,64.49,275.94,0.9,0.05,71.02,28.36,5,2,0,0,HIGH
4.7,18.58,38.71,219.64,0.97,-0.112,74.58,24.17,4,0,3,1,HIGH
6.03,38.02,116.9,298.92,1.09,0.084,69.73,24.96,5,3,1,2,HIGH
1.19,13.79,34.73,100.92,1.04,0.111,84.13,31.27,1,0,0,0,LOW
18.24,37.58,170.96,309.63,0.63,0.007,79.63,28.03,2,0,0,0,MEDIUM
8.89,26.84,70.27,404.0,0.88,0.07,75.36,29.66,1,0,0,0,LOW
3.62,53.45,80.91,151.53,0.87,0.202,77.48,23.79,1,0,0,0,LOW
9.69,68.53,140.79,245.26,1.13,-0.071,72.75,27.62,2,0,0,0,MEDIUM
19.71,40.94,194.97,258.64,1.41,-0.06,77.6,25.86,1,0,0,0,MEDIUM
3.99,30.67,55.39,248.46,0.9,0.013,65.74,29.9,4,0,2,1,HIGH
2.25,25.79,33.95,58.48,0.05,0.15,74.98,29.55,1,0,0,0,LOW
7.07,22.12,51.79,76.13,0.82,-0.026,81.9,30.97,1,0,0,0,LOW
10.62,134.74,354.18,370.99,0.05,-0.097,68.6,22.03,1,0,0,0,MEDIUM
5.54,81.26,147.37,392.84,0.91,0.042,76.3,24.67,3,0,3,0,HIGH
3.48,93.98,141.2,221.49,0.73,0.031,48.88,26.46,1,0,0,0,LOW
7.75,96.7,128.69,188.81,0.82,0.082,70.98,28.87,2,0,0,0,MEDIUM
4.56,47.62,135.4,152.83,0.55,-0.021,80.35,25.53,3,0,3,0,MEDIUM
2.82,33.95,83.26,169.23,0.82,-0.085,66.88,26.79,3,0,3,0,MEDIUM
1.51,44.16,93.88,136.54,0.41,0.167,82.24,32.45,4,0,3,1,HIGH
3.24,10.64,102.18,200.62,0.73,-0.061,72.14,29.69,1,0,0,0,LOW
3.79,17.07,173.23,373.26,0.63,0.353,73.23,30.7,2,0,0,0,MEDIUM
21.32,99.81,164.2,376.84,1.76,0.095,95.04,32.71,1,0,0,0,MEDIUM
0.64,12.85,40.93,100.13,0.51,-0.203,61.3,27.38,1,0,0,0,LOW
